dataset,npz_file,canonical_smiles,smiles,mapped_smiles,n_atoms,failure_type,problem_atom_indices,error
gen2,536.npz,CN(C)P(=NC(=S)c1cccn1C)(N(C)C)N(C)C,[H][C]1=[C]([H])[N]([C]([H])([H])[H])[C]([C](=[S])[N]=[P]([N]([C]([H])([H])[H])[C]([H])([H])[H])([N]([C]([H])([H])[H])[C]([H])([H])[H])[N]([C]([H])([H])[H])[C]([H])([H])[H])=[C]1[H],[C:1]1([H:20])=[C:3]([H:22])[N:14]([C:6]([H:23])([H:24])[H:25])[C:4]([C:5]([N:13]=[P:18]([N:15]([C:7]([H:26])([H:27])[H:28])[C:8]([H:29])([H:30])[H:31])([N:16]([C:9]([H:32])([H:33])[H:34])[C:10]([H:35])([H:36])[H:37])[N:17]([C:11]([H:38])([H:39])[H:40])[C:12]([H:41])([H:42])[H:43])=[S:19])=[C:2]1[H:21],43,unassigned_atom_type,17,Atoms 17 could not be assigned a bond charge correction atom type.
gen2,6.npz,CCOP(N)(=O)OCC,[H][N]([H])[P](=[O])([O][C]([H])([H])[C]([H])([H])[H])[O][C]([H])([H])[C]([H])([H])[H],[C:1]([C:3]([O:7][P:9]([N:5]([H:20])[H:21])(=[O:6])[O:8][C:4]([C:2]([H:13])([H:14])[H:15])([H:18])[H:19])([H:16])[H:17])([H:10])([H:11])[H:12],21,unassigned_atom_type,5;8,"Atoms 5, 8 could not be assigned a bond charge correction atom type."
gen2,63.npz,C=C(OP(=O)(O)O)C(=O)O,[H][O][C](=[O])[C]([O][P](=[O])([O][H])[O][H])=[C]([H])[H],[C:1](=[C:2]([C:3](=[O:4])[O:6][H:13])[O:9][P:10](=[O:5])([O:7][H:14])[O:8][H:15])([H:11])[H:12],15,unassigned_atom_type,4;9,"Atoms 4, 9 could not be assigned a bond charge correction atom type."
gen2,687.npz,BrP(Br)Br,[Br][P]([Br])[Br],[P:1]([Br:2])([Br:3])[Br:4],4,unassigned_atom_type,0;1;2;3,"Atoms 0, 1, 2, 3 could not be assigned a bond charge correction atom type."
gen2-torsion,288-594-287.npz,CCOP(N)(=O)OCC,[H][N]([H])[P](=[O])([O][C]([H])([H])[C]([H])([H])[H])[O][C]([H])([H])[C]([H])([H])[H],[C:1]([C:3]([O:7][P:9]([N:5]([H:20])[H:21])(=[O:6])[O:8][C:4]([C:2]([H:13])([H:14])[H:15])([H:18])[H:19])([H:16])[H:17])([H:10])([H:11])[H:12],21,unassigned_atom_type,5;8,"Atoms 5, 8 could not be assigned a bond charge correction atom type."
gen2-torsion,289-499.npz,CC[O+]=C(N)N,[H][N]([H])[C](=[O+][C]([H])([H])[C]([H])([H])[H])[N]([H])[H],[C:1]([N:4]([H:12])[H:13])([N:5]([H:14])[H:15])=[O+:6][C:3]([C:2]([H:7])([H:8])[H:9])([H:10])[H:11],15,incomplete_bond_assignment,0;3;4,Bond charge corrections could not be applied to all bonds in the molecule: | atom 0: expected=3 assigned=1.0 | atom 3: expected=3 assigned=2.0 | atom 4: expected=3 assigned=2.0
gen2-torsion,32-691.npz,C=C(OP(=O)(O)O)C(=O)O,[H][O][C](=[O])[C]([O][P](=[O])([O][H])[O][H])=[C]([H])[H],[C:1](=[C:2]([C:3](=[O:4])[O:6][H:13])[O:9][P:10](=[O:5])([O:7][H:14])[O:8][H:15])([H:11])[H:12],15,unassigned_atom_type,4;9,"Atoms 4, 9 could not be assigned a bond charge correction atom type."
gen2-torsion,334-199-333.npz,COP(=O)(NC(=O)C(Cl)(Cl)Cl)OC,[H][N]([C](=[O])[C]([Cl])([Cl])[Cl])[P](=[O])([O][C]([H])([H])[H])[O][C]([H])([H])[H],[C:1]([C:4]([Cl:11])([Cl:12])[Cl:13])([N:5]([P:10](=[O:7])([O:8][C:2]([H:14])([H:15])[H:16])[O:9][C:3]([H:17])([H:18])[H:19])[H:20])=[O:6],20,unassigned_atom_type,6;9,"Atoms 6, 9 could not be assigned a bond charge correction atom type."
gen2-torsion,386.npz,CN(C)P(=NC(=S)c1cccn1C)(N(C)C)N(C)C,[H][C]1=[C]([H])[N]([C]([H])([H])[H])[C]([C](=[S])[N]=[P]([N]([C]([H])([H])[H])[C]([H])([H])[H])([N]([C]([H])([H])[H])[C]([H])([H])[H])[N]([C]([H])([H])[H])[C]([H])([H])[H])=[C]1[H],[C:1]1([H:20])=[C:3]([H:22])[N:14]([C:6]([H:23])([H:24])[H:25])[C:4]([C:5]([N:13]=[P:18]([N:15]([C:7]([H:26])([H:27])[H:28])[C:8]([H:29])([H:30])[H:31])([N:16]([C:9]([H:32])([H:33])[H:34])[C:10]([H:35])([H:36])[H:37])[N:17]([C:11]([H:38])([H:39])[H:40])[C:12]([H:41])([H:42])[H:43])=[S:19])=[C:2]1[H:21],43,unassigned_atom_type,17,Atoms 17 could not be assigned a bond charge correction atom type.
gen2-torsion,39-614-38-218-565.npz,CO[P@@](=O)(NC(C)=O)SC,[H][N]([C](=[O])[C]([H])([H])[H])[P@](=[O])([O][C]([H])([H])[H])[S][C]([H])([H])[H],[C:1]([C:2]([H:11])([H:12])[H:13])([N:5]([P@:9](=[O:7])([O:8][C:3]([H:14])([H:15])[H:16])[S:10][C:4]([H:17])([H:18])[H:19])[H:20])=[O:6],20,unassigned_atom_type,6;8,"Atoms 6, 8 could not be assigned a bond charge correction atom type."
gen2-torsion,430-431-432-433-434.npz,CN(C)P(=NC(=S)c1cccn1C)(N(C)C)N(C)C,[H][C]1=[C]([H])[N]([C]([H])([H])[H])[C]([C](=[S])[N]=[P]([N]([C]([H])([H])[H])[C]([H])([H])[H])([N]([C]([H])([H])[H])[C]([H])([H])[H])[N]([C]([H])([H])[H])[C]([H])([H])[H])=[C]1[H],[C:1]1([H:20])=[C:3]([H:22])[N:14]([C:6]([H:23])([H:24])[H:25])[C:4]([C:5]([N:13]=[P:18]([N:15]([C:7]([H:26])([H:27])[H:28])[C:8]([H:29])([H:30])[H:31])([N:16]([C:9]([H:32])([H:33])[H:34])[C:10]([H:35])([H:36])[H:37])[N:17]([C:11]([H:38])([H:39])[H:40])[C:12]([H:41])([H:42])[H:43])=[S:19])=[C:2]1[H:21],43,unassigned_atom_type,17,Atoms 17 could not be assigned a bond charge correction atom type.
gen2-torsion,441.npz,NC[P@@H](=O)O,[H][O][P@]([H])(=[O])[C]([H])([H])[N]([H])[H],[C:1]([N:2]([H:8])[H:9])([P@@:5](=[O:3])([O:4][H:10])[H:11])([H:6])[H:7],11,unassigned_atom_type,2;4;10,"Atoms 2, 4, 10 could not be assigned a bond charge correction atom type."
gen2-torsion,442.npz,CCOP(N)(=O)OCC,[H][N]([H])[P](=[O])([O][C]([H])([H])[C]([H])([H])[H])[O][C]([H])([H])[C]([H])([H])[H],[C:1]([C:3]([O:7][P:9]([N:5]([H:20])[H:21])(=[O:6])[O:8][C:4]([C:2]([H:13])([H:14])[H:15])([H:18])[H:19])([H:16])[H:17])([H:10])([H:11])[H:12],21,unassigned_atom_type,5;8,"Atoms 5, 8 could not be assigned a bond charge correction atom type."
rna-diverse,14.npz,Nc1ccn([C@@H]2O[C@H](CO)[C@@H](OP(=O)([O-])OC[C@H]3O[C@@H](n4ccc(=O)[nH]c4=O)[C@H](O)[C@@H]3OP(=O)([O-])OC[C@H]3O[C@@H](n4ccc(=O)[nH]c4=O)[C@H](O)[C@@H]3O)[C@H]2O)c(=O)n1,[H][O][C]([H])([H])[C@@]1([H])[O][C@@]([H])([N]2[C](=[O])[N]=[C]([N]([H])[H])[C]([H])=[C]2[H])[C@]([H])([O][H])[C@]1([H])[O][P](=[O])([O-])[O][C]([H])([H])[C@@]1([H])[O][C@@]([H])([N]2[C](=[O])[N]([H])[C](=[O])[C]([H])=[C]2[H])[C@]([H])([O][H])[C@]1([H])[O][P](=[O])([O-])[O][C]([H])([H])[C@@]1([H])[O][C@@]([H])([N]2[C](=[O])[N]([H])[C](=[O])[C]([H])=[C]2[H])[C@]([H])([O][H])[C@]1([H])[O][H],[O:1]([H:2])[C:3]([H:4])([H:5])[C@@:6]1([H:7])[O:8][C@@:16]([H:17])([N:18]2[C:19](=[O:20])[N:21]=[C:22]([N:23]([H:24])[H:25])[C:26]([H:27])=[C:28]2[H:29])[C@:12]([H:13])([O:14][H:15])[C@:9]1([H:10])[O:11][P:30]([O-:31])(=[O:32])[O:33][C:34]([H:35])([H:36])[C@@:37]1([H:38])[O:39][C@@:47]([H:48])([N:49]2[C:50](=[O:51])[N:52]([H:53])[C:54](=[O:55])[C:56]([H:57])=[C:58]2[H:59])[C@:43]([H:44])([O:45][H:46])[C@:40]1([H:41])[O:42][P:60]([O-:61])(=[O:62])[O:63][C:64]([H:65])([H:66])[C@@:67]1([H:68])[O:69][C@@:78]([H:79])([N:80]2[C:81](=[O:82])[N:83]([H:84])[C:85](=[O:86])[C:87]([H:88])=[C:89]2[H:90])[C@:74]([H:75])([O:76][H:77])[C@:70]1([H:71])[O:72][H:73],90,unassigned_atom_type,29;30;31;59;60;61,"Atoms 29, 30, 31, 59, 60, 61 could not be assigned a bond charge correction atom type."
rna-diverse,15.npz,Nc1ccn([C@@H]2O[C@H](CO)[C@@H](OP(=O)([O-])OC[C@H]3O[C@@H](n4ccc(=O)[nH]c4=O)[C@H](O)[C@@H]3OP(=O)([O-])OC[C@H]3O[C@@H](n4cnc5c(=O)[nH]c(N)nc54)[C@H](O)[C@@H]3O)[C@H]2O)c(=O)n1,[H][O][C]([H])([H])[C@@]1([H])[O][C@@]([H])([N]2[C](=[O])[N]=[C]([N]([H])[H])[C]([H])=[C]2[H])[C@]([H])([O][H])[C@]1([H])[O][P](=[O])([O-])[O][C]([H])([H])[C@@]1([H])[O][C@@]([H])([N]2[C](=[O])[N]([H])[C](=[O])[C]([H])=[C]2[H])[C@]([H])([O][H])[C@]1([H])[O][P](=[O])([O-])[O][C]([H])([H])[C@@]1([H])[O][C@@]([H])([N]2[C]([H])=[N][C]3=[C]2[N]=[C]([N]([H])[H])[N]([H])[C]3=[O])[C@]([H])([O][H])[C@]1([H])[O][H],[O:1]([H:2])[C:3]([H:4])([H:5])[C@@:6]1([H:7])[O:8][C@@:16]([H:17])([N:18]2[C:19](=[O:20])[N:21]=[C:22]([N:23]([H:24])[H:25])[C:26]([H:27])=[C:28]2[H:29])[C@:12]([H:13])([O:14][H:15])[C@:9]1([H:10])[O:11][P:30]([O-:31])(=[O:32])[O:33][C:34]([H:35])([H:36])[C@@:37]1([H:38])[O:39][C@@:47]([H:48])([N:49]2[C:50](=[O:51])[N:52]([H:53])[C:54](=[O:55])[C:56]([H:57])=[C:58]2[H:59])[C@:43]([H:44])([O:45][H:46])[C@:40]1([H:41])[O:42][P:60]([O-:61])(=[O:62])[O:63][C:64]([H:65])([H:66])[C@@:67]1([H:68])[O:69][C@@:78]([H:79])([N:80]2[C:81]([H:82])=[N:83][C:84]3=[C:94]2[N:93]=[C:89]([N:90]([H:91])[H:92])[N:87]([H:88])[C:85]3=[O:86])[C@:74]([H:75])([O:76][H:77])[C@:70]1([H:71])[O:72][H:73],94,unassigned_atom_type,29;30;31;59;60;61,"Atoms 29, 30, 31, 59, 60, 61 could not be assigned a bond charge correction atom type."
rna-diverse,16.npz,Nc1ccn([C@@H]2O[C@H](CO)[C@@H](OP(=O)([O-])OC[C@H]3O[C@@H](n4ccc(=O)[nH]c4=O)[C@H](O)[C@@H]3OP(=O)([O-])OC[C@H]3O[C@@H](n4cnc5c(N)ncnc54)[C@H](O)[C@@H]3O)[C@H]2O)c(=O)n1,[H][O][C]([H])([H])[C@@]1([H])[O][C@@]([H])([N]2[C](=[O])[N]=[C]([N]([H])[H])[C]([H])=[C]2[H])[C@]([H])([O][H])[C@]1([H])[O][P](=[O])([O-])[O][C]([H])([H])[C@@]1([H])[O][C@@]([H])([N]2[C](=[O])[N]([H])[C](=[O])[C]([H])=[C]2[H])[C@]([H])([O][H])[C@]1([H])[O][P](=[O])([O-])[O][C]([H])([H])[C@@]1([H])[O][C@@]([H])([N]2[C]([H])=[N][c]3[c]([N]([H])[H])[n][c]([H])[n][c]32)[C@]([H])([O][H])[C@]1([H])[O][H],[O:1]([H:2])[C:3]([H:4])([H:5])[C@@:6]1([H:7])[O:8][C@@:16]([H:17])([N:18]2[C:19](=[O:20])[N:21]=[C:22]([N:23]([H:24])[H:25])[C:26]([H:27])=[C:28]2[H:29])[C@:12]([H:13])([O:14][H:15])[C@:9]1([H:10])[O:11][P:30]([O-:31])(=[O:32])[O:33][C:34]([H:35])([H:36])[C@@:37]1([H:38])[O:39][C@@:47]([H:48])([N:49]2[C:50](=[O:51])[N:52]([H:53])[C:54](=[O:55])[C:56]([H:57])=[C:58]2[H:59])[C@:43]([H:44])([O:45][H:46])[C@:40]1([H:41])[O:42][P:60]([O-:61])(=[O:62])[O:63][C:64]([H:65])([H:66])[C@@:67]1([H:68])[O:69][C@@:78]([H:79])([N:80]2[C:81]([H:82])=[N:83][c:84]3[c:85]([N:86]([H:87])[H:88])[n:89][c:90]([H:91])[n:92][c:93]32)[C@:74]([H:75])([O:76][H:77])[C@:70]1([H:71])[O:72][H:73],93,unassigned_atom_type,29;30;31;59;60;61,"Atoms 29, 30, 31, 59, 60, 61 could not be assigned a bond charge correction atom type."
rna-diverse,17.npz,Nc1ccn([C@@H]2O[C@H](CO)[C@@H](OP(=O)([O-])OC[C@H]3O[C@@H](n4ccc(N)nc4=O)[C@H](O)[C@@H]3OP(=O)([O-])OC[C@H]3O[C@@H](n4ccc(=O)[nH]c4=O)[C@H](O)[C@@H]3O)[C@H]2O)c(=O)n1,[H][O][C]([H])([H])[C@@]1([H])[O][C@@]([H])([N]2[C](=[O])[N]=[C]([N]([H])[H])[C]([H])=[C]2[H])[C@]([H])([O][H])[C@]1([H])[O][P](=[O])([O-])[O][C]([H])([H])[C@@]1([H])[O][C@@]([H])([N]2[C](=[O])[N]=[C]([N]([H])[H])[C]([H])=[C]2[H])[C@]([H])([O][H])[C@]1([H])[O][P](=[O])([O-])[O][C]([H])([H])[C@@]1([H])[O][C@@]([H])([N]2[C](=[O])[N]([H])[C](=[O])[C]([H])=[C]2[H])[C@]([H])([O][H])[C@]1([H])[O][H],[O:1]([H:2])[C:3]([H:4])([H:5])[C@@:6]1([H:7])[O:8][C@@:16]([H:17])([N:18]2[C:19](=[O:20])[N:21]=[C:22]([N:23]([H:24])[H:25])[C:26]([H:27])=[C:28]2[H:29])[C@:12]([H:13])([O:14][H:15])[C@:9]1([H:10])[O:11][P:30]([O-:31])(=[O:32])[O:33][C:34]([H:35])([H:36])[C@@:37]1([H:38])[O:39][C@@:47]([H:48])([N:49]2[C:50](=[O:51])[N:52]=[C:53]([N:54]([H:55])[H:56])[C:57]([H:58])=[C:59]2[H:60])[C@:43]([H:44])([O:45][H:46])[C@:40]1([H:41])[O:42][P:61]([O-:62])(=[O:63])[O:64][C:65]([H:66])([H:67])[C@@:68]1([H:69])[O:70][C@@:79]([H:80])([N:81]2[C:82](=[O:83])[N:84]([H:85])[C:86](=[O:87])[C:88]([H:89])=[C:90]2[H:91])[C@:75]([H:76])([O:77][H:78])[C@:71]1([H:72])[O:73][H:74],91,unassigned_atom_type,29;30;31;60;61;62,"Atoms 29, 30, 31, 60, 61, 62 could not be assigned a bond charge correction atom type."
rna-diverse,18.npz,Nc1ccn([C@@H]2O[C@H](CO)[C@@H](OP(=O)([O-])OC[C@H]3O[C@@H](n4ccc(N)nc4=O)[C@H](O)[C@@H]3OP(=O)([O-])OC[C@H]3O[C@@H](n4cnc5c(=O)[nH]c(N)nc54)[C@H](O)[C@@H]3O)[C@H]2O)c(=O)n1,[H][O][C]([H])([H])[C@@]1([H])[O][C@@]([H])([N]2[C](=[O])[N]=[C]([N]([H])[H])[C]([H])=[C]2[H])[C@]([H])([O][H])[C@]1([H])[O][P](=[O])([O-])[O][C]([H])([H])[C@@]1([H])[O][C@@]([H])([N]2[C](=[O])[N]=[C]([N]([H])[H])[C]([H])=[C]2[H])[C@]([H])([O][H])[C@]1([H])[O][P](=[O])([O-])[O][C]([H])([H])[C@@]1([H])[O][C@@]([H])([N]2[C]([H])=[N][C]3=[C]2[N]=[C]([N]([H])[H])[N]([H])[C]3=[O])[C@]([H])([O][H])[C@]1([H])[O][H],[O:1]([H:2])[C:3]([H:4])([H:5])[C@@:6]1([H:7])[O:8][C@@:16]([H:17])([N:18]2[C:19](=[O:20])[N:21]=[C:22]([N:23]([H:24])[H:25])[C:26]([H:27])=[C:28]2[H:29])[C@:12]([H:13])([O:14][H:15])[C@:9]1([H:10])[O:11][P:30]([O-:31])(=[O:32])[O:33][C:34]([H:35])([H:36])[C@@:37]1([H:38])[O:39][C@@:47]([H:48])([N:49]2[C:50](=[O:51])[N:52]=[C:53]([N:54]([H:55])[H:56])[C:57]([H:58])=[C:59]2[H:60])[C@:43]([H:44])([O:45][H:46])[C@:40]1([H:41])[O:42][P:61]([O-:62])(=[O:63])[O:64][C:65]([H:66])([H:67])[C@@:68]1([H:69])[O:70][C@@:79]([H:80])([N:81]2[C:82]([H:83])=[N:84][C:85]3=[C:95]2[N:94]=[C:90]([N:91]([H:92])[H:93])[N:88]([H:89])[C:86]3=[O:87])[C@:75]([H:76])([O:77][H:78])[C@:71]1([H:72])[O:73][H:74],95,unassigned_atom_type,29;30;31;60;61;62,"Atoms 29, 30, 31, 60, 61, 62 could not be assigned a bond charge correction atom type."
rna-diverse,19.npz,Nc1ccn([C@@H]2O[C@H](CO)[C@@H](OP(=O)([O-])OC[C@H]3O[C@@H](n4ccc(N)nc4=O)[C@H](O)[C@@H]3OP(=O)([O-])OC[C@H]3O[C@@H](n4cnc5c(N)ncnc54)[C@H](O)[C@@H]3O)[C@H]2O)c(=O)n1,[H][O][C]([H])([H])[C@@]1([H])[O][C@@]([H])([N]2[C](=[O])[N]=[C]([N]([H])[H])[C]([H])=[C]2[H])[C@]([H])([O][H])[C@]1([H])[O][P](=[O])([O-])[O][C]([H])([H])[C@@]1([H])[O][C@@]([H])([N]2[C](=[O])[N]=[C]([N]([H])[H])[C]([H])=[C]2[H])[C@]([H])([O][H])[C@]1([H])[O][P](=[O])([O-])[O][C]([H])([H])[C@@]1([H])[O][C@@]([H])([N]2[C]([H])=[N][c]3[c]([N]([H])[H])[n][c]([H])[n][c]32)[C@]([H])([O][H])[C@]1([H])[O][H],[O:1]([H:2])[C:3]([H:4])([H:5])[C@@:6]1([H:7])[O:8][C@@:16]([H:17])([N:18]2[C:19](=[O:20])[N:21]=[C:22]([N:23]([H:24])[H:25])[C:26]([H:27])=[C:28]2[H:29])[C@:12]([H:13])([O:14][H:15])[C@:9]1([H:10])[O:11][P:30]([O-:31])(=[O:32])[O:33][C:34]([H:35])([H:36])[C@@:37]1([H:38])[O:39][C@@:47]([H:48])([N:49]2[C:50](=[O:51])[N:52]=[C:53]([N:54]([H:55])[H:56])[C:57]([H:58])=[C:59]2[H:60])[C@:43]([H:44])([O:45][H:46])[C@:40]1([H:41])[O:42][P:61]([O-:62])(=[O:63])[O:64][C:65]([H:66])([H:67])[C@@:68]1([H:69])[O:70][C@@:79]([H:80])([N:81]2[C:82]([H:83])=[N:84][c:85]3[c:86]([N:87]([H:88])[H:89])[n:90][c:91]([H:92])[n:93][c:94]32)[C@:75]([H:76])([O:77][H:78])[C@:71]1([H:72])[O:73][H:74],94,unassigned_atom_type,29;30;31;60;61;62,"Atoms 29, 30, 31, 60, 61, 62 could not be assigned a bond charge correction atom type."
rna-diverse,20.npz,Nc1ccn([C@@H]2O[C@H](CO)[C@@H](OP(=O)([O-])OC[C@H]3O[C@@H](n4cnc5c(=O)[nH]c(N)nc54)[C@H](O)[C@@H]3OP(=O)([O-])OC[C@H]3O[C@@H](n4ccc(=O)[nH]c4=O)[C@H](O)[C@@H]3O)[C@H]2O)c(=O)n1,[H][O][C]([H])([H])[C@@]1([H])[O][C@@]([H])([N]2[C](=[O])[N]=[C]([N]([H])[H])[C]([H])=[C]2[H])[C@]([H])([O][H])[C@]1([H])[O][P](=[O])([O-])[O][C]([H])([H])[C@@]1([H])[O][C@@]([H])([N]2[C]([H])=[N][C]3=[C]2[N]=[C]([N]([H])[H])[N]([H])[C]3=[O])[C@]([H])([O][H])[C@]1([H])[O][P](=[O])([O-])[O][C]([H])([H])[C@@]1([H])[O][C@@]([H])([N]2[C](=[O])[N]([H])[C](=[O])[C]([H])=[C]2[H])[C@]([H])([O][H])[C@]1([H])[O][H],[O:1]([H:2])[C:3]([H:4])([H:5])[C@@:6]1([H:7])[O:8][C@@:16]([H:17])([N:18]2[C:19](=[O:20])[N:21]=[C:22]([N:23]([H:24])[H:25])[C:26]([H:27])=[C:28]2[H:29])[C@:12]([H:13])([O:14][H:15])[C@:9]1([H:10])[O:11][P:30]([O-:31])(=[O:32])[O:33][C:34]([H:35])([H:36])[C@@:37]1([H:38])[O:39][C@@:47]([H:48])([N:49]2[C:50]([H:51])=[N:52][C:53]3=[C:63]2[N:62]=[C:58]([N:59]([H:60])[H:61])[N:56]([H:57])[C:54]3=[O:55])[C@:43]([H:44])([O:45][H:46])[C@:40]1([H:41])[O:42][P:64]([O-:65])(=[O:66])[O:67][C:68]([H:69])([H:70])[C@@:71]1([H:72])[O:73][C@@:82]([H:83])([N:84]2[C:85](=[O:86])[N:87]([H:88])[C:89](=[O:90])[C:91]([H:92])=[C:93]2[H:94])[C@:78]([H:79])([O:80][H:81])[C@:74]1([H:75])[O:76][H:77],94,unassigned_atom_type,29;30;31;63;64;65,"Atoms 29, 30, 31, 63, 64, 65 could not be assigned a bond charge correction atom type."
rna-diverse,21.npz,Nc1ccn([C@@H]2O[C@H](CO)[C@@H](OP(=O)([O-])OC[C@H]3O[C@@H](n4cnc5c(=O)[nH]c(N)nc54)[C@H](O)[C@@H]3OP(=O)([O-])OC[C@H]3O[C@@H](n4cnc5c(=O)[nH]c(N)nc54)[C@H](O)[C@@H]3O)[C@H]2O)c(=O)n1,[H][O][C]([H])([H])[C@@]1([H])[O][C@@]([H])([N]2[C](=[O])[N]=[C]([N]([H])[H])[C]([H])=[C]2[H])[C@]([H])([O][H])[C@]1([H])[O][P](=[O])([O-])[O][C]([H])([H])[C@@]1([H])[O][C@@]([H])([N]2[C]([H])=[N][C]3=[C]2[N]=[C]([N]([H])[H])[N]([H])[C]3=[O])[C@]([H])([O][H])[C@]1([H])[O][P](=[O])([O-])[O][C]([H])([H])[C@@]1([H])[O][C@@]([H])([N]2[C]([H])=[N][C]3=[C]2[N]=[C]([N]([H])[H])[N]([H])[C]3=[O])[C@]([H])([O][H])[C@]1([H])[O][H],[O:1]([H:2])[C:3]([H:4])([H:5])[C@@:6]1([H:7])[O:8][C@@:16]([H:17])([N:18]2[C:19](=[O:20])[N:21]=[C:22]([N:23]([H:24])[H:25])[C:26]([H:27])=[C:28]2[H:29])[C@:12]([H:13])([O:14][H:15])[C@:9]1([H:10])[O:11][P:30]([O-:31])(=[O:32])[O:33][C:34]([H:35])([H:36])[C@@:37]1([H:38])[O:39][C@@:47]([H:48])([N:49]2[C:50]([H:51])=[N:52][C:53]3=[C:63]2[N:62]=[C:58]([N:59]([H:60])[H:61])[N:56]([H:57])[C:54]3=[O:55])[C@:43]([H:44])([O:45][H:46])[C@:40]1([H:41])[O:42][P:64]([O-:65])(=[O:66])[O:67][C:68]([H:69])([H:70])[C@@:71]1([H:72])[O:73][C@@:82]([H:83])([N:84]2[C:85]([H:86])=[N:87][C:88]3=[C:98]2[N:97]=[C:93]([N:94]([H:95])[H:96])[N:91]([H:92])[C:89]3=[O:90])[C@:78]([H:79])([O:80][H:81])[C@:74]1([H:75])[O:76][H:77],98,unassigned_atom_type,29;30;31;63;64;65,"Atoms 29, 30, 31, 63, 64, 65 could not be assigned a bond charge correction atom type."
rna-diverse,22.npz,Nc1ccn([C@@H]2O[C@H](CO)[C@@H](OP(=O)([O-])OC[C@H]3O[C@@H](n4cnc5c(=O)[nH]c(N)nc54)[C@H](O)[C@@H]3OP(=O)([O-])OC[C@H]3O[C@@H](n4cnc5c(N)ncnc54)[C@H](O)[C@@H]3O)[C@H]2O)c(=O)n1,[H][O][C]([H])([H])[C@@]1([H])[O][C@@]([H])([N]2[C](=[O])[N]=[C]([N]([H])[H])[C]([H])=[C]2[H])[C@]([H])([O][H])[C@]1([H])[O][P](=[O])([O-])[O][C]([H])([H])[C@@]1([H])[O][C@@]([H])([N]2[C]([H])=[N][C]3=[C]2[N]=[C]([N]([H])[H])[N]([H])[C]3=[O])[C@]([H])([O][H])[C@]1([H])[O][P](=[O])([O-])[O][C]([H])([H])[C@@]1([H])[O][C@@]([H])([N]2[C]([H])=[N][c]3[c]([N]([H])[H])[n][c]([H])[n][c]32)[C@]([H])([O][H])[C@]1([H])[O][H],[O:1]([H:2])[C:3]([H:4])([H:5])[C@@:6]1([H:7])[O:8][C@@:16]([H:17])([N:18]2[C:19](=[O:20])[N:21]=[C:22]([N:23]([H:24])[H:25])[C:26]([H:27])=[C:28]2[H:29])[C@:12]([H:13])([O:14][H:15])[C@:9]1([H:10])[O:11][P:30]([O-:31])(=[O:32])[O:33][C:34]([H:35])([H:36])[C@@:37]1([H:38])[O:39][C@@:47]([H:48])([N:49]2[C:50]([H:51])=[N:52][C:53]3=[C:63]2[N:62]=[C:58]([N:59]([H:60])[H:61])[N:56]([H:57])[C:54]3=[O:55])[C@:43]([H:44])([O:45][H:46])[C@:40]1([H:41])[O:42][P:64]([O-:65])(=[O:66])[O:67][C:68]([H:69])([H:70])[C@@:71]1([H:72])[O:73][C@@:82]([H:83])([N:84]2[C:85]([H:86])=[N:87][c:88]3[c:89]([N:90]([H:91])[H:92])[n:93][c:94]([H:95])[n:96][c:97]32)[C@:78]([H:79])([O:80][H:81])[C@:74]1([H:75])[O:76][H:77],97,unassigned_atom_type,29;30;31;63;64;65,"Atoms 29, 30, 31, 63, 64, 65 could not be assigned a bond charge correction atom type."
rna-diverse,23.npz,Nc1ccn([C@@H]2O[C@H](CO)[C@@H](OP(=O)([O-])OC[C@H]3O[C@@H](n4cnc5c(N)ncnc54)[C@H](O)[C@@H]3OP(=O)([O-])OC[C@H]3O[C@@H](n4ccc(=O)[nH]c4=O)[C@H](O)[C@@H]3O)[C@H]2O)c(=O)n1,[H][O][C]([H])([H])[C@@]1([H])[O][C@@]([H])([N]2[C](=[O])[N]=[C]([N]([H])[H])[C]([H])=[C]2[H])[C@]([H])([O][H])[C@]1([H])[O][P](=[O])([O-])[O][C]([H])([H])[C@@]1([H])[O][C@@]([H])([N]2[C]([H])=[N][c]3[c]([N]([H])[H])[n][c]([H])[n][c]32)[C@]([H])([O][H])[C@]1([H])[O][P](=[O])([O-])[O][C]([H])([H])[C@@]1([H])[O][C@@]([H])([N]2[C](=[O])[N]([H])[C](=[O])[C]([H])=[C]2[H])[C@]([H])([O][H])[C@]1([H])[O][H],[O:1]([H:2])[C:3]([H:4])([H:5])[C@@:6]1([H:7])[O:8][C@@:16]([H:17])([N:18]2[C:19](=[O:20])[N:21]=[C:22]([N:23]([H:24])[H:25])[C:26]([H:27])=[C:28]2[H:29])[C@:12]([H:13])([O:14][H:15])[C@:9]1([H:10])[O:11][P:30]([O-:31])(=[O:32])[O:33][C:34]([H:35])([H:36])[C@@:37]1([H:38])[O:39][C@@:47]([H:48])([N:49]2[C:50]([H:51])=[N:52][c:53]3[c:54]([N:55]([H:56])[H:57])[n:58][c:59]([H:60])[n:61][c:62]32)[C@:43]([H:44])([O:45][H:46])[C@:40]1([H:41])[O:42][P:63]([O-:64])(=[O:65])[O:66][C:67]([H:68])([H:69])[C@@:70]1([H:71])[O:72][C@@:81]([H:82])([N:83]2[C:84](=[O:85])[N:86]([H:87])[C:88](=[O:89])[C:90]([H:91])=[C:92]2[H:93])[C@:77]([H:78])([O:79][H:80])[C@:73]1([H:74])[O:75][H:76],93,unassigned_atom_type,29;30;31;62;63;64,"Atoms 29, 30, 31, 62, 63, 64 could not be assigned a bond charge correction atom type."
rna-diverse,24.npz,Nc1ccn([C@@H]2O[C@H](CO)[C@@H](OP(=O)([O-])OC[C@H]3O[C@@H](n4cnc5c(N)ncnc54)[C@H](O)[C@@H]3OP(=O)([O-])OC[C@H]3O[C@@H](n4cnc5c(=O)[nH]c(N)nc54)[C@H](O)[C@@H]3O)[C@H]2O)c(=O)n1,[H][O][C]([H])([H])[C@@]1([H])[O][C@@]([H])([N]2[C](=[O])[N]=[C]([N]([H])[H])[C]([H])=[C]2[H])[C@]([H])([O][H])[C@]1([H])[O][P](=[O])([O-])[O][C]([H])([H])[C@@]1([H])[O][C@@]([H])([N]2[C]([H])=[N][c]3[c]([N]([H])[H])[n][c]([H])[n][c]32)[C@]([H])([O][H])[C@]1([H])[O][P](=[O])([O-])[O][C]([H])([H])[C@@]1([H])[O][C@@]([H])([N]2[C]([H])=[N][C]3=[C]2[N]=[C]([N]([H])[H])[N]([H])[C]3=[O])[C@]([H])([O][H])[C@]1([H])[O][H],[O:1]([H:2])[C:3]([H:4])([H:5])[C@@:6]1([H:7])[O:8][C@@:16]([H:17])([N:18]2[C:19](=[O:20])[N:21]=[C:22]([N:23]([H:24])[H:25])[C:26]([H:27])=[C:28]2[H:29])[C@:12]([H:13])([O:14][H:15])[C@:9]1([H:10])[O:11][P:30]([O-:31])(=[O:32])[O:33][C:34]([H:35])([H:36])[C@@:37]1([H:38])[O:39][C@@:47]([H:48])([N:49]2[C:50]([H:51])=[N:52][c:53]3[c:54]([N:55]([H:56])[H:57])[n:58][c:59]([H:60])[n:61][c:62]32)[C@:43]([H:44])([O:45][H:46])[C@:40]1([H:41])[O:42][P:63]([O-:64])(=[O:65])[O:66][C:67]([H:68])([H:69])[C@@:70]1([H:71])[O:72][C@@:81]([H:82])([N:83]2[C:84]([H:85])=[N:86][C:87]3=[C:97]2[N:96]=[C:92]([N:93]([H:94])[H:95])[N:90]([H:91])[C:88]3=[O:89])[C@:77]([H:78])([O:79][H:80])[C@:73]1([H:74])[O:75][H:76],97,unassigned_atom_type,29;30;31;62;63;64,"Atoms 29, 30, 31, 62, 63, 64 could not be assigned a bond charge correction atom type."
rna-diverse,25.npz,Nc1ccn([C@@H]2O[C@H](CO)[C@@H](OP(=O)([O-])OC[C@H]3O[C@@H](n4cnc5c(N)ncnc54)[C@H](O)[C@@H]3OP(=O)([O-])OC[C@H]3O[C@@H](n4cnc5c(N)ncnc54)[C@H](O)[C@@H]3O)[C@H]2O)c(=O)n1,[H][O][C]([H])([H])[C@@]1([H])[O][C@@]([H])([N]2[C](=[O])[N]=[C]([N]([H])[H])[C]([H])=[C]2[H])[C@]([H])([O][H])[C@]1([H])[O][P](=[O])([O-])[O][C]([H])([H])[C@@]1([H])[O][C@@]([H])([N]2[C]([H])=[N][c]3[c]([N]([H])[H])[n][c]([H])[n][c]32)[C@]([H])([O][H])[C@]1([H])[O][P](=[O])([O-])[O][C]([H])([H])[C@@]1([H])[O][C@@]([H])([N]2[C]([H])=[N][c]3[c]([N]([H])[H])[n][c]([H])[n][c]32)[C@]([H])([O][H])[C@]1([H])[O][H],[O:1]([H:2])[C:3]([H:4])([H:5])[C@@:6]1([H:7])[O:8][C@@:16]([H:17])([N:18]2[C:19](=[O:20])[N:21]=[C:22]([N:23]([H:24])[H:25])[C:26]([H:27])=[C:28]2[H:29])[C@:12]([H:13])([O:14][H:15])[C@:9]1([H:10])[O:11][P:30]([O-:31])(=[O:32])[O:33][C:34]([H:35])([H:36])[C@@:37]1([H:38])[O:39][C@@:47]([H:48])([N:49]2[C:50]([H:51])=[N:52][c:53]3[c:54]([N:55]([H:56])[H:57])[n:58][c:59]([H:60])[n:61][c:62]32)[C@:43]([H:44])([O:45][H:46])[C@:40]1([H:41])[O:42][P:63]([O-:64])(=[O:65])[O:66][C:67]([H:68])([H:69])[C@@:70]1([H:71])[O:72][C@@:81]([H:82])([N:83]2[C:84]([H:85])=[N:86][c:87]3[c:88]([N:89]([H:90])[H:91])[n:92][c:93]([H:94])[n:95][c:96]32)[C@:77]([H:78])([O:79][H:80])[C@:73]1([H:74])[O:75][H:76],96,unassigned_atom_type,29;30;31;62;63;64,"Atoms 29, 30, 31, 62, 63, 64 could not be assigned a bond charge correction atom type."
rna-diverse,26.npz,Nc1ccn([C@@H]2O[C@H](COP(=O)([O-])O[C@H]3[C@@H](O)[C@H](n4ccc(=O)[nH]c4=O)O[C@@H]3CO)[C@@H](OP(=O)([O-])OC[C@H]3O[C@@H](n4ccc(=O)[nH]c4=O)[C@H](O)[C@@H]3O)[C@H]2O)c(=O)n1,[H][O][C]([H])([H])[C@@]1([H])[O][C@@]([H])([N]2[C](=[O])[N]([H])[C](=[O])[C]([H])=[C]2[H])[C@]([H])([O][H])[C@]1([H])[O][P](=[O])([O-])[O][C]([H])([H])[C@@]1([H])[O][C@@]([H])([N]2[C](=[O])[N]=[C]([N]([H])[H])[C]([H])=[C]2[H])[C@]([H])([O][H])[C@]1([H])[O][P](=[O])([O-])[O][C]([H])([H])[C@@]1([H])[O][C@@]([H])([N]2[C](=[O])[N]([H])[C](=[O])[C]([H])=[C]2[H])[C@]([H])([O][H])[C@]1([H])[O][H],[O:1]([H:2])[C:3]([H:4])([H:5])[C@@:6]1([H:7])[O:8][C@@:16]([H:17])([N:18]2[C:19](=[O:20])[N:21]([H:22])[C:23](=[O:24])[C:25]([H:26])=[C:27]2[H:28])[C@:12]([H:13])([O:14][H:15])[C@:9]1([H:10])[O:11][P:29]([O-:30])(=[O:31])[O:32][C:33]([H:34])([H:35])[C@@:36]1([H:37])[O:38][C@@:46]([H:47])([N:48]2[C:49](=[O:50])[N:51]=[C:52]([N:53]([H:54])[H:55])[C:56]([H:57])=[C:58]2[H:59])[C@:42]([H:43])([O:44][H:45])[C@:39]1([H:40])[O:41][P:60]([O-:61])(=[O:62])[O:63][C:64]([H:65])([H:66])[C@@:67]1([H:68])[O:69][C@@:78]([H:79])([N:80]2[C:81](=[O:82])[N:83]([H:84])[C:85](=[O:86])[C:87]([H:88])=[C:89]2[H:90])[C@:74]([H:75])([O:76][H:77])[C@:70]1([H:71])[O:72][H:73],90,unassigned_atom_type,28;29;30;59;60;61,"Atoms 28, 29, 30, 59, 60, 61 could not be assigned a bond charge correction atom type."
rna-diverse,27.npz,Nc1ccn([C@@H]2O[C@H](COP(=O)([O-])O[C@H]3[C@@H](O)[C@H](n4ccc(=O)[nH]c4=O)O[C@@H]3CO)[C@@H](OP(=O)([O-])OC[C@H]3O[C@@H](n4cnc5c(=O)[nH]c(N)nc54)[C@H](O)[C@@H]3O)[C@H]2O)c(=O)n1,[H][O][C]([H])([H])[C@@]1([H])[O][C@@]([H])([N]2[C](=[O])[N]([H])[C](=[O])[C]([H])=[C]2[H])[C@]([H])([O][H])[C@]1([H])[O][P](=[O])([O-])[O][C]([H])([H])[C@@]1([H])[O][C@@]([H])([N]2[C](=[O])[N]=[C]([N]([H])[H])[C]([H])=[C]2[H])[C@]([H])([O][H])[C@]1([H])[O][P](=[O])([O-])[O][C]([H])([H])[C@@]1([H])[O][C@@]([H])([N]2[C]([H])=[N][C]3=[C]2[N]=[C]([N]([H])[H])[N]([H])[C]3=[O])[C@]([H])([O][H])[C@]1([H])[O][H],[O:1]([H:2])[C:3]([H:4])([H:5])[C@@:6]1([H:7])[O:8][C@@:16]([H:17])([N:18]2[C:19](=[O:20])[N:21]([H:22])[C:23](=[O:24])[C:25]([H:26])=[C:27]2[H:28])[C@:12]([H:13])([O:14][H:15])[C@:9]1([H:10])[O:11][P:29]([O-:30])(=[O:31])[O:32][C:33]([H:34])([H:35])[C@@:36]1([H:37])[O:38][C@@:46]([H:47])([N:48]2[C:49](=[O:50])[N:51]=[C:52]([N:53]([H:54])[H:55])[C:56]([H:57])=[C:58]2[H:59])[C@:42]([H:43])([O:44][H:45])[C@:39]1([H:40])[O:41][P:60]([O-:61])(=[O:62])[O:63][C:64]([H:65])([H:66])[C@@:67]1([H:68])[O:69][C@@:78]([H:79])([N:80]2[C:81]([H:82])=[N:83][C:84]3=[C:94]2[N:93]=[C:89]([N:90]([H:91])[H:92])[N:87]([H:88])[C:85]3=[O:86])[C@:74]([H:75])([O:76][H:77])[C@:70]1([H:71])[O:72][H:73],94,unassigned_atom_type,28;29;30;59;60;61,"Atoms 28, 29, 30, 59, 60, 61 could not be assigned a bond charge correction atom type."
rna-diverse,28.npz,Nc1ccn([C@@H]2O[C@H](COP(=O)([O-])O[C@H]3[C@@H](O)[C@H](n4ccc(=O)[nH]c4=O)O[C@@H]3CO)[C@@H](OP(=O)([O-])OC[C@H]3O[C@@H](n4cnc5c(N)ncnc54)[C@H](O)[C@@H]3O)[C@H]2O)c(=O)n1,[H][O][C]([H])([H])[C@@]1([H])[O][C@@]([H])([N]2[C](=[O])[N]([H])[C](=[O])[C]([H])=[C]2[H])[C@]([H])([O][H])[C@]1([H])[O][P](=[O])([O-])[O][C]([H])([H])[C@@]1([H])[O][C@@]([H])([N]2[C](=[O])[N]=[C]([N]([H])[H])[C]([H])=[C]2[H])[C@]([H])([O][H])[C@]1([H])[O][P](=[O])([O-])[O][C]([H])([H])[C@@]1([H])[O][C@@]([H])([N]2[C]([H])=[N][c]3[c]([N]([H])[H])[n][c]([H])[n][c]32)[C@]([H])([O][H])[C@]1([H])[O][H],[O:1]([H:2])[C:3]([H:4])([H:5])[C@@:6]1([H:7])[O:8][C@@:16]([H:17])([N:18]2[C:19](=[O:20])[N:21]([H:22])[C:23](=[O:24])[C:25]([H:26])=[C:27]2[H:28])[C@:12]([H:13])([O:14][H:15])[C@:9]1([H:10])[O:11][P:29]([O-:30])(=[O:31])[O:32][C:33]([H:34])([H:35])[C@@:36]1([H:37])[O:38][C@@:46]([H:47])([N:48]2[C:49](=[O:50])[N:51]=[C:52]([N:53]([H:54])[H:55])[C:56]([H:57])=[C:58]2[H:59])[C@:42]([H:43])([O:44][H:45])[C@:39]1([H:40])[O:41][P:60]([O-:61])(=[O:62])[O:63][C:64]([H:65])([H:66])[C@@:67]1([H:68])[O:69][C@@:78]([H:79])([N:80]2[C:81]([H:82])=[N:83][c:84]3[c:85]([N:86]([H:87])[H:88])[n:89][c:90]([H:91])[n:92][c:93]32)[C@:74]([H:75])([O:76][H:77])[C@:70]1([H:71])[O:72][H:73],93,unassigned_atom_type,28;29;30;59;60;61,"Atoms 28, 29, 30, 59, 60, 61 could not be assigned a bond charge correction atom type."
rna-diverse,29.npz,Nc1ccn([C@@H]2O[C@H](COP(=O)([O-])O[C@H]3[C@@H](O)[C@H](n4cnc5c(=O)[nH]c(N)nc54)O[C@@H]3CO)[C@@H](OP(=O)([O-])OC[C@H]3O[C@@H](n4ccc(=O)[nH]c4=O)[C@H](O)[C@@H]3O)[C@H]2O)c(=O)n1,[H][O][C]([H])([H])[C@@]1([H])[O][C@@]([H])([N]2[C]([H])=[N][C]3=[C]2[N]=[C]([N]([H])[H])[N]([H])[C]3=[O])[C@]([H])([O][H])[C@]1([H])[O][P](=[O])([O-])[O][C]([H])([H])[C@@]1([H])[O][C@@]([H])([N]2[C](=[O])[N]=[C]([N]([H])[H])[C]([H])=[C]2[H])[C@]([H])([O][H])[C@]1([H])[O][P](=[O])([O-])[O][C]([H])([H])[C@@]1([H])[O][C@@]([H])([N]2[C](=[O])[N]([H])[C](=[O])[C]([H])=[C]2[H])[C@]([H])([O][H])[C@]1([H])[O][H],[O:1]([H:2])[C:3]([H:4])([H:5])[C@@:6]1([H:7])[O:8][C@@:16]([H:17])([N:18]2[C:19]([H:20])=[N:21][C:22]3=[C:32]2[N:31]=[C:27]([N:28]([H:29])[H:30])[N:25]([H:26])[C:23]3=[O:24])[C@:12]([H:13])([O:14][H:15])[C@:9]1([H:10])[O:11][P:33]([O-:34])(=[O:35])[O:36][C:37]([H:38])([H:39])[C@@:40]1([H:41])[O:42][C@@:50]([H:51])([N:52]2[C:53](=[O:54])[N:55]=[C:56]([N:57]([H:58])[H:59])[C:60]([H:61])=[C:62]2[H:63])[C@:46]([H:47])([O:48][H:49])[C@:43]1([H:44])[O:45][P:64]([O-:65])(=[O:66])[O:67][C:68]([H:69])([H:70])[C@@:71]1([H:72])[O:73][C@@:82]([H:83])([N:84]2[C:85](=[O:86])[N:87]([H:88])[C:89](=[O:90])[C:91]([H:92])=[C:93]2[H:94])[C@:78]([H:79])([O:80][H:81])[C@:74]1([H:75])[O:76][H:77],94,unassigned_atom_type,32;33;34;63;64;65,"Atoms 32, 33, 34, 63, 64, 65 could not be assigned a bond charge correction atom type."
rna-diverse,30.npz,Nc1ccn([C@@H]2O[C@H](COP(=O)([O-])O[C@H]3[C@@H](O)[C@H](n4cnc5c(=O)[nH]c(N)nc54)O[C@@H]3CO)[C@@H](OP(=O)([O-])OC[C@H]3O[C@@H](n4cnc5c(=O)[nH]c(N)nc54)[C@H](O)[C@@H]3O)[C@H]2O)c(=O)n1,[H][O][C]([H])([H])[C@@]1([H])[O][C@@]([H])([N]2[C]([H])=[N][C]3=[C]2[N]=[C]([N]([H])[H])[N]([H])[C]3=[O])[C@]([H])([O][H])[C@]1([H])[O][P](=[O])([O-])[O][C]([H])([H])[C@@]1([H])[O][C@@]([H])([N]2[C](=[O])[N]=[C]([N]([H])[H])[C]([H])=[C]2[H])[C@]([H])([O][H])[C@]1([H])[O][P](=[O])([O-])[O][C]([H])([H])[C@@]1([H])[O][C@@]([H])([N]2[C]([H])=[N][C]3=[C]2[N]=[C]([N]([H])[H])[N]([H])[C]3=[O])[C@]([H])([O][H])[C@]1([H])[O][H],[O:1]([H:2])[C:3]([H:4])([H:5])[C@@:6]1([H:7])[O:8][C@@:16]([H:17])([N:18]2[C:19]([H:20])=[N:21][C:22]3=[C:32]2[N:31]=[C:27]([N:28]([H:29])[H:30])[N:25]([H:26])[C:23]3=[O:24])[C@:12]([H:13])([O:14][H:15])[C@:9]1([H:10])[O:11][P:33]([O-:34])(=[O:35])[O:36][C:37]([H:38])([H:39])[C@@:40]1([H:41])[O:42][C@@:50]([H:51])([N:52]2[C:53](=[O:54])[N:55]=[C:56]([N:57]([H:58])[H:59])[C:60]([H:61])=[C:62]2[H:63])[C@:46]([H:47])([O:48][H:49])[C@:43]1([H:44])[O:45][P:64]([O-:65])(=[O:66])[O:67][C:68]([H:69])([H:70])[C@@:71]1([H:72])[O:73][C@@:82]([H:83])([N:84]2[C:85]([H:86])=[N:87][C:88]3=[C:98]2[N:97]=[C:93]([N:94]([H:95])[H:96])[N:91]([H:92])[C:89]3=[O:90])[C@:78]([H:79])([O:80][H:81])[C@:74]1([H:75])[O:76][H:77],98,unassigned_atom_type,32;33;34;63;64;65,"Atoms 32, 33, 34, 63, 64, 65 could not be assigned a bond charge correction atom type."
rna-diverse,31.npz,Nc1ccn([C@@H]2O[C@H](COP(=O)([O-])O[C@H]3[C@@H](O)[C@H](n4cnc5c(=O)[nH]c(N)nc54)O[C@@H]3CO)[C@@H](OP(=O)([O-])OC[C@H]3O[C@@H](n4cnc5c(N)ncnc54)[C@H](O)[C@@H]3O)[C@H]2O)c(=O)n1,[H][O][C]([H])([H])[C@@]1([H])[O][C@@]([H])([N]2[C]([H])=[N][C]3=[C]2[N]=[C]([N]([H])[H])[N]([H])[C]3=[O])[C@]([H])([O][H])[C@]1([H])[O][P](=[O])([O-])[O][C]([H])([H])[C@@]1([H])[O][C@@]([H])([N]2[C](=[O])[N]=[C]([N]([H])[H])[C]([H])=[C]2[H])[C@]([H])([O][H])[C@]1([H])[O][P](=[O])([O-])[O][C]([H])([H])[C@@]1([H])[O][C@@]([H])([N]2[C]([H])=[N][c]3[c]([N]([H])[H])[n][c]([H])[n][c]32)[C@]([H])([O][H])[C@]1([H])[O][H],[O:1]([H:2])[C:3]([H:4])([H:5])[C@@:6]1([H:7])[O:8][C@@:16]([H:17])([N:18]2[C:19]([H:20])=[N:21][C:22]3=[C:32]2[N:31]=[C:27]([N:28]([H:29])[H:30])[N:25]([H:26])[C:23]3=[O:24])[C@:12]([H:13])([O:14][H:15])[C@:9]1([H:10])[O:11][P:33]([O-:34])(=[O:35])[O:36][C:37]([H:38])([H:39])[C@@:40]1([H:41])[O:42][C@@:50]([H:51])([N:52]2[C:53](=[O:54])[N:55]=[C:56]([N:57]([H:58])[H:59])[C:60]([H:61])=[C:62]2[H:63])[C@:46]([H:47])([O:48][H:49])[C@:43]1([H:44])[O:45][P:64]([O-:65])(=[O:66])[O:67][C:68]([H:69])([H:70])[C@@:71]1([H:72])[O:73][C@@:82]([H:83])([N:84]2[C:85]([H:86])=[N:87][c:88]3[c:89]([N:90]([H:91])[H:92])[n:93][c:94]([H:95])[n:96][c:97]32)[C@:78]([H:79])([O:80][H:81])[C@:74]1([H:75])[O:76][H:77],97,unassigned_atom_type,32;33;34;63;64;65,"Atoms 32, 33, 34, 63, 64, 65 could not be assigned a bond charge correction atom type."
rna-diverse,32.npz,Nc1ccn([C@@H]2O[C@H](COP(=O)([O-])O[C@H]3[C@@H](O)[C@H](n4cnc5c(N)ncnc54)O[C@@H]3CO)[C@@H](OP(=O)([O-])OC[C@H]3O[C@@H](n4ccc(=O)[nH]c4=O)[C@H](O)[C@@H]3O)[C@H]2O)c(=O)n1,[H][O][C]([H])([H])[C@@]1([H])[O][C@@]([H])([N]2[C]([H])=[N][c]3[c]([N]([H])[H])[n][c]([H])[n][c]32)[C@]([H])([O][H])[C@]1([H])[O][P](=[O])([O-])[O][C]([H])([H])[C@@]1([H])[O][C@@]([H])([N]2[C](=[O])[N]=[C]([N]([H])[H])[C]([H])=[C]2[H])[C@]([H])([O][H])[C@]1([H])[O][P](=[O])([O-])[O][C]([H])([H])[C@@]1([H])[O][C@@]([H])([N]2[C](=[O])[N]([H])[C](=[O])[C]([H])=[C]2[H])[C@]([H])([O][H])[C@]1([H])[O][H],[O:1]([H:2])[C:3]([H:4])([H:5])[C@@:6]1([H:7])[O:8][C@@:16]([H:17])([N:18]2[C:19]([H:20])=[N:21][c:22]3[c:23]([N:24]([H:25])[H:26])[n:27][c:28]([H:29])[n:30][c:31]32)[C@:12]([H:13])([O:14][H:15])[C@:9]1([H:10])[O:11][P:32]([O-:33])(=[O:34])[O:35][C:36]([H:37])([H:38])[C@@:39]1([H:40])[O:41][C@@:49]([H:50])([N:51]2[C:52](=[O:53])[N:54]=[C:55]([N:56]([H:57])[H:58])[C:59]([H:60])=[C:61]2[H:62])[C@:45]([H:46])([O:47][H:48])[C@:42]1([H:43])[O:44][P:63]([O-:64])(=[O:65])[O:66][C:67]([H:68])([H:69])[C@@:70]1([H:71])[O:72][C@@:81]([H:82])([N:83]2[C:84](=[O:85])[N:86]([H:87])[C:88](=[O:89])[C:90]([H:91])=[C:92]2[H:93])[C@:77]([H:78])([O:79][H:80])[C@:73]1([H:74])[O:75][H:76],93,unassigned_atom_type,31;32;33;62;63;64,"Atoms 31, 32, 33, 62, 63, 64 could not be assigned a bond charge correction atom type."
rna-diverse,33.npz,Nc1ccn([C@@H]2O[C@H](COP(=O)([O-])O[C@H]3[C@@H](O)[C@H](n4cnc5c(N)ncnc54)O[C@@H]3CO)[C@@H](OP(=O)([O-])OC[C@H]3O[C@@H](n4cnc5c(=O)[nH]c(N)nc54)[C@H](O)[C@@H]3O)[C@H]2O)c(=O)n1,[H][O][C]([H])([H])[C@@]1([H])[O][C@@]([H])([N]2[C]([H])=[N][c]3[c]([N]([H])[H])[n][c]([H])[n][c]32)[C@]([H])([O][H])[C@]1([H])[O][P](=[O])([O-])[O][C]([H])([H])[C@@]1([H])[O][C@@]([H])([N]2[C](=[O])[N]=[C]([N]([H])[H])[C]([H])=[C]2[H])[C@]([H])([O][H])[C@]1([H])[O][P](=[O])([O-])[O][C]([H])([H])[C@@]1([H])[O][C@@]([H])([N]2[C]([H])=[N][C]3=[C]2[N]=[C]([N]([H])[H])[N]([H])[C]3=[O])[C@]([H])([O][H])[C@]1([H])[O][H],[O:1]([H:2])[C:3]([H:4])([H:5])[C@@:6]1([H:7])[O:8][C@@:16]([H:17])([N:18]2[C:19]([H:20])=[N:21][c:22]3[c:23]([N:24]([H:25])[H:26])[n:27][c:28]([H:29])[n:30][c:31]32)[C@:12]([H:13])([O:14][H:15])[C@:9]1([H:10])[O:11][P:32]([O-:33])(=[O:34])[O:35][C:36]([H:37])([H:38])[C@@:39]1([H:40])[O:41][C@@:49]([H:50])([N:51]2[C:52](=[O:53])[N:54]=[C:55]([N:56]([H:57])[H:58])[C:59]([H:60])=[C:61]2[H:62])[C@:45]([H:46])([O:47][H:48])[C@:42]1([H:43])[O:44][P:63]([O-:64])(=[O:65])[O:66][C:67]([H:68])([H:69])[C@@:70]1([H:71])[O:72][C@@:81]([H:82])([N:83]2[C:84]([H:85])=[N:86][C:87]3=[C:97]2[N:96]=[C:92]([N:93]([H:94])[H:95])[N:90]([H:91])[C:88]3=[O:89])[C@:77]([H:78])([O:79][H:80])[C@:73]1([H:74])[O:75][H:76],97,unassigned_atom_type,31;32;33;62;63;64,"Atoms 31, 32, 33, 62, 63, 64 could not be assigned a bond charge correction atom type."
rna-diverse,34.npz,Nc1ccn([C@@H]2O[C@H](COP(=O)([O-])O[C@H]3[C@@H](O)[C@H](n4cnc5c(N)ncnc54)O[C@@H]3CO)[C@@H](OP(=O)([O-])OC[C@H]3O[C@@H](n4cnc5c(N)ncnc54)[C@H](O)[C@@H]3O)[C@H]2O)c(=O)n1,[H][O][C]([H])([H])[C@@]1([H])[O][C@@]([H])([N]2[C]([H])=[N][c]3[c]([N]([H])[H])[n][c]([H])[n][c]32)[C@]([H])([O][H])[C@]1([H])[O][P](=[O])([O-])[O][C]([H])([H])[C@@]1([H])[O][C@@]([H])([N]2[C](=[O])[N]=[C]([N]([H])[H])[C]([H])=[C]2[H])[C@]([H])([O][H])[C@]1([H])[O][P](=[O])([O-])[O][C]([H])([H])[C@@]1([H])[O][C@@]([H])([N]2[C]([H])=[N][c]3[c]([N]([H])[H])[n][c]([H])[n][c]32)[C@]([H])([O][H])[C@]1([H])[O][H],[O:1]([H:2])[C:3]([H:4])([H:5])[C@@:6]1([H:7])[O:8][C@@:16]([H:17])([N:18]2[C:19]([H:20])=[N:21][c:22]3[c:23]([N:24]([H:25])[H:26])[n:27][c:28]([H:29])[n:30][c:31]32)[C@:12]([H:13])([O:14][H:15])[C@:9]1([H:10])[O:11][P:32]([O-:33])(=[O:34])[O:35][C:36]([H:37])([H:38])[C@@:39]1([H:40])[O:41][C@@:49]([H:50])([N:51]2[C:52](=[O:53])[N:54]=[C:55]([N:56]([H:57])[H:58])[C:59]([H:60])=[C:61]2[H:62])[C@:45]([H:46])([O:47][H:48])[C@:42]1([H:43])[O:44][P:63]([O-:64])(=[O:65])[O:66][C:67]([H:68])([H:69])[C@@:70]1([H:71])[O:72][C@@:81]([H:82])([N:83]2[C:84]([H:85])=[N:86][c:87]3[c:88]([N:89]([H:90])[H:91])[n:92][c:93]([H:94])[n:95][c:96]32)[C@:77]([H:78])([O:79][H:80])[C@:73]1([H:74])[O:75][H:76],96,unassigned_atom_type,31;32;33;62;63;64,"Atoms 31, 32, 33, 62, 63, 64 could not be assigned a bond charge correction atom type."
rna-diverse,35.npz,Nc1ccn([C@@H]2O[C@H](COP(=O)([O-])O[C@H]3[C@@H](O)[C@H](n4ccc(=O)[nH]c4=O)O[C@@H]3COP(=O)([O-])O[C@H]3[C@@H](O)[C@H](n4ccc(=O)[nH]c4=O)O[C@@H]3CO)[C@@H](O)[C@H]2O)c(=O)n1,[H][O][C]([H])([H])[C@@]1([H])[O][C@@]([H])([N]2[C](=[O])[N]([H])[C](=[O])[C]([H])=[C]2[H])[C@]([H])([O][H])[C@]1([H])[O][P](=[O])([O-])[O][C]([H])([H])[C@@]1([H])[O][C@@]([H])([N]2[C](=[O])[N]([H])[C](=[O])[C]([H])=[C]2[H])[C@]([H])([O][H])[C@]1([H])[O][P](=[O])([O-])[O][C]([H])([H])[C@@]1([H])[O][C@@]([H])([N]2[C](=[O])[N]=[C]([N]([H])[H])[C]([H])=[C]2[H])[C@]([H])([O][H])[C@]1([H])[O][H],[O:1]([H:2])[C:3]([H:4])([H:5])[C@@:6]1([H:7])[O:8][C@@:16]([H:17])([N:18]2[C:19](=[O:20])[N:21]([H:22])[C:23](=[O:24])[C:25]([H:26])=[C:27]2[H:28])[C@:12]([H:13])([O:14][H:15])[C@:9]1([H:10])[O:11][P:29]([O-:30])(=[O:31])[O:32][C:33]([H:34])([H:35])[C@@:36]1([H:37])[O:38][C@@:46]([H:47])([N:48]2[C:49](=[O:50])[N:51]([H:52])[C:53](=[O:54])[C:55]([H:56])=[C:57]2[H:58])[C@:42]([H:43])([O:44][H:45])[C@:39]1([H:40])[O:41][P:59]([O-:60])(=[O:61])[O:62][C:63]([H:64])([H:65])[C@@:66]1([H:67])[O:68][C@@:77]([H:78])([N:79]2[C:80](=[O:81])[N:82]=[C:83]([N:84]([H:85])[H:86])[C:87]([H:88])=[C:89]2[H:90])[C@:73]([H:74])([O:75][H:76])[C@:69]1([H:70])[O:71][H:72],90,unassigned_atom_type,28;29;30;58;59;60,"Atoms 28, 29, 30, 58, 59, 60 could not be assigned a bond charge correction atom type."
rna-diverse,36.npz,Nc1ccn([C@@H]2O[C@H](COP(=O)([O-])O[C@H]3[C@@H](O)[C@H](n4ccc(N)nc4=O)O[C@@H]3COP(=O)([O-])O[C@H]3[C@@H](O)[C@H](n4ccc(=O)[nH]c4=O)O[C@@H]3CO)[C@@H](O)[C@H]2O)c(=O)n1,[H][O][C]([H])([H])[C@@]1([H])[O][C@@]([H])([N]2[C](=[O])[N]([H])[C](=[O])[C]([H])=[C]2[H])[C@]([H])([O][H])[C@]1([H])[O][P](=[O])([O-])[O][C]([H])([H])[C@@]1([H])[O][C@@]([H])([N]2[C](=[O])[N]=[C]([N]([H])[H])[C]([H])=[C]2[H])[C@]([H])([O][H])[C@]1([H])[O][P](=[O])([O-])[O][C]([H])([H])[C@@]1([H])[O][C@@]([H])([N]2[C](=[O])[N]=[C]([N]([H])[H])[C]([H])=[C]2[H])[C@]([H])([O][H])[C@]1([H])[O][H],[O:1]([H:2])[C:3]([H:4])([H:5])[C@@:6]1([H:7])[O:8][C@@:16]([H:17])([N:18]2[C:19](=[O:20])[N:21]([H:22])[C:23](=[O:24])[C:25]([H:26])=[C:27]2[H:28])[C@:12]([H:13])([O:14][H:15])[C@:9]1([H:10])[O:11][P:29]([O-:30])(=[O:31])[O:32][C:33]([H:34])([H:35])[C@@:36]1([H:37])[O:38][C@@:46]([H:47])([N:48]2[C:49](=[O:50])[N:51]=[C:52]([N:53]([H:54])[H:55])[C:56]([H:57])=[C:58]2[H:59])[C@:42]([H:43])([O:44][H:45])[C@:39]1([H:40])[O:41][P:60]([O-:61])(=[O:62])[O:63][C:64]([H:65])([H:66])[C@@:67]1([H:68])[O:69][C@@:78]([H:79])([N:80]2[C:81](=[O:82])[N:83]=[C:84]([N:85]([H:86])[H:87])[C:88]([H:89])=[C:90]2[H:91])[C@:74]([H:75])([O:76][H:77])[C@:70]1([H:71])[O:72][H:73],91,unassigned_atom_type,28;29;30;59;60;61,"Atoms 28, 29, 30, 59, 60, 61 could not be assigned a bond charge correction atom type."
rna-diverse,37.npz,Nc1ccn([C@@H]2O[C@H](COP(=O)([O-])O[C@H]3[C@@H](O)[C@H](n4cnc5c(=O)[nH]c(N)nc54)O[C@@H]3COP(=O)([O-])O[C@H]3[C@@H](O)[C@H](n4ccc(=O)[nH]c4=O)O[C@@H]3CO)[C@@H](O)[C@H]2O)c(=O)n1,[H][O][C]([H])([H])[C@@]1([H])[O][C@@]([H])([N]2[C](=[O])[N]([H])[C](=[O])[C]([H])=[C]2[H])[C@]([H])([O][H])[C@]1([H])[O][P](=[O])([O-])[O][C]([H])([H])[C@@]1([H])[O][C@@]([H])([N]2[C]([H])=[N][C]3=[C]2[N]=[C]([N]([H])[H])[N]([H])[C]3=[O])[C@]([H])([O][H])[C@]1([H])[O][P](=[O])([O-])[O][C]([H])([H])[C@@]1([H])[O][C@@]([H])([N]2[C](=[O])[N]=[C]([N]([H])[H])[C]([H])=[C]2[H])[C@]([H])([O][H])[C@]1([H])[O][H],[O:1]([H:2])[C:3]([H:4])([H:5])[C@@:6]1([H:7])[O:8][C@@:16]([H:17])([N:18]2[C:19](=[O:20])[N:21]([H:22])[C:23](=[O:24])[C:25]([H:26])=[C:27]2[H:28])[C@:12]([H:13])([O:14][H:15])[C@:9]1([H:10])[O:11][P:29]([O-:30])(=[O:31])[O:32][C:33]([H:34])([H:35])[C@@:36]1([H:37])[O:38][C@@:46]([H:47])([N:48]2[C:49]([H:50])=[N:51][C:52]3=[C:62]2[N:61]=[C:57]([N:58]([H:59])[H:60])[N:55]([H:56])[C:53]3=[O:54])[C@:42]([H:43])([O:44][H:45])[C@:39]1([H:40])[O:41][P:63]([O-:64])(=[O:65])[O:66][C:67]([H:68])([H:69])[C@@:70]1([H:71])[O:72][C@@:81]([H:82])([N:83]2[C:84](=[O:85])[N:86]=[C:87]([N:88]([H:89])[H:90])[C:91]([H:92])=[C:93]2[H:94])[C@:77]([H:78])([O:79][H:80])[C@:73]1([H:74])[O:75][H:76],94,unassigned_atom_type,28;29;30;62;63;64,"Atoms 28, 29, 30, 62, 63, 64 could not be assigned a bond charge correction atom type."
rna-diverse,38.npz,Nc1ccn([C@@H]2O[C@H](COP(=O)([O-])O[C@H]3[C@@H](O)[C@H](n4cnc5c(N)ncnc54)O[C@@H]3COP(=O)([O-])O[C@H]3[C@@H](O)[C@H](n4ccc(=O)[nH]c4=O)O[C@@H]3CO)[C@@H](O)[C@H]2O)c(=O)n1,[H][O][C]([H])([H])[C@@]1([H])[O][C@@]([H])([N]2[C](=[O])[N]([H])[C](=[O])[C]([H])=[C]2[H])[C@]([H])([O][H])[C@]1([H])[O][P](=[O])([O-])[O][C]([H])([H])[C@@]1([H])[O][C@@]([H])([N]2[C]([H])=[N][c]3[c]([N]([H])[H])[n][c]([H])[n][c]32)[C@]([H])([O][H])[C@]1([H])[O][P](=[O])([O-])[O][C]([H])([H])[C@@]1([H])[O][C@@]([H])([N]2[C](=[O])[N]=[C]([N]([H])[H])[C]([H])=[C]2[H])[C@]([H])([O][H])[C@]1([H])[O][H],[O:1]([H:2])[C:3]([H:4])([H:5])[C@@:6]1([H:7])[O:8][C@@:16]([H:17])([N:18]2[C:19](=[O:20])[N:21]([H:22])[C:23](=[O:24])[C:25]([H:26])=[C:27]2[H:28])[C@:12]([H:13])([O:14][H:15])[C@:9]1([H:10])[O:11][P:29]([O-:30])(=[O:31])[O:32][C:33]([H:34])([H:35])[C@@:36]1([H:37])[O:38][C@@:46]([H:47])([N:48]2[C:49]([H:50])=[N:51][c:52]3[c:53]([N:54]([H:55])[H:56])[n:57][c:58]([H:59])[n:60][c:61]32)[C@:42]([H:43])([O:44][H:45])[C@:39]1([H:40])[O:41][P:62]([O-:63])(=[O:64])[O:65][C:66]([H:67])([H:68])[C@@:69]1([H:70])[O:71][C@@:80]([H:81])([N:82]2[C:83](=[O:84])[N:85]=[C:86]([N:87]([H:88])[H:89])[C:90]([H:91])=[C:92]2[H:93])[C@:76]([H:77])([O:78][H:79])[C@:72]1([H:73])[O:74][H:75],93,unassigned_atom_type,28;29;30;61;62;63,"Atoms 28, 29, 30, 61, 62, 63 could not be assigned a bond charge correction atom type."
rna-diverse,39.npz,Nc1ccn([C@@H]2O[C@H](COP(=O)([O-])O[C@H]3[C@@H](O)[C@H](n4ccc(=O)[nH]c4=O)O[C@@H]3COP(=O)([O-])O[C@H]3[C@@H](O)[C@H](n4ccc(N)nc4=O)O[C@@H]3CO)[C@@H](O)[C@H]2O)c(=O)n1,[H][O][C]([H])([H])[C@@]1([H])[O][C@@]([H])([N]2[C](=[O])[N]=[C]([N]([H])[H])[C]([H])=[C]2[H])[C@]([H])([O][H])[C@]1([H])[O][P](=[O])([O-])[O][C]([H])([H])[C@@]1([H])[O][C@@]([H])([N]2[C](=[O])[N]([H])[C](=[O])[C]([H])=[C]2[H])[C@]([H])([O][H])[C@]1([H])[O][P](=[O])([O-])[O][C]([H])([H])[C@@]1([H])[O][C@@]([H])([N]2[C](=[O])[N]=[C]([N]([H])[H])[C]([H])=[C]2[H])[C@]([H])([O][H])[C@]1([H])[O][H],[O:1]([H:2])[C:3]([H:4])([H:5])[C@@:6]1([H:7])[O:8][C@@:16]([H:17])([N:18]2[C:19](=[O:20])[N:21]=[C:22]([N:23]([H:24])[H:25])[C:26]([H:27])=[C:28]2[H:29])[C@:12]([H:13])([O:14][H:15])[C@:9]1([H:10])[O:11][P:30]([O-:31])(=[O:32])[O:33][C:34]([H:35])([H:36])[C@@:37]1([H:38])[O:39][C@@:47]([H:48])([N:49]2[C:50](=[O:51])[N:52]([H:53])[C:54](=[O:55])[C:56]([H:57])=[C:58]2[H:59])[C@:43]([H:44])([O:45][H:46])[C@:40]1([H:41])[O:42][P:60]([O-:61])(=[O:62])[O:63][C:64]([H:65])([H:66])[C@@:67]1([H:68])[O:69][C@@:78]([H:79])([N:80]2[C:81](=[O:82])[N:83]=[C:84]([N:85]([H:86])[H:87])[C:88]([H:89])=[C:90]2[H:91])[C@:74]([H:75])([O:76][H:77])[C@:70]1([H:71])[O:72][H:73],91,unassigned_atom_type,29;30;31;59;60;61,"Atoms 29, 30, 31, 59, 60, 61 could not be assigned a bond charge correction atom type."
rna-diverse,40.npz,Nc1ccn([C@@H]2O[C@H](COP(=O)([O-])O[C@H]3[C@@H](O)[C@H](n4ccc(N)nc4=O)O[C@@H]3COP(=O)([O-])O[C@H]3[C@@H](O)[C@H](n4ccc(N)nc4=O)O[C@@H]3CO)[C@@H](O)[C@H]2O)c(=O)n1,[H][O][C]([H])([H])[C@@]1([H])[O][C@@]([H])([N]2[C](=[O])[N]=[C]([N]([H])[H])[C]([H])=[C]2[H])[C@]([H])([O][H])[C@]1([H])[O][P](=[O])([O-])[O][C]([H])([H])[C@@]1([H])[O][C@@]([H])([N]2[C](=[O])[N]=[C]([N]([H])[H])[C]([H])=[C]2[H])[C@]([H])([O][H])[C@]1([H])[O][P](=[O])([O-])[O][C]([H])([H])[C@@]1([H])[O][C@@]([H])([N]2[C](=[O])[N]=[C]([N]([H])[H])[C]([H])=[C]2[H])[C@]([H])([O][H])[C@]1([H])[O][H],[O:1]([H:2])[C:3]([H:4])([H:5])[C@@:6]1([H:7])[O:8][C@@:16]([H:17])([N:18]2[C:19](=[O:20])[N:21]=[C:22]([N:23]([H:24])[H:25])[C:26]([H:27])=[C:28]2[H:29])[C@:12]([H:13])([O:14][H:15])[C@:9]1([H:10])[O:11][P:30]([O-:31])(=[O:32])[O:33][C:34]([H:35])([H:36])[C@@:37]1([H:38])[O:39][C@@:47]([H:48])([N:49]2[C:50](=[O:51])[N:52]=[C:53]([N:54]([H:55])[H:56])[C:57]([H:58])=[C:59]2[H:60])[C@:43]([H:44])([O:45][H:46])[C@:40]1([H:41])[O:42][P:61]([O-:62])(=[O:63])[O:64][C:65]([H:66])([H:67])[C@@:68]1([H:69])[O:70][C@@:79]([H:80])([N:81]2[C:82](=[O:83])[N:84]=[C:85]([N:86]([H:87])[H:88])[C:89]([H:90])=[C:91]2[H:92])[C@:75]([H:76])([O:77][H:78])[C@:71]1([H:72])[O:73][H:74],92,unassigned_atom_type,29;30;31;60;61;62,"Atoms 29, 30, 31, 60, 61, 62 could not be assigned a bond charge correction atom type."
rna-diverse,41.npz,Nc1ccn([C@@H]2O[C@H](COP(=O)([O-])O[C@H]3[C@@H](O)[C@H](n4cnc5c(=O)[nH]c(N)nc54)O[C@@H]3COP(=O)([O-])O[C@H]3[C@@H](O)[C@H](n4ccc(N)nc4=O)O[C@@H]3CO)[C@@H](O)[C@H]2O)c(=O)n1,[H][O][C]([H])([H])[C@@]1([H])[O][C@@]([H])([N]2[C](=[O])[N]=[C]([N]([H])[H])[C]([H])=[C]2[H])[C@]([H])([O][H])[C@]1([H])[O][P](=[O])([O-])[O][C]([H])([H])[C@@]1([H])[O][C@@]([H])([N]2[C]([H])=[N][C]3=[C]2[N]=[C]([N]([H])[H])[N]([H])[C]3=[O])[C@]([H])([O][H])[C@]1([H])[O][P](=[O])([O-])[O][C]([H])([H])[C@@]1([H])[O][C@@]([H])([N]2[C](=[O])[N]=[C]([N]([H])[H])[C]([H])=[C]2[H])[C@]([H])([O][H])[C@]1([H])[O][H],[O:1]([H:2])[C:3]([H:4])([H:5])[C@@:6]1([H:7])[O:8][C@@:16]([H:17])([N:18]2[C:19](=[O:20])[N:21]=[C:22]([N:23]([H:24])[H:25])[C:26]([H:27])=[C:28]2[H:29])[C@:12]([H:13])([O:14][H:15])[C@:9]1([H:10])[O:11][P:30]([O-:31])(=[O:32])[O:33][C:34]([H:35])([H:36])[C@@:37]1([H:38])[O:39][C@@:47]([H:48])([N:49]2[C:50]([H:51])=[N:52][C:53]3=[C:63]2[N:62]=[C:58]([N:59]([H:60])[H:61])[N:56]([H:57])[C:54]3=[O:55])[C@:43]([H:44])([O:45][H:46])[C@:40]1([H:41])[O:42][P:64]([O-:65])(=[O:66])[O:67][C:68]([H:69])([H:70])[C@@:71]1([H:72])[O:73][C@@:82]([H:83])([N:84]2[C:85](=[O:86])[N:87]=[C:88]([N:89]([H:90])[H:91])[C:92]([H:93])=[C:94]2[H:95])[C@:78]([H:79])([O:80][H:81])[C@:74]1([H:75])[O:76][H:77],95,unassigned_atom_type,29;30;31;63;64;65,"Atoms 29, 30, 31, 63, 64, 65 could not be assigned a bond charge correction atom type."
rna-diverse,42.npz,Nc1ccn([C@@H]2O[C@H](COP(=O)([O-])O[C@H]3[C@@H](O)[C@H](n4cnc5c(N)ncnc54)O[C@@H]3COP(=O)([O-])O[C@H]3[C@@H](O)[C@H](n4ccc(N)nc4=O)O[C@@H]3CO)[C@@H](O)[C@H]2O)c(=O)n1,[H][O][C]([H])([H])[C@@]1([H])[O][C@@]([H])([N]2[C](=[O])[N]=[C]([N]([H])[H])[C]([H])=[C]2[H])[C@]([H])([O][H])[C@]1([H])[O][P](=[O])([O-])[O][C]([H])([H])[C@@]1([H])[O][C@@]([H])([N]2[C]([H])=[N][c]3[c]([N]([H])[H])[n][c]([H])[n][c]32)[C@]([H])([O][H])[C@]1([H])[O][P](=[O])([O-])[O][C]([H])([H])[C@@]1([H])[O][C@@]([H])([N]2[C](=[O])[N]=[C]([N]([H])[H])[C]([H])=[C]2[H])[C@]([H])([O][H])[C@]1([H])[O][H],[O:1]([H:2])[C:3]([H:4])([H:5])[C@@:6]1([H:7])[O:8][C@@:16]([H:17])([N:18]2[C:19](=[O:20])[N:21]=[C:22]([N:23]([H:24])[H:25])[C:26]([H:27])=[C:28]2[H:29])[C@:12]([H:13])([O:14][H:15])[C@:9]1([H:10])[O:11][P:30]([O-:31])(=[O:32])[O:33][C:34]([H:35])([H:36])[C@@:37]1([H:38])[O:39][C@@:47]([H:48])([N:49]2[C:50]([H:51])=[N:52][c:53]3[c:54]([N:55]([H:56])[H:57])[n:58][c:59]([H:60])[n:61][c:62]32)[C@:43]([H:44])([O:45][H:46])[C@:40]1([H:41])[O:42][P:63]([O-:64])(=[O:65])[O:66][C:67]([H:68])([H:69])[C@@:70]1([H:71])[O:72][C@@:81]([H:82])([N:83]2[C:84](=[O:85])[N:86]=[C:87]([N:88]([H:89])[H:90])[C:91]([H:92])=[C:93]2[H:94])[C@:77]([H:78])([O:79][H:80])[C@:73]1([H:74])[O:75][H:76],94,unassigned_atom_type,29;30;31;62;63;64,"Atoms 29, 30, 31, 62, 63, 64 could not be assigned a bond charge correction atom type."
rna-diverse,43.npz,Nc1ccn([C@@H]2O[C@H](COP(=O)([O-])O[C@H]3[C@@H](O)[C@H](n4ccc(=O)[nH]c4=O)O[C@@H]3COP(=O)([O-])O[C@H]3[C@@H](O)[C@H](n4cnc5c(=O)[nH]c(N)nc54)O[C@@H]3CO)[C@@H](O)[C@H]2O)c(=O)n1,[H][O][C]([H])([H])[C@@]1([H])[O][C@@]([H])([N]2[C]([H])=[N][C]3=[C]2[N]=[C]([N]([H])[H])[N]([H])[C]3=[O])[C@]([H])([O][H])[C@]1([H])[O][P](=[O])([O-])[O][C]([H])([H])[C@@]1([H])[O][C@@]([H])([N]2[C](=[O])[N]([H])[C](=[O])[C]([H])=[C]2[H])[C@]([H])([O][H])[C@]1([H])[O][P](=[O])([O-])[O][C]([H])([H])[C@@]1([H])[O][C@@]([H])([N]2[C](=[O])[N]=[C]([N]([H])[H])[C]([H])=[C]2[H])[C@]([H])([O][H])[C@]1([H])[O][H],[O:1]([H:2])[C:3]([H:4])([H:5])[C@@:6]1([H:7])[O:8][C@@:16]([H:17])([N:18]2[C:19]([H:20])=[N:21][C:22]3=[C:32]2[N:31]=[C:27]([N:28]([H:29])[H:30])[N:25]([H:26])[C:23]3=[O:24])[C@:12]([H:13])([O:14][H:15])[C@:9]1([H:10])[O:11][P:33]([O-:34])(=[O:35])[O:36][C:37]([H:38])([H:39])[C@@:40]1([H:41])[O:42][C@@:50]([H:51])([N:52]2[C:53](=[O:54])[N:55]([H:56])[C:57](=[O:58])[C:59]([H:60])=[C:61]2[H:62])[C@:46]([H:47])([O:48][H:49])[C@:43]1([H:44])[O:45][P:63]([O-:64])(=[O:65])[O:66][C:67]([H:68])([H:69])[C@@:70]1([H:71])[O:72][C@@:81]([H:82])([N:83]2[C:84](=[O:85])[N:86]=[C:87]([N:88]([H:89])[H:90])[C:91]([H:92])=[C:93]2[H:94])[C@:77]([H:78])([O:79][H:80])[C@:73]1([H:74])[O:75][H:76],94,unassigned_atom_type,32;33;34;62;63;64,"Atoms 32, 33, 34, 62, 63, 64 could not be assigned a bond charge correction atom type."
rna-diverse,44.npz,Nc1ccn([C@@H]2O[C@H](COP(=O)([O-])O[C@H]3[C@@H](O)[C@H](n4ccc(N)nc4=O)O[C@@H]3COP(=O)([O-])O[C@H]3[C@@H](O)[C@H](n4cnc5c(=O)[nH]c(N)nc54)O[C@@H]3CO)[C@@H](O)[C@H]2O)c(=O)n1,[H][O][C]([H])([H])[C@@]1([H])[O][C@@]([H])([N]2[C]([H])=[N][C]3=[C]2[N]=[C]([N]([H])[H])[N]([H])[C]3=[O])[C@]([H])([O][H])[C@]1([H])[O][P](=[O])([O-])[O][C]([H])([H])[C@@]1([H])[O][C@@]([H])([N]2[C](=[O])[N]=[C]([N]([H])[H])[C]([H])=[C]2[H])[C@]([H])([O][H])[C@]1([H])[O][P](=[O])([O-])[O][C]([H])([H])[C@@]1([H])[O][C@@]([H])([N]2[C](=[O])[N]=[C]([N]([H])[H])[C]([H])=[C]2[H])[C@]([H])([O][H])[C@]1([H])[O][H],[O:1]([H:2])[C:3]([H:4])([H:5])[C@@:6]1([H:7])[O:8][C@@:16]([H:17])([N:18]2[C:19]([H:20])=[N:21][C:22]3=[C:32]2[N:31]=[C:27]([N:28]([H:29])[H:30])[N:25]([H:26])[C:23]3=[O:24])[C@:12]([H:13])([O:14][H:15])[C@:9]1([H:10])[O:11][P:33]([O-:34])(=[O:35])[O:36][C:37]([H:38])([H:39])[C@@:40]1([H:41])[O:42][C@@:50]([H:51])([N:52]2[C:53](=[O:54])[N:55]=[C:56]([N:57]([H:58])[H:59])[C:60]([H:61])=[C:62]2[H:63])[C@:46]([H:47])([O:48][H:49])[C@:43]1([H:44])[O:45][P:64]([O-:65])(=[O:66])[O:67][C:68]([H:69])([H:70])[C@@:71]1([H:72])[O:73][C@@:82]([H:83])([N:84]2[C:85](=[O:86])[N:87]=[C:88]([N:89]([H:90])[H:91])[C:92]([H:93])=[C:94]2[H:95])[C@:78]([H:79])([O:80][H:81])[C@:74]1([H:75])[O:76][H:77],95,unassigned_atom_type,32;33;34;63;64;65,"Atoms 32, 33, 34, 63, 64, 65 could not be assigned a bond charge correction atom type."
rna-diverse,45.npz,Nc1ccn([C@@H]2O[C@H](COP(=O)([O-])O[C@H]3[C@@H](O)[C@H](n4cnc5c(=O)[nH]c(N)nc54)O[C@@H]3COP(=O)([O-])O[C@H]3[C@@H](O)[C@H](n4cnc5c(=O)[nH]c(N)nc54)O[C@@H]3CO)[C@@H](O)[C@H]2O)c(=O)n1,[H][O][C]([H])([H])[C@@]1([H])[O][C@@]([H])([N]2[C]([H])=[N][C]3=[C]2[N]=[C]([N]([H])[H])[N]([H])[C]3=[O])[C@]([H])([O][H])[C@]1([H])[O][P](=[O])([O-])[O][C]([H])([H])[C@@]1([H])[O][C@@]([H])([N]2[C]([H])=[N][C]3=[C]2[N]=[C]([N]([H])[H])[N]([H])[C]3=[O])[C@]([H])([O][H])[C@]1([H])[O][P](=[O])([O-])[O][C]([H])([H])[C@@]1([H])[O][C@@]([H])([N]2[C](=[O])[N]=[C]([N]([H])[H])[C]([H])=[C]2[H])[C@]([H])([O][H])[C@]1([H])[O][H],[O:1]([H:2])[C:3]([H:4])([H:5])[C@@:6]1([H:7])[O:8][C@@:16]([H:17])([N:18]2[C:19]([H:20])=[N:21][C:22]3=[C:32]2[N:31]=[C:27]([N:28]([H:29])[H:30])[N:25]([H:26])[C:23]3=[O:24])[C@:12]([H:13])([O:14][H:15])[C@:9]1([H:10])[O:11][P:33]([O-:34])(=[O:35])[O:36][C:37]([H:38])([H:39])[C@@:40]1([H:41])[O:42][C@@:50]([H:51])([N:52]2[C:53]([H:54])=[N:55][C:56]3=[C:66]2[N:65]=[C:61]([N:62]([H:63])[H:64])[N:59]([H:60])[C:57]3=[O:58])[C@:46]([H:47])([O:48][H:49])[C@:43]1([H:44])[O:45][P:67]([O-:68])(=[O:69])[O:70][C:71]([H:72])([H:73])[C@@:74]1([H:75])[O:76][C@@:85]([H:86])([N:87]2[C:88](=[O:89])[N:90]=[C:91]([N:92]([H:93])[H:94])[C:95]([H:96])=[C:97]2[H:98])[C@:81]([H:82])([O:83][H:84])[C@:77]1([H:78])[O:79][H:80],98,unassigned_atom_type,32;33;34;66;67;68,"Atoms 32, 33, 34, 66, 67, 68 could not be assigned a bond charge correction atom type."
rna-diverse,46.npz,Nc1ccn([C@@H]2O[C@H](COP(=O)([O-])O[C@H]3[C@@H](O)[C@H](n4cnc5c(N)ncnc54)O[C@@H]3COP(=O)([O-])O[C@H]3[C@@H](O)[C@H](n4cnc5c(=O)[nH]c(N)nc54)O[C@@H]3CO)[C@@H](O)[C@H]2O)c(=O)n1,[H][O][C]([H])([H])[C@@]1([H])[O][C@@]([H])([N]2[C]([H])=[N][C]3=[C]2[N]=[C]([N]([H])[H])[N]([H])[C]3=[O])[C@]([H])([O][H])[C@]1([H])[O][P](=[O])([O-])[O][C]([H])([H])[C@@]1([H])[O][C@@]([H])([N]2[C]([H])=[N][c]3[c]([N]([H])[H])[n][c]([H])[n][c]32)[C@]([H])([O][H])[C@]1([H])[O][P](=[O])([O-])[O][C]([H])([H])[C@@]1([H])[O][C@@]([H])([N]2[C](=[O])[N]=[C]([N]([H])[H])[C]([H])=[C]2[H])[C@]([H])([O][H])[C@]1([H])[O][H],[O:1]([H:2])[C:3]([H:4])([H:5])[C@@:6]1([H:7])[O:8][C@@:16]([H:17])([N:18]2[C:19]([H:20])=[N:21][C:22]3=[C:32]2[N:31]=[C:27]([N:28]([H:29])[H:30])[N:25]([H:26])[C:23]3=[O:24])[C@:12]([H:13])([O:14][H:15])[C@:9]1([H:10])[O:11][P:33]([O-:34])(=[O:35])[O:36][C:37]([H:38])([H:39])[C@@:40]1([H:41])[O:42][C@@:50]([H:51])([N:52]2[C:53]([H:54])=[N:55][c:56]3[c:57]([N:58]([H:59])[H:60])[n:61][c:62]([H:63])[n:64][c:65]32)[C@:46]([H:47])([O:48][H:49])[C@:43]1([H:44])[O:45][P:66]([O-:67])(=[O:68])[O:69][C:70]([H:71])([H:72])[C@@:73]1([H:74])[O:75][C@@:84]([H:85])([N:86]2[C:87](=[O:88])[N:89]=[C:90]([N:91]([H:92])[H:93])[C:94]([H:95])=[C:96]2[H:97])[C@:80]([H:81])([O:82][H:83])[C@:76]1([H:77])[O:78][H:79],97,unassigned_atom_type,32;33;34;65;66;67,"Atoms 32, 33, 34, 65, 66, 67 could not be assigned a bond charge correction atom type."
rna-diverse,47.npz,Nc1ccn([C@@H]2O[C@H](COP(=O)([O-])O[C@H]3[C@@H](O)[C@H](n4ccc(=O)[nH]c4=O)O[C@@H]3COP(=O)([O-])O[C@H]3[C@@H](O)[C@H](n4cnc5c(N)ncnc54)O[C@@H]3CO)[C@@H](O)[C@H]2O)c(=O)n1,[H][O][C]([H])([H])[C@@]1([H])[O][C@@]([H])([N]2[C]([H])=[N][c]3[c]([N]([H])[H])[n][c]([H])[n][c]32)[C@]([H])([O][H])[C@]1([H])[O][P](=[O])([O-])[O][C]([H])([H])[C@@]1([H])[O][C@@]([H])([N]2[C](=[O])[N]([H])[C](=[O])[C]([H])=[C]2[H])[C@]([H])([O][H])[C@]1([H])[O][P](=[O])([O-])[O][C]([H])([H])[C@@]1([H])[O][C@@]([H])([N]2[C](=[O])[N]=[C]([N]([H])[H])[C]([H])=[C]2[H])[C@]([H])([O][H])[C@]1([H])[O][H],[O:1]([H:2])[C:3]([H:4])([H:5])[C@@:6]1([H:7])[O:8][C@@:16]([H:17])([N:18]2[C:19]([H:20])=[N:21][c:22]3[c:23]([N:24]([H:25])[H:26])[n:27][c:28]([H:29])[n:30][c:31]32)[C@:12]([H:13])([O:14][H:15])[C@:9]1([H:10])[O:11][P:32]([O-:33])(=[O:34])[O:35][C:36]([H:37])([H:38])[C@@:39]1([H:40])[O:41][C@@:49]([H:50])([N:51]2[C:52](=[O:53])[N:54]([H:55])[C:56](=[O:57])[C:58]([H:59])=[C:60]2[H:61])[C@:45]([H:46])([O:47][H:48])[C@:42]1([H:43])[O:44][P:62]([O-:63])(=[O:64])[O:65][C:66]([H:67])([H:68])[C@@:69]1([H:70])[O:71][C@@:80]([H:81])([N:82]2[C:83](=[O:84])[N:85]=[C:86]([N:87]([H:88])[H:89])[C:90]([H:91])=[C:92]2[H:93])[C@:76]([H:77])([O:78][H:79])[C@:72]1([H:73])[O:74][H:75],93,unassigned_atom_type,31;32;33;61;62;63,"Atoms 31, 32, 33, 61, 62, 63 could not be assigned a bond charge correction atom type."
rna-diverse,48.npz,Nc1ccn([C@@H]2O[C@H](COP(=O)([O-])O[C@H]3[C@@H](O)[C@H](n4ccc(N)nc4=O)O[C@@H]3COP(=O)([O-])O[C@H]3[C@@H](O)[C@H](n4cnc5c(N)ncnc54)O[C@@H]3CO)[C@@H](O)[C@H]2O)c(=O)n1,[H][O][C]([H])([H])[C@@]1([H])[O][C@@]([H])([N]2[C]([H])=[N][c]3[c]([N]([H])[H])[n][c]([H])[n][c]32)[C@]([H])([O][H])[C@]1([H])[O][P](=[O])([O-])[O][C]([H])([H])[C@@]1([H])[O][C@@]([H])([N]2[C](=[O])[N]=[C]([N]([H])[H])[C]([H])=[C]2[H])[C@]([H])([O][H])[C@]1([H])[O][P](=[O])([O-])[O][C]([H])([H])[C@@]1([H])[O][C@@]([H])([N]2[C](=[O])[N]=[C]([N]([H])[H])[C]([H])=[C]2[H])[C@]([H])([O][H])[C@]1([H])[O][H],[O:1]([H:2])[C:3]([H:4])([H:5])[C@@:6]1([H:7])[O:8][C@@:16]([H:17])([N:18]2[C:19]([H:20])=[N:21][c:22]3[c:23]([N:24]([H:25])[H:26])[n:27][c:28]([H:29])[n:30][c:31]32)[C@:12]([H:13])([O:14][H:15])[C@:9]1([H:10])[O:11][P:32]([O-:33])(=[O:34])[O:35][C:36]([H:37])([H:38])[C@@:39]1([H:40])[O:41][C@@:49]([H:50])([N:51]2[C:52](=[O:53])[N:54]=[C:55]([N:56]([H:57])[H:58])[C:59]([H:60])=[C:61]2[H:62])[C@:45]([H:46])([O:47][H:48])[C@:42]1([H:43])[O:44][P:63]([O-:64])(=[O:65])[O:66][C:67]([H:68])([H:69])[C@@:70]1([H:71])[O:72][C@@:81]([H:82])([N:83]2[C:84](=[O:85])[N:86]=[C:87]([N:88]([H:89])[H:90])[C:91]([H:92])=[C:93]2[H:94])[C@:77]([H:78])([O:79][H:80])[C@:73]1([H:74])[O:75][H:76],94,unassigned_atom_type,31;32;33;62;63;64,"Atoms 31, 32, 33, 62, 63, 64 could not be assigned a bond charge correction atom type."
rna-diverse,49.npz,Nc1ccn([C@@H]2O[C@H](COP(=O)([O-])O[C@H]3[C@@H](O)[C@H](n4cnc5c(=O)[nH]c(N)nc54)O[C@@H]3COP(=O)([O-])O[C@H]3[C@@H](O)[C@H](n4cnc5c(N)ncnc54)O[C@@H]3CO)[C@@H](O)[C@H]2O)c(=O)n1,[H][O][C]([H])([H])[C@@]1([H])[O][C@@]([H])([N]2[C]([H])=[N][c]3[c]([N]([H])[H])[n][c]([H])[n][c]32)[C@]([H])([O][H])[C@]1([H])[O][P](=[O])([O-])[O][C]([H])([H])[C@@]1([H])[O][C@@]([H])([N]2[C]([H])=[N][C]3=[C]2[N]=[C]([N]([H])[H])[N]([H])[C]3=[O])[C@]([H])([O][H])[C@]1([H])[O][P](=[O])([O-])[O][C]([H])([H])[C@@]1([H])[O][C@@]([H])([N]2[C](=[O])[N]=[C]([N]([H])[H])[C]([H])=[C]2[H])[C@]([H])([O][H])[C@]1([H])[O][H],[O:1]([H:2])[C:3]([H:4])([H:5])[C@@:6]1([H:7])[O:8][C@@:16]([H:17])([N:18]2[C:19]([H:20])=[N:21][c:22]3[c:23]([N:24]([H:25])[H:26])[n:27][c:28]([H:29])[n:30][c:31]32)[C@:12]([H:13])([O:14][H:15])[C@:9]1([H:10])[O:11][P:32]([O-:33])(=[O:34])[O:35][C:36]([H:37])([H:38])[C@@:39]1([H:40])[O:41][C@@:49]([H:50])([N:51]2[C:52]([H:53])=[N:54][C:55]3=[C:65]2[N:64]=[C:60]([N:61]([H:62])[H:63])[N:58]([H:59])[C:56]3=[O:57])[C@:45]([H:46])([O:47][H:48])[C@:42]1([H:43])[O:44][P:66]([O-:67])(=[O:68])[O:69][C:70]([H:71])([H:72])[C@@:73]1([H:74])[O:75][C@@:84]([H:85])([N:86]2[C:87](=[O:88])[N:89]=[C:90]([N:91]([H:92])[H:93])[C:94]([H:95])=[C:96]2[H:97])[C@:80]([H:81])([O:82][H:83])[C@:76]1([H:77])[O:78][H:79],97,unassigned_atom_type,31;32;33;65;66;67,"Atoms 31, 32, 33, 65, 66, 67 could not be assigned a bond charge correction atom type."
rna-diverse,50.npz,Nc1ccn([C@@H]2O[C@H](COP(=O)([O-])O[C@H]3[C@@H](O)[C@H](n4cnc5c(N)ncnc54)O[C@@H]3COP(=O)([O-])O[C@H]3[C@@H](O)[C@H](n4cnc5c(N)ncnc54)O[C@@H]3CO)[C@@H](O)[C@H]2O)c(=O)n1,[H][O][C]([H])([H])[C@@]1([H])[O][C@@]([H])([N]2[C]([H])=[N][c]3[c]([N]([H])[H])[n][c]([H])[n][c]32)[C@]([H])([O][H])[C@]1([H])[O][P](=[O])([O-])[O][C]([H])([H])[C@@]1([H])[O][C@@]([H])([N]2[C]([H])=[N][c]3[c]([N]([H])[H])[n][c]([H])[n][c]32)[C@]([H])([O][H])[C@]1([H])[O][P](=[O])([O-])[O][C]([H])([H])[C@@]1([H])[O][C@@]([H])([N]2[C](=[O])[N]=[C]([N]([H])[H])[C]([H])=[C]2[H])[C@]([H])([O][H])[C@]1([H])[O][H],[O:1]([H:2])[C:3]([H:4])([H:5])[C@@:6]1([H:7])[O:8][C@@:16]([H:17])([N:18]2[C:19]([H:20])=[N:21][c:22]3[c:23]([N:24]([H:25])[H:26])[n:27][c:28]([H:29])[n:30][c:31]32)[C@:12]([H:13])([O:14][H:15])[C@:9]1([H:10])[O:11][P:32]([O-:33])(=[O:34])[O:35][C:36]([H:37])([H:38])[C@@:39]1([H:40])[O:41][C@@:49]([H:50])([N:51]2[C:52]([H:53])=[N:54][c:55]3[c:56]([N:57]([H:58])[H:59])[n:60][c:61]([H:62])[n:63][c:64]32)[C@:45]([H:46])([O:47][H:48])[C@:42]1([H:43])[O:44][P:65]([O-:66])(=[O:67])[O:68][C:69]([H:70])([H:71])[C@@:72]1([H:73])[O:74][C@@:83]([H:84])([N:85]2[C:86](=[O:87])[N:88]=[C:89]([N:90]([H:91])[H:92])[C:93]([H:94])=[C:95]2[H:96])[C@:79]([H:80])([O:81][H:82])[C@:75]1([H:76])[O:77][H:78],96,unassigned_atom_type,31;32;33;64;65;66,"Atoms 31, 32, 33, 64, 65, 66 could not be assigned a bond charge correction atom type."
rna-diverse,60.npz,Nc1nc2c(ncn2[C@@H]2O[C@H](CO)[C@@H](OP(=O)([O-])OC[C@H]3O[C@@H](n4ccc(=O)[nH]c4=O)[C@H](O)[C@@H]3OP(=O)([O-])OC[C@H]3O[C@@H](n4ccc(=O)[nH]c4=O)[C@H](O)[C@@H]3O)[C@H]2O)c(=O)[nH]1,[H][O][C]([H])([H])[C@@]1([H])[O][C@@]([H])([N]2[C]([H])=[N][C]3=[C]2[N]=[C]([N]([H])[H])[N]([H])[C]3=[O])[C@]([H])([O][H])[C@]1([H])[O][P](=[O])([O-])[O][C]([H])([H])[C@@]1([H])[O][C@@]([H])([N]2[C](=[O])[N]([H])[C](=[O])[C]([H])=[C]2[H])[C@]([H])([O][H])[C@]1([H])[O][P](=[O])([O-])[O][C]([H])([H])[C@@]1([H])[O][C@@]([H])([N]2[C](=[O])[N]([H])[C](=[O])[C]([H])=[C]2[H])[C@]([H])([O][H])[C@]1([H])[O][H],[O:1]([H:2])[C:3]([H:4])([H:5])[C@@:6]1([H:7])[O:8][C@@:16]([H:17])([N:18]2[C:19]([H:20])=[N:21][C:22]3=[C:32]2[N:31]=[C:27]([N:28]([H:29])[H:30])[N:25]([H:26])[C:23]3=[O:24])[C@:12]([H:13])([O:14][H:15])[C@:9]1([H:10])[O:11][P:33]([O-:34])(=[O:35])[O:36][C:37]([H:38])([H:39])[C@@:40]1([H:41])[O:42][C@@:50]([H:51])([N:52]2[C:53](=[O:54])[N:55]([H:56])[C:57](=[O:58])[C:59]([H:60])=[C:61]2[H:62])[C@:46]([H:47])([O:48][H:49])[C@:43]1([H:44])[O:45][P:63]([O-:64])(=[O:65])[O:66][C:67]([H:68])([H:69])[C@@:70]1([H:71])[O:72][C@@:81]([H:82])([N:83]2[C:84](=[O:85])[N:86]([H:87])[C:88](=[O:89])[C:90]([H:91])=[C:92]2[H:93])[C@:77]([H:78])([O:79][H:80])[C@:73]1([H:74])[O:75][H:76],93,unassigned_atom_type,32;33;34;62;63;64,"Atoms 32, 33, 34, 62, 63, 64 could not be assigned a bond charge correction atom type."
rna-diverse,61.npz,Nc1nc2c(ncn2[C@@H]2O[C@H](CO)[C@@H](OP(=O)([O-])OC[C@H]3O[C@@H](n4ccc(=O)[nH]c4=O)[C@H](O)[C@@H]3OP(=O)([O-])OC[C@H]3O[C@@H](n4cnc5c(N)ncnc54)[C@H](O)[C@@H]3O)[C@H]2O)c(=O)[nH]1,[H][O][C]([H])([H])[C@@]1([H])[O][C@@]([H])([N]2[C]([H])=[N][C]3=[C]2[N]=[C]([N]([H])[H])[N]([H])[C]3=[O])[C@]([H])([O][H])[C@]1([H])[O][P](=[O])([O-])[O][C]([H])([H])[C@@]1([H])[O][C@@]([H])([N]2[C](=[O])[N]([H])[C](=[O])[C]([H])=[C]2[H])[C@]([H])([O][H])[C@]1([H])[O][P](=[O])([O-])[O][C]([H])([H])[C@@]1([H])[O][C@@]([H])([N]2[C]([H])=[N][c]3[c]([N]([H])[H])[n][c]([H])[n][c]32)[C@]([H])([O][H])[C@]1([H])[O][H],[O:1]([H:2])[C:3]([H:4])([H:5])[C@@:6]1([H:7])[O:8][C@@:16]([H:17])([N:18]2[C:19]([H:20])=[N:21][C:22]3=[C:32]2[N:31]=[C:27]([N:28]([H:29])[H:30])[N:25]([H:26])[C:23]3=[O:24])[C@:12]([H:13])([O:14][H:15])[C@:9]1([H:10])[O:11][P:33]([O-:34])(=[O:35])[O:36][C:37]([H:38])([H:39])[C@@:40]1([H:41])[O:42][C@@:50]([H:51])([N:52]2[C:53](=[O:54])[N:55]([H:56])[C:57](=[O:58])[C:59]([H:60])=[C:61]2[H:62])[C@:46]([H:47])([O:48][H:49])[C@:43]1([H:44])[O:45][P:63]([O-:64])(=[O:65])[O:66][C:67]([H:68])([H:69])[C@@:70]1([H:71])[O:72][C@@:81]([H:82])([N:83]2[C:84]([H:85])=[N:86][c:87]3[c:88]([N:89]([H:90])[H:91])[n:92][c:93]([H:94])[n:95][c:96]32)[C@:77]([H:78])([O:79][H:80])[C@:73]1([H:74])[O:75][H:76],96,unassigned_atom_type,32;33;34;62;63;64,"Atoms 32, 33, 34, 62, 63, 64 could not be assigned a bond charge correction atom type."
rna-diverse,62.npz,Nc1nc2c(ncn2[C@@H]2O[C@H](CO)[C@@H](OP(=O)([O-])OC[C@H]3O[C@@H](n4cnc5c(=O)[nH]c(N)nc54)[C@H](O)[C@@H]3OP(=O)([O-])OC[C@H]3O[C@@H](n4ccc(=O)[nH]c4=O)[C@H](O)[C@@H]3O)[C@H]2O)c(=O)[nH]1,[H][O][C]([H])([H])[C@@]1([H])[O][C@@]([H])([N]2[C]([H])=[N][C]3=[C]2[N]=[C]([N]([H])[H])[N]([H])[C]3=[O])[C@]([H])([O][H])[C@]1([H])[O][P](=[O])([O-])[O][C]([H])([H])[C@@]1([H])[O][C@@]([H])([N]2[C]([H])=[N][C]3=[C]2[N]=[C]([N]([H])[H])[N]([H])[C]3=[O])[C@]([H])([O][H])[C@]1([H])[O][P](=[O])([O-])[O][C]([H])([H])[C@@]1([H])[O][C@@]([H])([N]2[C](=[O])[N]([H])[C](=[O])[C]([H])=[C]2[H])[C@]([H])([O][H])[C@]1([H])[O][H],[O:1]([H:2])[C:3]([H:4])([H:5])[C@@:6]1([H:7])[O:8][C@@:16]([H:17])([N:18]2[C:19]([H:20])=[N:21][C:22]3=[C:32]2[N:31]=[C:27]([N:28]([H:29])[H:30])[N:25]([H:26])[C:23]3=[O:24])[C@:12]([H:13])([O:14][H:15])[C@:9]1([H:10])[O:11][P:33]([O-:34])(=[O:35])[O:36][C:37]([H:38])([H:39])[C@@:40]1([H:41])[O:42][C@@:50]([H:51])([N:52]2[C:53]([H:54])=[N:55][C:56]3=[C:66]2[N:65]=[C:61]([N:62]([H:63])[H:64])[N:59]([H:60])[C:57]3=[O:58])[C@:46]([H:47])([O:48][H:49])[C@:43]1([H:44])[O:45][P:67]([O-:68])(=[O:69])[O:70][C:71]([H:72])([H:73])[C@@:74]1([H:75])[O:76][C@@:85]([H:86])([N:87]2[C:88](=[O:89])[N:90]([H:91])[C:92](=[O:93])[C:94]([H:95])=[C:96]2[H:97])[C@:81]([H:82])([O:83][H:84])[C@:77]1([H:78])[O:79][H:80],97,unassigned_atom_type,32;33;34;66;67;68,"Atoms 32, 33, 34, 66, 67, 68 could not be assigned a bond charge correction atom type."
rna-diverse,63.npz,Nc1nc2c(ncn2[C@@H]2O[C@H](CO)[C@@H](OP(=O)([O-])OC[C@H]3O[C@@H](n4cnc5c(=O)[nH]c(N)nc54)[C@H](O)[C@@H]3OP(=O)([O-])OC[C@H]3O[C@@H](n4cnc5c(N)ncnc54)[C@H](O)[C@@H]3O)[C@H]2O)c(=O)[nH]1,[H][O][C]([H])([H])[C@@]1([H])[O][C@@]([H])([N]2[C]([H])=[N][C]3=[C]2[N]=[C]([N]([H])[H])[N]([H])[C]3=[O])[C@]([H])([O][H])[C@]1([H])[O][P](=[O])([O-])[O][C]([H])([H])[C@@]1([H])[O][C@@]([H])([N]2[C]([H])=[N][C]3=[C]2[N]=[C]([N]([H])[H])[N]([H])[C]3=[O])[C@]([H])([O][H])[C@]1([H])[O][P](=[O])([O-])[O][C]([H])([H])[C@@]1([H])[O][C@@]([H])([N]2[C]([H])=[N][c]3[c]([N]([H])[H])[n][c]([H])[n][c]32)[C@]([H])([O][H])[C@]1([H])[O][H],[O:1]([H:2])[C:3]([H:4])([H:5])[C@@:6]1([H:7])[O:8][C@@:16]([H:17])([N:18]2[C:19]([H:20])=[N:21][C:22]3=[C:32]2[N:31]=[C:27]([N:28]([H:29])[H:30])[N:25]([H:26])[C:23]3=[O:24])[C@:12]([H:13])([O:14][H:15])[C@:9]1([H:10])[O:11][P:33]([O-:34])(=[O:35])[O:36][C:37]([H:38])([H:39])[C@@:40]1([H:41])[O:42][C@@:50]([H:51])([N:52]2[C:53]([H:54])=[N:55][C:56]3=[C:66]2[N:65]=[C:61]([N:62]([H:63])[H:64])[N:59]([H:60])[C:57]3=[O:58])[C@:46]([H:47])([O:48][H:49])[C@:43]1([H:44])[O:45][P:67]([O-:68])(=[O:69])[O:70][C:71]([H:72])([H:73])[C@@:74]1([H:75])[O:76][C@@:85]([H:86])([N:87]2[C:88]([H:89])=[N:90][c:91]3[c:92]([N:93]([H:94])[H:95])[n:96][c:97]([H:98])[n:99][c:100]32)[C@:81]([H:82])([O:83][H:84])[C@:77]1([H:78])[O:79][H:80],100,unassigned_atom_type,32;33;34;66;67;68,"Atoms 32, 33, 34, 66, 67, 68 could not be assigned a bond charge correction atom type."
rna-diverse,64.npz,Nc1nc2c(ncn2[C@@H]2O[C@H](CO)[C@@H](OP(=O)([O-])OC[C@H]3O[C@@H](n4cnc5c(N)ncnc54)[C@H](O)[C@@H]3OP(=O)([O-])OC[C@H]3O[C@@H](n4ccc(=O)[nH]c4=O)[C@H](O)[C@@H]3O)[C@H]2O)c(=O)[nH]1,[H][O][C]([H])([H])[C@@]1([H])[O][C@@]([H])([N]2[C]([H])=[N][C]3=[C]2[N]=[C]([N]([H])[H])[N]([H])[C]3=[O])[C@]([H])([O][H])[C@]1([H])[O][P](=[O])([O-])[O][C]([H])([H])[C@@]1([H])[O][C@@]([H])([N]2[C]([H])=[N][c]3[c]([N]([H])[H])[n][c]([H])[n][c]32)[C@]([H])([O][H])[C@]1([H])[O][P](=[O])([O-])[O][C]([H])([H])[C@@]1([H])[O][C@@]([H])([N]2[C](=[O])[N]([H])[C](=[O])[C]([H])=[C]2[H])[C@]([H])([O][H])[C@]1([H])[O][H],[O:1]([H:2])[C:3]([H:4])([H:5])[C@@:6]1([H:7])[O:8][C@@:16]([H:17])([N:18]2[C:19]([H:20])=[N:21][C:22]3=[C:32]2[N:31]=[C:27]([N:28]([H:29])[H:30])[N:25]([H:26])[C:23]3=[O:24])[C@:12]([H:13])([O:14][H:15])[C@:9]1([H:10])[O:11][P:33]([O-:34])(=[O:35])[O:36][C:37]([H:38])([H:39])[C@@:40]1([H:41])[O:42][C@@:50]([H:51])([N:52]2[C:53]([H:54])=[N:55][c:56]3[c:57]([N:58]([H:59])[H:60])[n:61][c:62]([H:63])[n:64][c:65]32)[C@:46]([H:47])([O:48][H:49])[C@:43]1([H:44])[O:45][P:66]([O-:67])(=[O:68])[O:69][C:70]([H:71])([H:72])[C@@:73]1([H:74])[O:75][C@@:84]([H:85])([N:86]2[C:87](=[O:88])[N:89]([H:90])[C:91](=[O:92])[C:93]([H:94])=[C:95]2[H:96])[C@:80]([H:81])([O:82][H:83])[C@:76]1([H:77])[O:78][H:79],96,unassigned_atom_type,32;33;34;65;66;67,"Atoms 32, 33, 34, 65, 66, 67 could not be assigned a bond charge correction atom type."
rna-diverse,65.npz,Nc1nc2c(ncn2[C@@H]2O[C@H](CO)[C@@H](OP(=O)([O-])OC[C@H]3O[C@@H](n4cnc5c(N)ncnc54)[C@H](O)[C@@H]3OP(=O)([O-])OC[C@H]3O[C@@H](n4cnc5c(N)ncnc54)[C@H](O)[C@@H]3O)[C@H]2O)c(=O)[nH]1,[H][O][C]([H])([H])[C@@]1([H])[O][C@@]([H])([N]2[C]([H])=[N][C]3=[C]2[N]=[C]([N]([H])[H])[N]([H])[C]3=[O])[C@]([H])([O][H])[C@]1([H])[O][P](=[O])([O-])[O][C]([H])([H])[C@@]1([H])[O][C@@]([H])([N]2[C]([H])=[N][c]3[c]([N]([H])[H])[n][c]([H])[n][c]32)[C@]([H])([O][H])[C@]1([H])[O][P](=[O])([O-])[O][C]([H])([H])[C@@]1([H])[O][C@@]([H])([N]2[C]([H])=[N][c]3[c]([N]([H])[H])[n][c]([H])[n][c]32)[C@]([H])([O][H])[C@]1([H])[O][H],[O:1]([H:2])[C:3]([H:4])([H:5])[C@@:6]1([H:7])[O:8][C@@:16]([H:17])([N:18]2[C:19]([H:20])=[N:21][C:22]3=[C:32]2[N:31]=[C:27]([N:28]([H:29])[H:30])[N:25]([H:26])[C:23]3=[O:24])[C@:12]([H:13])([O:14][H:15])[C@:9]1([H:10])[O:11][P:33]([O-:34])(=[O:35])[O:36][C:37]([H:38])([H:39])[C@@:40]1([H:41])[O:42][C@@:50]([H:51])([N:52]2[C:53]([H:54])=[N:55][c:56]3[c:57]([N:58]([H:59])[H:60])[n:61][c:62]([H:63])[n:64][c:65]32)[C@:46]([H:47])([O:48][H:49])[C@:43]1([H:44])[O:45][P:66]([O-:67])(=[O:68])[O:69][C:70]([H:71])([H:72])[C@@:73]1([H:74])[O:75][C@@:84]([H:85])([N:86]2[C:87]([H:88])=[N:89][c:90]3[c:91]([N:92]([H:93])[H:94])[n:95][c:96]([H:97])[n:98][c:99]32)[C@:80]([H:81])([O:82][H:83])[C@:76]1([H:77])[O:78][H:79],99,unassigned_atom_type,32;33;34;65;66;67,"Atoms 32, 33, 34, 65, 66, 67 could not be assigned a bond charge correction atom type."
rna-diverse,66.npz,Nc1nc2c(ncn2[C@@H]2O[C@H](COP(=O)([O-])O[C@H]3[C@@H](O)[C@H](n4ccc(=O)[nH]c4=O)O[C@@H]3CO)[C@@H](OP(=O)([O-])OC[C@H]3O[C@@H](n4ccc(=O)[nH]c4=O)[C@H](O)[C@@H]3O)[C@H]2O)c(=O)[nH]1,[H][O][C]([H])([H])[C@@]1([H])[O][C@@]([H])([N]2[C](=[O])[N]([H])[C](=[O])[C]([H])=[C]2[H])[C@]([H])([O][H])[C@]1([H])[O][P](=[O])([O-])[O][C]([H])([H])[C@@]1([H])[O][C@@]([H])([N]2[C]([H])=[N][C]3=[C]2[N]=[C]([N]([H])[H])[N]([H])[C]3=[O])[C@]([H])([O][H])[C@]1([H])[O][P](=[O])([O-])[O][C]([H])([H])[C@@]1([H])[O][C@@]([H])([N]2[C](=[O])[N]([H])[C](=[O])[C]([H])=[C]2[H])[C@]([H])([O][H])[C@]1([H])[O][H],[O:1]([H:2])[C:3]([H:4])([H:5])[C@@:6]1([H:7])[O:8][C@@:16]([H:17])([N:18]2[C:19](=[O:20])[N:21]([H:22])[C:23](=[O:24])[C:25]([H:26])=[C:27]2[H:28])[C@:12]([H:13])([O:14][H:15])[C@:9]1([H:10])[O:11][P:29]([O-:30])(=[O:31])[O:32][C:33]([H:34])([H:35])[C@@:36]1([H:37])[O:38][C@@:46]([H:47])([N:48]2[C:49]([H:50])=[N:51][C:52]3=[C:62]2[N:61]=[C:57]([N:58]([H:59])[H:60])[N:55]([H:56])[C:53]3=[O:54])[C@:42]([H:43])([O:44][H:45])[C@:39]1([H:40])[O:41][P:63]([O-:64])(=[O:65])[O:66][C:67]([H:68])([H:69])[C@@:70]1([H:71])[O:72][C@@:81]([H:82])([N:83]2[C:84](=[O:85])[N:86]([H:87])[C:88](=[O:89])[C:90]([H:91])=[C:92]2[H:93])[C@:77]([H:78])([O:79][H:80])[C@:73]1([H:74])[O:75][H:76],93,unassigned_atom_type,28;29;30;62;63;64,"Atoms 28, 29, 30, 62, 63, 64 could not be assigned a bond charge correction atom type."
rna-diverse,67.npz,Nc1nc2c(ncn2[C@@H]2O[C@H](COP(=O)([O-])O[C@H]3[C@@H](O)[C@H](n4ccc(=O)[nH]c4=O)O[C@@H]3CO)[C@@H](OP(=O)([O-])OC[C@H]3O[C@@H](n4cnc5c(N)ncnc54)[C@H](O)[C@@H]3O)[C@H]2O)c(=O)[nH]1,[H][O][C]([H])([H])[C@@]1([H])[O][C@@]([H])([N]2[C](=[O])[N]([H])[C](=[O])[C]([H])=[C]2[H])[C@]([H])([O][H])[C@]1([H])[O][P](=[O])([O-])[O][C]([H])([H])[C@@]1([H])[O][C@@]([H])([N]2[C]([H])=[N][C]3=[C]2[N]=[C]([N]([H])[H])[N]([H])[C]3=[O])[C@]([H])([O][H])[C@]1([H])[O][P](=[O])([O-])[O][C]([H])([H])[C@@]1([H])[O][C@@]([H])([N]2[C]([H])=[N][c]3[c]([N]([H])[H])[n][c]([H])[n][c]32)[C@]([H])([O][H])[C@]1([H])[O][H],[O:1]([H:2])[C:3]([H:4])([H:5])[C@@:6]1([H:7])[O:8][C@@:16]([H:17])([N:18]2[C:19](=[O:20])[N:21]([H:22])[C:23](=[O:24])[C:25]([H:26])=[C:27]2[H:28])[C@:12]([H:13])([O:14][H:15])[C@:9]1([H:10])[O:11][P:29]([O-:30])(=[O:31])[O:32][C:33]([H:34])([H:35])[C@@:36]1([H:37])[O:38][C@@:46]([H:47])([N:48]2[C:49]([H:50])=[N:51][C:52]3=[C:62]2[N:61]=[C:57]([N:58]([H:59])[H:60])[N:55]([H:56])[C:53]3=[O:54])[C@:42]([H:43])([O:44][H:45])[C@:39]1([H:40])[O:41][P:63]([O-:64])(=[O:65])[O:66][C:67]([H:68])([H:69])[C@@:70]1([H:71])[O:72][C@@:81]([H:82])([N:83]2[C:84]([H:85])=[N:86][c:87]3[c:88]([N:89]([H:90])[H:91])[n:92][c:93]([H:94])[n:95][c:96]32)[C@:77]([H:78])([O:79][H:80])[C@:73]1([H:74])[O:75][H:76],96,unassigned_atom_type,28;29;30;62;63;64,"Atoms 28, 29, 30, 62, 63, 64 could not be assigned a bond charge correction atom type."
rna-diverse,68.npz,Nc1nc2c(ncn2[C@@H]2O[C@H](COP(=O)([O-])O[C@H]3[C@@H](O)[C@H](n4cnc5c(N)ncnc54)O[C@@H]3CO)[C@@H](OP(=O)([O-])OC[C@H]3O[C@@H](n4ccc(=O)[nH]c4=O)[C@H](O)[C@@H]3O)[C@H]2O)c(=O)[nH]1,[H][O][C]([H])([H])[C@@]1([H])[O][C@@]([H])([N]2[C]([H])=[N][c]3[c]([N]([H])[H])[n][c]([H])[n][c]32)[C@]([H])([O][H])[C@]1([H])[O][P](=[O])([O-])[O][C]([H])([H])[C@@]1([H])[O][C@@]([H])([N]2[C]([H])=[N][C]3=[C]2[N]=[C]([N]([H])[H])[N]([H])[C]3=[O])[C@]([H])([O][H])[C@]1([H])[O][P](=[O])([O-])[O][C]([H])([H])[C@@]1([H])[O][C@@]([H])([N]2[C](=[O])[N]([H])[C](=[O])[C]([H])=[C]2[H])[C@]([H])([O][H])[C@]1([H])[O][H],[O:1]([H:2])[C:3]([H:4])([H:5])[C@@:6]1([H:7])[O:8][C@@:16]([H:17])([N:18]2[C:19]([H:20])=[N:21][c:22]3[c:23]([N:24]([H:25])[H:26])[n:27][c:28]([H:29])[n:30][c:31]32)[C@:12]([H:13])([O:14][H:15])[C@:9]1([H:10])[O:11][P:32]([O-:33])(=[O:34])[O:35][C:36]([H:37])([H:38])[C@@:39]1([H:40])[O:41][C@@:49]([H:50])([N:51]2[C:52]([H:53])=[N:54][C:55]3=[C:65]2[N:64]=[C:60]([N:61]([H:62])[H:63])[N:58]([H:59])[C:56]3=[O:57])[C@:45]([H:46])([O:47][H:48])[C@:42]1([H:43])[O:44][P:66]([O-:67])(=[O:68])[O:69][C:70]([H:71])([H:72])[C@@:73]1([H:74])[O:75][C@@:84]([H:85])([N:86]2[C:87](=[O:88])[N:89]([H:90])[C:91](=[O:92])[C:93]([H:94])=[C:95]2[H:96])[C@:80]([H:81])([O:82][H:83])[C@:76]1([H:77])[O:78][H:79],96,unassigned_atom_type,31;32;33;65;66;67,"Atoms 31, 32, 33, 65, 66, 67 could not be assigned a bond charge correction atom type."
rna-diverse,69.npz,Nc1nc2c(ncn2[C@@H]2O[C@H](COP(=O)([O-])O[C@H]3[C@@H](O)[C@H](n4cnc5c(N)ncnc54)O[C@@H]3CO)[C@@H](OP(=O)([O-])OC[C@H]3O[C@@H](n4cnc5c(N)ncnc54)[C@H](O)[C@@H]3O)[C@H]2O)c(=O)[nH]1,[H][O][C]([H])([H])[C@@]1([H])[O][C@@]([H])([N]2[C]([H])=[N][c]3[c]([N]([H])[H])[n][c]([H])[n][c]32)[C@]([H])([O][H])[C@]1([H])[O][P](=[O])([O-])[O][C]([H])([H])[C@@]1([H])[O][C@@]([H])([N]2[C]([H])=[N][C]3=[C]2[N]=[C]([N]([H])[H])[N]([H])[C]3=[O])[C@]([H])([O][H])[C@]1([H])[O][P](=[O])([O-])[O][C]([H])([H])[C@@]1([H])[O][C@@]([H])([N]2[C]([H])=[N][c]3[c]([N]([H])[H])[n][c]([H])[n][c]32)[C@]([H])([O][H])[C@]1([H])[O][H],[O:1]([H:2])[C:3]([H:4])([H:5])[C@@:6]1([H:7])[O:8][C@@:16]([H:17])([N:18]2[C:19]([H:20])=[N:21][c:22]3[c:23]([N:24]([H:25])[H:26])[n:27][c:28]([H:29])[n:30][c:31]32)[C@:12]([H:13])([O:14][H:15])[C@:9]1([H:10])[O:11][P:32]([O-:33])(=[O:34])[O:35][C:36]([H:37])([H:38])[C@@:39]1([H:40])[O:41][C@@:49]([H:50])([N:51]2[C:52]([H:53])=[N:54][C:55]3=[C:65]2[N:64]=[C:60]([N:61]([H:62])[H:63])[N:58]([H:59])[C:56]3=[O:57])[C@:45]([H:46])([O:47][H:48])[C@:42]1([H:43])[O:44][P:66]([O-:67])(=[O:68])[O:69][C:70]([H:71])([H:72])[C@@:73]1([H:74])[O:75][C@@:84]([H:85])([N:86]2[C:87]([H:88])=[N:89][c:90]3[c:91]([N:92]([H:93])[H:94])[n:95][c:96]([H:97])[n:98][c:99]32)[C@:80]([H:81])([O:82][H:83])[C@:76]1([H:77])[O:78][H:79],99,unassigned_atom_type,31;32;33;65;66;67,"Atoms 31, 32, 33, 65, 66, 67 could not be assigned a bond charge correction atom type."
rna-diverse,70.npz,Nc1nc2c(ncn2[C@@H]2O[C@H](COP(=O)([O-])O[C@H]3[C@@H](O)[C@H](n4ccc(=O)[nH]c4=O)O[C@@H]3COP(=O)([O-])O[C@H]3[C@@H](O)[C@H](n4ccc(=O)[nH]c4=O)O[C@@H]3CO)[C@@H](O)[C@H]2O)c(=O)[nH]1,[H][O][C]([H])([H])[C@@]1([H])[O][C@@]([H])([N]2[C](=[O])[N]([H])[C](=[O])[C]([H])=[C]2[H])[C@]([H])([O][H])[C@]1([H])[O][P](=[O])([O-])[O][C]([H])([H])[C@@]1([H])[O][C@@]([H])([N]2[C](=[O])[N]([H])[C](=[O])[C]([H])=[C]2[H])[C@]([H])([O][H])[C@]1([H])[O][P](=[O])([O-])[O][C]([H])([H])[C@@]1([H])[O][C@@]([H])([N]2[C]([H])=[N][C]3=[C]2[N]=[C]([N]([H])[H])[N]([H])[C]3=[O])[C@]([H])([O][H])[C@]1([H])[O][H],[O:1]([H:2])[C:3]([H:4])([H:5])[C@@:6]1([H:7])[O:8][C@@:16]([H:17])([N:18]2[C:19](=[O:20])[N:21]([H:22])[C:23](=[O:24])[C:25]([H:26])=[C:27]2[H:28])[C@:12]([H:13])([O:14][H:15])[C@:9]1([H:10])[O:11][P:29]([O-:30])(=[O:31])[O:32][C:33]([H:34])([H:35])[C@@:36]1([H:37])[O:38][C@@:46]([H:47])([N:48]2[C:49](=[O:50])[N:51]([H:52])[C:53](=[O:54])[C:55]([H:56])=[C:57]2[H:58])[C@:42]([H:43])([O:44][H:45])[C@:39]1([H:40])[O:41][P:59]([O-:60])(=[O:61])[O:62][C:63]([H:64])([H:65])[C@@:66]1([H:67])[O:68][C@@:77]([H:78])([N:79]2[C:80]([H:81])=[N:82][C:83]3=[C:93]2[N:92]=[C:88]([N:89]([H:90])[H:91])[N:86]([H:87])[C:84]3=[O:85])[C@:73]([H:74])([O:75][H:76])[C@:69]1([H:70])[O:71][H:72],93,unassigned_atom_type,28;29;30;58;59;60,"Atoms 28, 29, 30, 58, 59, 60 could not be assigned a bond charge correction atom type."
rna-diverse,71.npz,Nc1nc2c(ncn2[C@@H]2O[C@H](COP(=O)([O-])O[C@H]3[C@@H](O)[C@H](n4cnc5c(=O)[nH]c(N)nc54)O[C@@H]3COP(=O)([O-])O[C@H]3[C@@H](O)[C@H](n4ccc(=O)[nH]c4=O)O[C@@H]3CO)[C@@H](O)[C@H]2O)c(=O)[nH]1,[H][O][C]([H])([H])[C@@]1([H])[O][C@@]([H])([N]2[C](=[O])[N]([H])[C](=[O])[C]([H])=[C]2[H])[C@]([H])([O][H])[C@]1([H])[O][P](=[O])([O-])[O][C]([H])([H])[C@@]1([H])[O][C@@]([H])([N]2[C]([H])=[N][C]3=[C]2[N]=[C]([N]([H])[H])[N]([H])[C]3=[O])[C@]([H])([O][H])[C@]1([H])[O][P](=[O])([O-])[O][C]([H])([H])[C@@]1([H])[O][C@@]([H])([N]2[C]([H])=[N][C]3=[C]2[N]=[C]([N]([H])[H])[N]([H])[C]3=[O])[C@]([H])([O][H])[C@]1([H])[O][H],[O:1]([H:2])[C:3]([H:4])([H:5])[C@@:6]1([H:7])[O:8][C@@:16]([H:17])([N:18]2[C:19](=[O:20])[N:21]([H:22])[C:23](=[O:24])[C:25]([H:26])=[C:27]2[H:28])[C@:12]([H:13])([O:14][H:15])[C@:9]1([H:10])[O:11][P:29]([O-:30])(=[O:31])[O:32][C:33]([H:34])([H:35])[C@@:36]1([H:37])[O:38][C@@:46]([H:47])([N:48]2[C:49]([H:50])=[N:51][C:52]3=[C:62]2[N:61]=[C:57]([N:58]([H:59])[H:60])[N:55]([H:56])[C:53]3=[O:54])[C@:42]([H:43])([O:44][H:45])[C@:39]1([H:40])[O:41][P:63]([O-:64])(=[O:65])[O:66][C:67]([H:68])([H:69])[C@@:70]1([H:71])[O:72][C@@:81]([H:82])([N:83]2[C:84]([H:85])=[N:86][C:87]3=[C:97]2[N:96]=[C:92]([N:93]([H:94])[H:95])[N:90]([H:91])[C:88]3=[O:89])[C@:77]([H:78])([O:79][H:80])[C@:73]1([H:74])[O:75][H:76],97,unassigned_atom_type,28;29;30;62;63;64,"Atoms 28, 29, 30, 62, 63, 64 could not be assigned a bond charge correction atom type."
rna-diverse,72.npz,Nc1nc2c(ncn2[C@@H]2O[C@H](COP(=O)([O-])O[C@H]3[C@@H](O)[C@H](n4cnc5c(N)ncnc54)O[C@@H]3COP(=O)([O-])O[C@H]3[C@@H](O)[C@H](n4ccc(=O)[nH]c4=O)O[C@@H]3CO)[C@@H](O)[C@H]2O)c(=O)[nH]1,[H][O][C]([H])([H])[C@@]1([H])[O][C@@]([H])([N]2[C](=[O])[N]([H])[C](=[O])[C]([H])=[C]2[H])[C@]([H])([O][H])[C@]1([H])[O][P](=[O])([O-])[O][C]([H])([H])[C@@]1([H])[O][C@@]([H])([N]2[C]([H])=[N][c]3[c]([N]([H])[H])[n][c]([H])[n][c]32)[C@]([H])([O][H])[C@]1([H])[O][P](=[O])([O-])[O][C]([H])([H])[C@@]1([H])[O][C@@]([H])([N]2[C]([H])=[N][C]3=[C]2[N]=[C]([N]([H])[H])[N]([H])[C]3=[O])[C@]([H])([O][H])[C@]1([H])[O][H],[O:1]([H:2])[C:3]([H:4])([H:5])[C@@:6]1([H:7])[O:8][C@@:16]([H:17])([N:18]2[C:19](=[O:20])[N:21]([H:22])[C:23](=[O:24])[C:25]([H:26])=[C:27]2[H:28])[C@:12]([H:13])([O:14][H:15])[C@:9]1([H:10])[O:11][P:29]([O-:30])(=[O:31])[O:32][C:33]([H:34])([H:35])[C@@:36]1([H:37])[O:38][C@@:46]([H:47])([N:48]2[C:49]([H:50])=[N:51][c:52]3[c:53]([N:54]([H:55])[H:56])[n:57][c:58]([H:59])[n:60][c:61]32)[C@:42]([H:43])([O:44][H:45])[C@:39]1([H:40])[O:41][P:62]([O-:63])(=[O:64])[O:65][C:66]([H:67])([H:68])[C@@:69]1([H:70])[O:71][C@@:80]([H:81])([N:82]2[C:83]([H:84])=[N:85][C:86]3=[C:96]2[N:95]=[C:91]([N:92]([H:93])[H:94])[N:89]([H:90])[C:87]3=[O:88])[C@:76]([H:77])([O:78][H:79])[C@:72]1([H:73])[O:74][H:75],96,unassigned_atom_type,28;29;30;61;62;63,"Atoms 28, 29, 30, 61, 62, 63 could not be assigned a bond charge correction atom type."
rna-diverse,73.npz,Nc1nc2c(ncn2[C@@H]2O[C@H](COP(=O)([O-])O[C@H]3[C@@H](O)[C@H](n4ccc(=O)[nH]c4=O)O[C@@H]3COP(=O)([O-])O[C@H]3[C@@H](O)[C@H](n4cnc5c(=O)[nH]c(N)nc54)O[C@@H]3CO)[C@@H](O)[C@H]2O)c(=O)[nH]1,[H][O][C]([H])([H])[C@@]1([H])[O][C@@]([H])([N]2[C]([H])=[N][C]3=[C]2[N]=[C]([N]([H])[H])[N]([H])[C]3=[O])[C@]([H])([O][H])[C@]1([H])[O][P](=[O])([O-])[O][C]([H])([H])[C@@]1([H])[O][C@@]([H])([N]2[C](=[O])[N]([H])[C](=[O])[C]([H])=[C]2[H])[C@]([H])([O][H])[C@]1([H])[O][P](=[O])([O-])[O][C]([H])([H])[C@@]1([H])[O][C@@]([H])([N]2[C]([H])=[N][C]3=[C]2[N]=[C]([N]([H])[H])[N]([H])[C]3=[O])[C@]([H])([O][H])[C@]1([H])[O][H],[O:1]([H:2])[C:3]([H:4])([H:5])[C@@:6]1([H:7])[O:8][C@@:16]([H:17])([N:18]2[C:19]([H:20])=[N:21][C:22]3=[C:32]2[N:31]=[C:27]([N:28]([H:29])[H:30])[N:25]([H:26])[C:23]3=[O:24])[C@:12]([H:13])([O:14][H:15])[C@:9]1([H:10])[O:11][P:33]([O-:34])(=[O:35])[O:36][C:37]([H:38])([H:39])[C@@:40]1([H:41])[O:42][C@@:50]([H:51])([N:52]2[C:53](=[O:54])[N:55]([H:56])[C:57](=[O:58])[C:59]([H:60])=[C:61]2[H:62])[C@:46]([H:47])([O:48][H:49])[C@:43]1([H:44])[O:45][P:63]([O-:64])(=[O:65])[O:66][C:67]([H:68])([H:69])[C@@:70]1([H:71])[O:72][C@@:81]([H:82])([N:83]2[C:84]([H:85])=[N:86][C:87]3=[C:97]2[N:96]=[C:92]([N:93]([H:94])[H:95])[N:90]([H:91])[C:88]3=[O:89])[C@:77]([H:78])([O:79][H:80])[C@:73]1([H:74])[O:75][H:76],97,unassigned_atom_type,32;33;34;62;63;64,"Atoms 32, 33, 34, 62, 63, 64 could not be assigned a bond charge correction atom type."
rna-diverse,74.npz,Nc1nc2c(ncn2[C@@H]2O[C@H](COP(=O)([O-])O[C@H]3[C@@H](O)[C@H](n4cnc5c(=O)[nH]c(N)nc54)O[C@@H]3COP(=O)([O-])O[C@H]3[C@@H](O)[C@H](n4cnc5c(=O)[nH]c(N)nc54)O[C@@H]3CO)[C@@H](O)[C@H]2O)c(=O)[nH]1,[H][O][C]([H])([H])[C@@]1([H])[O][C@@]([H])([N]2[C]([H])=[N][C]3=[C]2[N]=[C]([N]([H])[H])[N]([H])[C]3=[O])[C@]([H])([O][H])[C@]1([H])[O][P](=[O])([O-])[O][C]([H])([H])[C@@]1([H])[O][C@@]([H])([N]2[C]([H])=[N][C]3=[C]2[N]=[C]([N]([H])[H])[N]([H])[C]3=[O])[C@]([H])([O][H])[C@]1([H])[O][P](=[O])([O-])[O][C]([H])([H])[C@@]1([H])[O][C@@]([H])([N]2[C]([H])=[N][C]3=[C]2[N]=[C]([N]([H])[H])[N]([H])[C]3=[O])[C@]([H])([O][H])[C@]1([H])[O][H],[O:1]([H:2])[C:3]([H:4])([H:5])[C@@:6]1([H:7])[O:8][C@@:16]([H:17])([N:18]2[C:19]([H:20])=[N:21][C:22]3=[C:32]2[N:31]=[C:27]([N:28]([H:29])[H:30])[N:25]([H:26])[C:23]3=[O:24])[C@:12]([H:13])([O:14][H:15])[C@:9]1([H:10])[O:11][P:33]([O-:34])(=[O:35])[O:36][C:37]([H:38])([H:39])[C@@:40]1([H:41])[O:42][C@@:50]([H:51])([N:52]2[C:53]([H:54])=[N:55][C:56]3=[C:66]2[N:65]=[C:61]([N:62]([H:63])[H:64])[N:59]([H:60])[C:57]3=[O:58])[C@:46]([H:47])([O:48][H:49])[C@:43]1([H:44])[O:45][P:67]([O-:68])(=[O:69])[O:70][C:71]([H:72])([H:73])[C@@:74]1([H:75])[O:76][C@@:85]([H:86])([N:87]2[C:88]([H:89])=[N:90][C:91]3=[C:101]2[N:100]=[C:96]([N:97]([H:98])[H:99])[N:94]([H:95])[C:92]3=[O:93])[C@:81]([H:82])([O:83][H:84])[C@:77]1([H:78])[O:79][H:80],101,unassigned_atom_type,32;33;34;66;67;68,"Atoms 32, 33, 34, 66, 67, 68 could not be assigned a bond charge correction atom type."
rna-diverse,75.npz,Nc1nc2c(ncn2[C@@H]2O[C@H](COP(=O)([O-])O[C@H]3[C@@H](O)[C@H](n4cnc5c(N)ncnc54)O[C@@H]3COP(=O)([O-])O[C@H]3[C@@H](O)[C@H](n4cnc5c(=O)[nH]c(N)nc54)O[C@@H]3CO)[C@@H](O)[C@H]2O)c(=O)[nH]1,[H][O][C]([H])([H])[C@@]1([H])[O][C@@]([H])([N]2[C]([H])=[N][C]3=[C]2[N]=[C]([N]([H])[H])[N]([H])[C]3=[O])[C@]([H])([O][H])[C@]1([H])[O][P](=[O])([O-])[O][C]([H])([H])[C@@]1([H])[O][C@@]([H])([N]2[C]([H])=[N][c]3[c]([N]([H])[H])[n][c]([H])[n][c]32)[C@]([H])([O][H])[C@]1([H])[O][P](=[O])([O-])[O][C]([H])([H])[C@@]1([H])[O][C@@]([H])([N]2[C]([H])=[N][C]3=[C]2[N]=[C]([N]([H])[H])[N]([H])[C]3=[O])[C@]([H])([O][H])[C@]1([H])[O][H],[O:1]([H:2])[C:3]([H:4])([H:5])[C@@:6]1([H:7])[O:8][C@@:16]([H:17])([N:18]2[C:19]([H:20])=[N:21][C:22]3=[C:32]2[N:31]=[C:27]([N:28]([H:29])[H:30])[N:25]([H:26])[C:23]3=[O:24])[C@:12]([H:13])([O:14][H:15])[C@:9]1([H:10])[O:11][P:33]([O-:34])(=[O:35])[O:36][C:37]([H:38])([H:39])[C@@:40]1([H:41])[O:42][C@@:50]([H:51])([N:52]2[C:53]([H:54])=[N:55][c:56]3[c:57]([N:58]([H:59])[H:60])[n:61][c:62]([H:63])[n:64][c:65]32)[C@:46]([H:47])([O:48][H:49])[C@:43]1([H:44])[O:45][P:66]([O-:67])(=[O:68])[O:69][C:70]([H:71])([H:72])[C@@:73]1([H:74])[O:75][C@@:84]([H:85])([N:86]2[C:87]([H:88])=[N:89][C:90]3=[C:100]2[N:99]=[C:95]([N:96]([H:97])[H:98])[N:93]([H:94])[C:91]3=[O:92])[C@:80]([H:81])([O:82][H:83])[C@:76]1([H:77])[O:78][H:79],100,unassigned_atom_type,32;33;34;65;66;67,"Atoms 32, 33, 34, 65, 66, 67 could not be assigned a bond charge correction atom type."
rna-diverse,76.npz,Nc1nc2c(ncn2[C@@H]2O[C@H](COP(=O)([O-])O[C@H]3[C@@H](O)[C@H](n4ccc(=O)[nH]c4=O)O[C@@H]3COP(=O)([O-])O[C@H]3[C@@H](O)[C@H](n4cnc5c(N)ncnc54)O[C@@H]3CO)[C@@H](O)[C@H]2O)c(=O)[nH]1,[H][O][C]([H])([H])[C@@]1([H])[O][C@@]([H])([N]2[C]([H])=[N][c]3[c]([N]([H])[H])[n][c]([H])[n][c]32)[C@]([H])([O][H])[C@]1([H])[O][P](=[O])([O-])[O][C]([H])([H])[C@@]1([H])[O][C@@]([H])([N]2[C](=[O])[N]([H])[C](=[O])[C]([H])=[C]2[H])[C@]([H])([O][H])[C@]1([H])[O][P](=[O])([O-])[O][C]([H])([H])[C@@]1([H])[O][C@@]([H])([N]2[C]([H])=[N][C]3=[C]2[N]=[C]([N]([H])[H])[N]([H])[C]3=[O])[C@]([H])([O][H])[C@]1([H])[O][H],[O:1]([H:2])[C:3]([H:4])([H:5])[C@@:6]1([H:7])[O:8][C@@:16]([H:17])([N:18]2[C:19]([H:20])=[N:21][c:22]3[c:23]([N:24]([H:25])[H:26])[n:27][c:28]([H:29])[n:30][c:31]32)[C@:12]([H:13])([O:14][H:15])[C@:9]1([H:10])[O:11][P:32]([O-:33])(=[O:34])[O:35][C:36]([H:37])([H:38])[C@@:39]1([H:40])[O:41][C@@:49]([H:50])([N:51]2[C:52](=[O:53])[N:54]([H:55])[C:56](=[O:57])[C:58]([H:59])=[C:60]2[H:61])[C@:45]([H:46])([O:47][H:48])[C@:42]1([H:43])[O:44][P:62]([O-:63])(=[O:64])[O:65][C:66]([H:67])([H:68])[C@@:69]1([H:70])[O:71][C@@:80]([H:81])([N:82]2[C:83]([H:84])=[N:85][C:86]3=[C:96]2[N:95]=[C:91]([N:92]([H:93])[H:94])[N:89]([H:90])[C:87]3=[O:88])[C@:76]([H:77])([O:78][H:79])[C@:72]1([H:73])[O:74][H:75],96,unassigned_atom_type,31;32;33;61;62;63,"Atoms 31, 32, 33, 61, 62, 63 could not be assigned a bond charge correction atom type."
rna-diverse,77.npz,Nc1nc2c(ncn2[C@@H]2O[C@H](COP(=O)([O-])O[C@H]3[C@@H](O)[C@H](n4cnc5c(=O)[nH]c(N)nc54)O[C@@H]3COP(=O)([O-])O[C@H]3[C@@H](O)[C@H](n4cnc5c(N)ncnc54)O[C@@H]3CO)[C@@H](O)[C@H]2O)c(=O)[nH]1,[H][O][C]([H])([H])[C@@]1([H])[O][C@@]([H])([N]2[C]([H])=[N][c]3[c]([N]([H])[H])[n][c]([H])[n][c]32)[C@]([H])([O][H])[C@]1([H])[O][P](=[O])([O-])[O][C]([H])([H])[C@@]1([H])[O][C@@]([H])([N]2[C]([H])=[N][C]3=[C]2[N]=[C]([N]([H])[H])[N]([H])[C]3=[O])[C@]([H])([O][H])[C@]1([H])[O][P](=[O])([O-])[O][C]([H])([H])[C@@]1([H])[O][C@@]([H])([N]2[C]([H])=[N][C]3=[C]2[N]=[C]([N]([H])[H])[N]([H])[C]3=[O])[C@]([H])([O][H])[C@]1([H])[O][H],[O:1]([H:2])[C:3]([H:4])([H:5])[C@@:6]1([H:7])[O:8][C@@:16]([H:17])([N:18]2[C:19]([H:20])=[N:21][c:22]3[c:23]([N:24]([H:25])[H:26])[n:27][c:28]([H:29])[n:30][c:31]32)[C@:12]([H:13])([O:14][H:15])[C@:9]1([H:10])[O:11][P:32]([O-:33])(=[O:34])[O:35][C:36]([H:37])([H:38])[C@@:39]1([H:40])[O:41][C@@:49]([H:50])([N:51]2[C:52]([H:53])=[N:54][C:55]3=[C:65]2[N:64]=[C:60]([N:61]([H:62])[H:63])[N:58]([H:59])[C:56]3=[O:57])[C@:45]([H:46])([O:47][H:48])[C@:42]1([H:43])[O:44][P:66]([O-:67])(=[O:68])[O:69][C:70]([H:71])([H:72])[C@@:73]1([H:74])[O:75][C@@:84]([H:85])([N:86]2[C:87]([H:88])=[N:89][C:90]3=[C:100]2[N:99]=[C:95]([N:96]([H:97])[H:98])[N:93]([H:94])[C:91]3=[O:92])[C@:80]([H:81])([O:82][H:83])[C@:76]1([H:77])[O:78][H:79],100,unassigned_atom_type,31;32;33;65;66;67,"Atoms 31, 32, 33, 65, 66, 67 could not be assigned a bond charge correction atom type."
rna-diverse,78.npz,Nc1nc2c(ncn2[C@@H]2O[C@H](COP(=O)([O-])O[C@H]3[C@@H](O)[C@H](n4cnc5c(N)ncnc54)O[C@@H]3COP(=O)([O-])O[C@H]3[C@@H](O)[C@H](n4cnc5c(N)ncnc54)O[C@@H]3CO)[C@@H](O)[C@H]2O)c(=O)[nH]1,[H][O][C]([H])([H])[C@@]1([H])[O][C@@]([H])([N]2[C]([H])=[N][c]3[c]([N]([H])[H])[n][c]([H])[n][c]32)[C@]([H])([O][H])[C@]1([H])[O][P](=[O])([O-])[O][C]([H])([H])[C@@]1([H])[O][C@@]([H])([N]2[C]([H])=[N][c]3[c]([N]([H])[H])[n][c]([H])[n][c]32)[C@]([H])([O][H])[C@]1([H])[O][P](=[O])([O-])[O][C]([H])([H])[C@@]1([H])[O][C@@]([H])([N]2[C]([H])=[N][C]3=[C]2[N]=[C]([N]([H])[H])[N]([H])[C]3=[O])[C@]([H])([O][H])[C@]1([H])[O][H],[O:1]([H:2])[C:3]([H:4])([H:5])[C@@:6]1([H:7])[O:8][C@@:16]([H:17])([N:18]2[C:19]([H:20])=[N:21][c:22]3[c:23]([N:24]([H:25])[H:26])[n:27][c:28]([H:29])[n:30][c:31]32)[C@:12]([H:13])([O:14][H:15])[C@:9]1([H:10])[O:11][P:32]([O-:33])(=[O:34])[O:35][C:36]([H:37])([H:38])[C@@:39]1([H:40])[O:41][C@@:49]([H:50])([N:51]2[C:52]([H:53])=[N:54][c:55]3[c:56]([N:57]([H:58])[H:59])[n:60][c:61]([H:62])[n:63][c:64]32)[C@:45]([H:46])([O:47][H:48])[C@:42]1([H:43])[O:44][P:65]([O-:66])(=[O:67])[O:68][C:69]([H:70])([H:71])[C@@:72]1([H:73])[O:74][C@@:83]([H:84])([N:85]2[C:86]([H:87])=[N:88][C:89]3=[C:99]2[N:98]=[C:94]([N:95]([H:96])[H:97])[N:92]([H:93])[C:90]3=[O:91])[C@:79]([H:80])([O:81][H:82])[C@:75]1([H:76])[O:77][H:78],99,unassigned_atom_type,31;32;33;64;65;66,"Atoms 31, 32, 33, 64, 65, 66 could not be assigned a bond charge correction atom type."
rna-diverse,84.npz,Nc1ncnc2c1ncn2[C@@H]1O[C@H](CO)[C@@H](OP(=O)([O-])OC[C@H]2O[C@@H](n3ccc(=O)[nH]c3=O)[C@H](O)[C@@H]2OP(=O)([O-])OC[C@H]2O[C@@H](n3ccc(=O)[nH]c3=O)[C@H](O)[C@@H]2O)[C@H]1O,[H][O][C]([H])([H])[C@@]1([H])[O][C@@]([H])([N]2[C]([H])=[N][c]3[c]([N]([H])[H])[n][c]([H])[n][c]32)[C@]([H])([O][H])[C@]1([H])[O][P](=[O])([O-])[O][C]([H])([H])[C@@]1([H])[O][C@@]([H])([N]2[C](=[O])[N]([H])[C](=[O])[C]([H])=[C]2[H])[C@]([H])([O][H])[C@]1([H])[O][P](=[O])([O-])[O][C]([H])([H])[C@@]1([H])[O][C@@]([H])([N]2[C](=[O])[N]([H])[C](=[O])[C]([H])=[C]2[H])[C@]([H])([O][H])[C@]1([H])[O][H],[O:1]([H:2])[C:3]([H:4])([H:5])[C@@:6]1([H:7])[O:8][C@@:16]([H:17])([N:18]2[C:19]([H:20])=[N:21][c:22]3[c:23]([N:24]([H:25])[H:26])[n:27][c:28]([H:29])[n:30][c:31]32)[C@:12]([H:13])([O:14][H:15])[C@:9]1([H:10])[O:11][P:32]([O-:33])(=[O:34])[O:35][C:36]([H:37])([H:38])[C@@:39]1([H:40])[O:41][C@@:49]([H:50])([N:51]2[C:52](=[O:53])[N:54]([H:55])[C:56](=[O:57])[C:58]([H:59])=[C:60]2[H:61])[C@:45]([H:46])([O:47][H:48])[C@:42]1([H:43])[O:44][P:62]([O-:63])(=[O:64])[O:65][C:66]([H:67])([H:68])[C@@:69]1([H:70])[O:71][C@@:80]([H:81])([N:82]2[C:83](=[O:84])[N:85]([H:86])[C:87](=[O:88])[C:89]([H:90])=[C:91]2[H:92])[C@:76]([H:77])([O:78][H:79])[C@:72]1([H:73])[O:74][H:75],92,unassigned_atom_type,31;32;33;61;62;63,"Atoms 31, 32, 33, 61, 62, 63 could not be assigned a bond charge correction atom type."
rna-diverse,85.npz,Nc1ncnc2c1ncn2[C@@H]1O[C@H](CO)[C@@H](OP(=O)([O-])OC[C@H]2O[C@@H](n3cnc4c(N)ncnc43)[C@H](O)[C@@H]2OP(=O)([O-])OC[C@H]2O[C@@H](n3ccc(=O)[nH]c3=O)[C@H](O)[C@@H]2O)[C@H]1O,[H][O][C]([H])([H])[C@@]1([H])[O][C@@]([H])([N]2[C]([H])=[N][c]3[c]([N]([H])[H])[n][c]([H])[n][c]32)[C@]([H])([O][H])[C@]1([H])[O][P](=[O])([O-])[O][C]([H])([H])[C@@]1([H])[O][C@@]([H])([N]2[C]([H])=[N][c]3[c]([N]([H])[H])[n][c]([H])[n][c]32)[C@]([H])([O][H])[C@]1([H])[O][P](=[O])([O-])[O][C]([H])([H])[C@@]1([H])[O][C@@]([H])([N]2[C](=[O])[N]([H])[C](=[O])[C]([H])=[C]2[H])[C@]([H])([O][H])[C@]1([H])[O][H],[O:1]([H:2])[C:3]([H:4])([H:5])[C@@:6]1([H:7])[O:8][C@@:16]([H:17])([N:18]2[C:19]([H:20])=[N:21][c:22]3[c:23]([N:24]([H:25])[H:26])[n:27][c:28]([H:29])[n:30][c:31]32)[C@:12]([H:13])([O:14][H:15])[C@:9]1([H:10])[O:11][P:32]([O-:33])(=[O:34])[O:35][C:36]([H:37])([H:38])[C@@:39]1([H:40])[O:41][C@@:49]([H:50])([N:51]2[C:52]([H:53])=[N:54][c:55]3[c:56]([N:57]([H:58])[H:59])[n:60][c:61]([H:62])[n:63][c:64]32)[C@:45]([H:46])([O:47][H:48])[C@:42]1([H:43])[O:44][P:65]([O-:66])(=[O:67])[O:68][C:69]([H:70])([H:71])[C@@:72]1([H:73])[O:74][C@@:83]([H:84])([N:85]2[C:86](=[O:87])[N:88]([H:89])[C:90](=[O:91])[C:92]([H:93])=[C:94]2[H:95])[C@:79]([H:80])([O:81][H:82])[C@:75]1([H:76])[O:77][H:78],95,unassigned_atom_type,31;32;33;64;65;66,"Atoms 31, 32, 33, 64, 65, 66 could not be assigned a bond charge correction atom type."
rna-diverse,86.npz,Nc1ncnc2c1ncn2[C@@H]1O[C@H](COP(=O)([O-])O[C@H]2[C@@H](O)[C@H](n3ccc(=O)[nH]c3=O)O[C@@H]2CO)[C@@H](OP(=O)([O-])OC[C@H]2O[C@@H](n3ccc(=O)[nH]c3=O)[C@H](O)[C@@H]2O)[C@H]1O,[H][O][C]([H])([H])[C@@]1([H])[O][C@@]([H])([N]2[C](=[O])[N]([H])[C](=[O])[C]([H])=[C]2[H])[C@]([H])([O][H])[C@]1([H])[O][P](=[O])([O-])[O][C]([H])([H])[C@@]1([H])[O][C@@]([H])([N]2[C]([H])=[N][c]3[c]([N]([H])[H])[n][c]([H])[n][c]32)[C@]([H])([O][H])[C@]1([H])[O][P](=[O])([O-])[O][C]([H])([H])[C@@]1([H])[O][C@@]([H])([N]2[C](=[O])[N]([H])[C](=[O])[C]([H])=[C]2[H])[C@]([H])([O][H])[C@]1([H])[O][H],[O:1]([H:2])[C:3]([H:4])([H:5])[C@@:6]1([H:7])[O:8][C@@:16]([H:17])([N:18]2[C:19](=[O:20])[N:21]([H:22])[C:23](=[O:24])[C:25]([H:26])=[C:27]2[H:28])[C@:12]([H:13])([O:14][H:15])[C@:9]1([H:10])[O:11][P:29]([O-:30])(=[O:31])[O:32][C:33]([H:34])([H:35])[C@@:36]1([H:37])[O:38][C@@:46]([H:47])([N:48]2[C:49]([H:50])=[N:51][c:52]3[c:53]([N:54]([H:55])[H:56])[n:57][c:58]([H:59])[n:60][c:61]32)[C@:42]([H:43])([O:44][H:45])[C@:39]1([H:40])[O:41][P:62]([O-:63])(=[O:64])[O:65][C:66]([H:67])([H:68])[C@@:69]1([H:70])[O:71][C@@:80]([H:81])([N:82]2[C:83](=[O:84])[N:85]([H:86])[C:87](=[O:88])[C:89]([H:90])=[C:91]2[H:92])[C@:76]([H:77])([O:78][H:79])[C@:72]1([H:73])[O:74][H:75],92,unassigned_atom_type,28;29;30;61;62;63,"Atoms 28, 29, 30, 61, 62, 63 could not be assigned a bond charge correction atom type."
rna-diverse,87.npz,Nc1ncnc2c1ncn2[C@@H]1O[C@H](COP(=O)([O-])O[C@H]2[C@@H](O)[C@H](n3ccc(=O)[nH]c3=O)O[C@@H]2COP(=O)([O-])O[C@H]2[C@@H](O)[C@H](n3ccc(=O)[nH]c3=O)O[C@@H]2CO)[C@@H](O)[C@H]1O,[H][O][C]([H])([H])[C@@]1([H])[O][C@@]([H])([N]2[C](=[O])[N]([H])[C](=[O])[C]([H])=[C]2[H])[C@]([H])([O][H])[C@]1([H])[O][P](=[O])([O-])[O][C]([H])([H])[C@@]1([H])[O][C@@]([H])([N]2[C](=[O])[N]([H])[C](=[O])[C]([H])=[C]2[H])[C@]([H])([O][H])[C@]1([H])[O][P](=[O])([O-])[O][C]([H])([H])[C@@]1([H])[O][C@@]([H])([N]2[C]([H])=[N][c]3[c]([N]([H])[H])[n][c]([H])[n][c]32)[C@]([H])([O][H])[C@]1([H])[O][H],[O:1]([H:2])[C:3]([H:4])([H:5])[C@@:6]1([H:7])[O:8][C@@:16]([H:17])([N:18]2[C:19](=[O:20])[N:21]([H:22])[C:23](=[O:24])[C:25]([H:26])=[C:27]2[H:28])[C@:12]([H:13])([O:14][H:15])[C@:9]1([H:10])[O:11][P:29]([O-:30])(=[O:31])[O:32][C:33]([H:34])([H:35])[C@@:36]1([H:37])[O:38][C@@:46]([H:47])([N:48]2[C:49](=[O:50])[N:51]([H:52])[C:53](=[O:54])[C:55]([H:56])=[C:57]2[H:58])[C@:42]([H:43])([O:44][H:45])[C@:39]1([H:40])[O:41][P:59]([O-:60])(=[O:61])[O:62][C:63]([H:64])([H:65])[C@@:66]1([H:67])[O:68][C@@:77]([H:78])([N:79]2[C:80]([H:81])=[N:82][c:83]3[c:84]([N:85]([H:86])[H:87])[n:88][c:89]([H:90])[n:91][c:92]32)[C@:73]([H:74])([O:75][H:76])[C@:69]1([H:70])[O:71][H:72],92,unassigned_atom_type,28;29;30;58;59;60,"Atoms 28, 29, 30, 58, 59, 60 could not be assigned a bond charge correction atom type."
rna-diverse,88.npz,Nc1ncnc2c1ncn2[C@@H]1O[C@H](COP(=O)([O-])O[C@H]2[C@@H](O)[C@H](n3cnc4c(N)ncnc43)O[C@@H]2COP(=O)([O-])O[C@H]2[C@@H](O)[C@H](n3ccc(=O)[nH]c3=O)O[C@@H]2CO)[C@@H](O)[C@H]1O,[H][O][C]([H])([H])[C@@]1([H])[O][C@@]([H])([N]2[C](=[O])[N]([H])[C](=[O])[C]([H])=[C]2[H])[C@]([H])([O][H])[C@]1([H])[O][P](=[O])([O-])[O][C]([H])([H])[C@@]1([H])[O][C@@]([H])([N]2[C]([H])=[N][c]3[c]([N]([H])[H])[n][c]([H])[n][c]32)[C@]([H])([O][H])[C@]1([H])[O][P](=[O])([O-])[O][C]([H])([H])[C@@]1([H])[O][C@@]([H])([N]2[C]([H])=[N][c]3[c]([N]([H])[H])[n][c]([H])[n][c]32)[C@]([H])([O][H])[C@]1([H])[O][H],[O:1]([H:2])[C:3]([H:4])([H:5])[C@@:6]1([H:7])[O:8][C@@:16]([H:17])([N:18]2[C:19](=[O:20])[N:21]([H:22])[C:23](=[O:24])[C:25]([H:26])=[C:27]2[H:28])[C@:12]([H:13])([O:14][H:15])[C@:9]1([H:10])[O:11][P:29]([O-:30])(=[O:31])[O:32][C:33]([H:34])([H:35])[C@@:36]1([H:37])[O:38][C@@:46]([H:47])([N:48]2[C:49]([H:50])=[N:51][c:52]3[c:53]([N:54]([H:55])[H:56])[n:57][c:58]([H:59])[n:60][c:61]32)[C@:42]([H:43])([O:44][H:45])[C@:39]1([H:40])[O:41][P:62]([O-:63])(=[O:64])[O:65][C:66]([H:67])([H:68])[C@@:69]1([H:70])[O:71][C@@:80]([H:81])([N:82]2[C:83]([H:84])=[N:85][c:86]3[c:87]([N:88]([H:89])[H:90])[n:91][c:92]([H:93])[n:94][c:95]32)[C@:76]([H:77])([O:78][H:79])[C@:72]1([H:73])[O:74][H:75],95,unassigned_atom_type,28;29;30;61;62;63,"Atoms 28, 29, 30, 61, 62, 63 could not be assigned a bond charge correction atom type."
rna-diverse,89.npz,Nc1ncnc2c1ncn2[C@@H]1O[C@H](COP(=O)([O-])O[C@H]2[C@@H](O)[C@H](n3ccc(=O)[nH]c3=O)O[C@@H]2COP(=O)([O-])O[C@H]2[C@@H](O)[C@H](n3cnc4c(N)ncnc43)O[C@@H]2CO)[C@@H](O)[C@H]1O,[H][O][C]([H])([H])[C@@]1([H])[O][C@@]([H])([N]2[C]([H])=[N][c]3[c]([N]([H])[H])[n][c]([H])[n][c]32)[C@]([H])([O][H])[C@]1([H])[O][P](=[O])([O-])[O][C]([H])([H])[C@@]1([H])[O][C@@]([H])([N]2[C](=[O])[N]([H])[C](=[O])[C]([H])=[C]2[H])[C@]([H])([O][H])[C@]1([H])[O][P](=[O])([O-])[O][C]([H])([H])[C@@]1([H])[O][C@@]([H])([N]2[C]([H])=[N][c]3[c]([N]([H])[H])[n][c]([H])[n][c]32)[C@]([H])([O][H])[C@]1([H])[O][H],[O:1]([H:2])[C:3]([H:4])([H:5])[C@@:6]1([H:7])[O:8][C@@:16]([H:17])([N:18]2[C:19]([H:20])=[N:21][c:22]3[c:23]([N:24]([H:25])[H:26])[n:27][c:28]([H:29])[n:30][c:31]32)[C@:12]([H:13])([O:14][H:15])[C@:9]1([H:10])[O:11][P:32]([O-:33])(=[O:34])[O:35][C:36]([H:37])([H:38])[C@@:39]1([H:40])[O:41][C@@:49]([H:50])([N:51]2[C:52](=[O:53])[N:54]([H:55])[C:56](=[O:57])[C:58]([H:59])=[C:60]2[H:61])[C@:45]([H:46])([O:47][H:48])[C@:42]1([H:43])[O:44][P:62]([O-:63])(=[O:64])[O:65][C:66]([H:67])([H:68])[C@@:69]1([H:70])[O:71][C@@:80]([H:81])([N:82]2[C:83]([H:84])=[N:85][c:86]3[c:87]([N:88]([H:89])[H:90])[n:91][c:92]([H:93])[n:94][c:95]32)[C@:76]([H:77])([O:78][H:79])[C@:72]1([H:73])[O:74][H:75],95,unassigned_atom_type,31;32;33;61;62;63,"Atoms 31, 32, 33, 61, 62, 63 could not be assigned a bond charge correction atom type."
rna-diverse,90.npz,Nc1ncnc2c1ncn2[C@@H]1O[C@H](COP(=O)([O-])O[C@H]2[C@@H](O)[C@H](n3cnc4c(N)ncnc43)O[C@@H]2COP(=O)([O-])O[C@H]2[C@@H](O)[C@H](n3cnc4c(N)ncnc43)O[C@@H]2CO)[C@@H](O)[C@H]1O,[H][O][C]([H])([H])[C@@]1([H])[O][C@@]([H])([N]2[C]([H])=[N][c]3[c]([N]([H])[H])[n][c]([H])[n][c]32)[C@]([H])([O][H])[C@]1([H])[O][P](=[O])([O-])[O][C]([H])([H])[C@@]1([H])[O][C@@]([H])([N]2[C]([H])=[N][c]3[c]([N]([H])[H])[n][c]([H])[n][c]32)[C@]([H])([O][H])[C@]1([H])[O][P](=[O])([O-])[O][C]([H])([H])[C@@]1([H])[O][C@@]([H])([N]2[C]([H])=[N][c]3[c]([N]([H])[H])[n][c]([H])[n][c]32)[C@]([H])([O][H])[C@]1([H])[O][H],[O:1]([H:2])[C:3]([H:4])([H:5])[C@@:6]1([H:7])[O:8][C@@:16]([H:17])([N:18]2[C:19]([H:20])=[N:21][c:22]3[c:23]([N:24]([H:25])[H:26])[n:27][c:28]([H:29])[n:30][c:31]32)[C@:12]([H:13])([O:14][H:15])[C@:9]1([H:10])[O:11][P:32]([O-:33])(=[O:34])[O:35][C:36]([H:37])([H:38])[C@@:39]1([H:40])[O:41][C@@:49]([H:50])([N:51]2[C:52]([H:53])=[N:54][c:55]3[c:56]([N:57]([H:58])[H:59])[n:60][c:61]([H:62])[n:63][c:64]32)[C@:45]([H:46])([O:47][H:48])[C@:42]1([H:43])[O:44][P:65]([O-:66])(=[O:67])[O:68][C:69]([H:70])([H:71])[C@@:72]1([H:73])[O:74][C@@:83]([H:84])([N:85]2[C:86]([H:87])=[N:88][c:89]3[c:90]([N:91]([H:92])[H:93])[n:94][c:95]([H:96])[n:97][c:98]32)[C@:79]([H:80])([O:81][H:82])[C@:75]1([H:76])[O:77][H:78],98,unassigned_atom_type,31;32;33;64;65;66,"Atoms 31, 32, 33, 64, 65, 66 could not be assigned a bond charge correction atom type."
rna-diverse,93.npz,O=c1ccn([C@@H]2O[C@H](COP(=O)([O-])O[C@H]3[C@@H](O)[C@H](n4ccc(=O)[nH]c4=O)O[C@@H]3COP(=O)([O-])O[C@H]3[C@@H](O)[C@H](n4ccc(=O)[nH]c4=O)O[C@@H]3CO)[C@@H](O)[C@H]2O)c(=O)[nH]1,[H][O][C]([H])([H])[C@@]1([H])[O][C@@]([H])([N]2[C](=[O])[N]([H])[C](=[O])[C]([H])=[C]2[H])[C@]([H])([O][H])[C@]1([H])[O][P](=[O])([O-])[O][C]([H])([H])[C@@]1([H])[O][C@@]([H])([N]2[C](=[O])[N]([H])[C](=[O])[C]([H])=[C]2[H])[C@]([H])([O][H])[C@]1([H])[O][P](=[O])([O-])[O][C]([H])([H])[C@@]1([H])[O][C@@]([H])([N]2[C](=[O])[N]([H])[C](=[O])[C]([H])=[C]2[H])[C@]([H])([O][H])[C@]1([H])[O][H],[O:1]([H:2])[C:3]([H:4])([H:5])[C@@:6]1([H:7])[O:8][C@@:16]([H:17])([N:18]2[C:19](=[O:20])[N:21]([H:22])[C:23](=[O:24])[C:25]([H:26])=[C:27]2[H:28])[C@:12]([H:13])([O:14][H:15])[C@:9]1([H:10])[O:11][P:29]([O-:30])(=[O:31])[O:32][C:33]([H:34])([H:35])[C@@:36]1([H:37])[O:38][C@@:46]([H:47])([N:48]2[C:49](=[O:50])[N:51]([H:52])[C:53](=[O:54])[C:55]([H:56])=[C:57]2[H:58])[C@:42]([H:43])([O:44][H:45])[C@:39]1([H:40])[O:41][P:59]([O-:60])(=[O:61])[O:62][C:63]([H:64])([H:65])[C@@:66]1([H:67])[O:68][C@@:77]([H:78])([N:79]2[C:80](=[O:81])[N:82]([H:83])[C:84](=[O:85])[C:86]([H:87])=[C:88]2[H:89])[C@:73]([H:74])([O:75][H:76])[C@:69]1([H:70])[O:71][H:72],89,unassigned_atom_type,28;29;30;58;59;60,"Atoms 28, 29, 30, 58, 59, 60 could not be assigned a bond charge correction atom type."
rna-trinucleotide,0.npz,Nc1ccn([C@@H]2O[C@H](CO)[C@@H](OP(=O)([O-])OC[C@H]3O[C@@H](n4ccc(=O)[nH]c4=O)[C@H](O)[C@@H]3OP(=O)([O-])OC[C@H]3O[C@@H](n4ccc(=O)[nH]c4=O)[C@H](O)[C@@H]3O)[C@H]2O)c(=O)n1,[H][O][C]([H])([H])[C@@]1([H])[O][C@@]([H])([N]2[C](=[O])[N]=[C]([N]([H])[H])[C]([H])=[C]2[H])[C@]([H])([O][H])[C@]1([H])[O][P](=[O])([O-])[O][C]([H])([H])[C@@]1([H])[O][C@@]([H])([N]2[C](=[O])[N]([H])[C](=[O])[C]([H])=[C]2[H])[C@]([H])([O][H])[C@]1([H])[O][P](=[O])([O-])[O][C]([H])([H])[C@@]1([H])[O][C@@]([H])([N]2[C](=[O])[N]([H])[C](=[O])[C]([H])=[C]2[H])[C@]([H])([O][H])[C@]1([H])[O][H],[O:1]([H:2])[C:3]([H:4])([H:5])[C@@:6]1([H:7])[O:8][C@@:16]([H:17])([N:18]2[C:19](=[O:20])[N:21]=[C:22]([N:23]([H:24])[H:25])[C:26]([H:27])=[C:28]2[H:29])[C@:12]([H:13])([O:14][H:15])[C@:9]1([H:10])[O:11][P:30]([O-:31])(=[O:32])[O:33][C:34]([H:35])([H:36])[C@@:37]1([H:38])[O:39][C@@:47]([H:48])([N:49]2[C:50](=[O:51])[N:52]([H:53])[C:54](=[O:55])[C:56]([H:57])=[C:58]2[H:59])[C@:43]([H:44])([O:45][H:46])[C@:40]1([H:41])[O:42][P:60]([O-:61])(=[O:62])[O:63][C:64]([H:65])([H:66])[C@@:67]1([H:68])[O:69][C@@:78]([H:79])([N:80]2[C:81](=[O:82])[N:83]([H:84])[C:85](=[O:86])[C:87]([H:88])=[C:89]2[H:90])[C@:74]([H:75])([O:76][H:77])[C@:70]1([H:71])[O:72][H:73],90,unassigned_atom_type,29;30;31;59;60;61,"Atoms 29, 30, 31, 59, 60, 61 could not be assigned a bond charge correction atom type."
rna-trinucleotide,1.npz,Nc1ccn([C@@H]2O[C@H](CO)[C@@H](OP(=O)([O-])OC[C@H]3O[C@@H](n4ccc(=O)[nH]c4=O)[C@H](O)[C@@H]3OP(=O)([O-])OC[C@H]3O[C@@H](n4cnc5c(=O)[nH]c(N)nc54)[C@H](O)[C@@H]3O)[C@H]2O)c(=O)n1,[H][O][C]([H])([H])[C@@]1([H])[O][C@@]([H])([N]2[C](=[O])[N]=[C]([N]([H])[H])[C]([H])=[C]2[H])[C@]([H])([O][H])[C@]1([H])[O][P](=[O])([O-])[O][C]([H])([H])[C@@]1([H])[O][C@@]([H])([N]2[C](=[O])[N]([H])[C](=[O])[C]([H])=[C]2[H])[C@]([H])([O][H])[C@]1([H])[O][P](=[O])([O-])[O][C]([H])([H])[C@@]1([H])[O][C@@]([H])([N]2[C]([H])=[N][C]3=[C]2[N]=[C]([N]([H])[H])[N]([H])[C]3=[O])[C@]([H])([O][H])[C@]1([H])[O][H],[O:1]([H:2])[C:3]([H:4])([H:5])[C@@:6]1([H:7])[O:8][C@@:16]([H:17])([N:18]2[C:19](=[O:20])[N:21]=[C:22]([N:23]([H:24])[H:25])[C:26]([H:27])=[C:28]2[H:29])[C@:12]([H:13])([O:14][H:15])[C@:9]1([H:10])[O:11][P:30]([O-:31])(=[O:32])[O:33][C:34]([H:35])([H:36])[C@@:37]1([H:38])[O:39][C@@:47]([H:48])([N:49]2[C:50](=[O:51])[N:52]([H:53])[C:54](=[O:55])[C:56]([H:57])=[C:58]2[H:59])[C@:43]([H:44])([O:45][H:46])[C@:40]1([H:41])[O:42][P:60]([O-:61])(=[O:62])[O:63][C:64]([H:65])([H:66])[C@@:67]1([H:68])[O:69][C@@:78]([H:79])([N:80]2[C:81]([H:82])=[N:83][C:84]3=[C:94]2[N:93]=[C:89]([N:90]([H:91])[H:92])[N:87]([H:88])[C:85]3=[O:86])[C@:74]([H:75])([O:76][H:77])[C@:70]1([H:71])[O:72][H:73],94,unassigned_atom_type,29;30;31;59;60;61,"Atoms 29, 30, 31, 59, 60, 61 could not be assigned a bond charge correction atom type."
rna-trinucleotide,10.npz,Nc1ccn([C@@H]2O[C@H](CO)[C@@H](OP(=O)([O-])OC[C@H]3O[C@@H](n4cnc5c(N)ncnc54)[C@H](O)[C@@H]3OP(=O)([O-])OC[C@H]3O[C@@H](n4cnc5c(=O)[nH]c(N)nc54)[C@H](O)[C@@H]3O)[C@H]2O)c(=O)n1,[H][O][C]([H])([H])[C@@]1([H])[O][C@@]([H])([N]2[C](=[O])[N]=[C]([N]([H])[H])[C]([H])=[C]2[H])[C@]([H])([O][H])[C@]1([H])[O][P](=[O])([O-])[O][C]([H])([H])[C@@]1([H])[O][C@@]([H])([N]2[C]([H])=[N][c]3[c]([N]([H])[H])[n][c]([H])[n][c]32)[C@]([H])([O][H])[C@]1([H])[O][P](=[O])([O-])[O][C]([H])([H])[C@@]1([H])[O][C@@]([H])([N]2[C]([H])=[N][C]3=[C]2[N]=[C]([N]([H])[H])[N]([H])[C]3=[O])[C@]([H])([O][H])[C@]1([H])[O][H],[O:1]([H:2])[C:3]([H:4])([H:5])[C@@:6]1([H:7])[O:8][C@@:16]([H:17])([N:18]2[C:19](=[O:20])[N:21]=[C:22]([N:23]([H:24])[H:25])[C:26]([H:27])=[C:28]2[H:29])[C@:12]([H:13])([O:14][H:15])[C@:9]1([H:10])[O:11][P:30]([O-:31])(=[O:32])[O:33][C:34]([H:35])([H:36])[C@@:37]1([H:38])[O:39][C@@:47]([H:48])([N:49]2[C:50]([H:51])=[N:52][c:53]3[c:54]([N:55]([H:56])[H:57])[n:58][c:59]([H:60])[n:61][c:62]32)[C@:43]([H:44])([O:45][H:46])[C@:40]1([H:41])[O:42][P:63]([O-:64])(=[O:65])[O:66][C:67]([H:68])([H:69])[C@@:70]1([H:71])[O:72][C@@:81]([H:82])([N:83]2[C:84]([H:85])=[N:86][C:87]3=[C:97]2[N:96]=[C:92]([N:93]([H:94])[H:95])[N:90]([H:91])[C:88]3=[O:89])[C@:77]([H:78])([O:79][H:80])[C@:73]1([H:74])[O:75][H:76],97,unassigned_atom_type,29;30;31;62;63;64,"Atoms 29, 30, 31, 62, 63, 64 could not be assigned a bond charge correction atom type."
rna-trinucleotide,11.npz,Nc1ccn([C@@H]2O[C@H](CO)[C@@H](OP(=O)([O-])OC[C@H]3O[C@@H](n4cnc5c(N)ncnc54)[C@H](O)[C@@H]3OP(=O)([O-])OC[C@H]3O[C@@H](n4cnc5c(N)ncnc54)[C@H](O)[C@@H]3O)[C@H]2O)c(=O)n1,[H][O][C]([H])([H])[C@@]1([H])[O][C@@]([H])([N]2[C](=[O])[N]=[C]([N]([H])[H])[C]([H])=[C]2[H])[C@]([H])([O][H])[C@]1([H])[O][P](=[O])([O-])[O][C]([H])([H])[C@@]1([H])[O][C@@]([H])([N]2[C]([H])=[N][c]3[c]([N]([H])[H])[n][c]([H])[n][c]32)[C@]([H])([O][H])[C@]1([H])[O][P](=[O])([O-])[O][C]([H])([H])[C@@]1([H])[O][C@@]([H])([N]2[C]([H])=[N][c]3[c]([N]([H])[H])[n][c]([H])[n][c]32)[C@]([H])([O][H])[C@]1([H])[O][H],[O:1]([H:2])[C:3]([H:4])([H:5])[C@@:6]1([H:7])[O:8][C@@:16]([H:17])([N:18]2[C:19](=[O:20])[N:21]=[C:22]([N:23]([H:24])[H:25])[C:26]([H:27])=[C:28]2[H:29])[C@:12]([H:13])([O:14][H:15])[C@:9]1([H:10])[O:11][P:30]([O-:31])(=[O:32])[O:33][C:34]([H:35])([H:36])[C@@:37]1([H:38])[O:39][C@@:47]([H:48])([N:49]2[C:50]([H:51])=[N:52][c:53]3[c:54]([N:55]([H:56])[H:57])[n:58][c:59]([H:60])[n:61][c:62]32)[C@:43]([H:44])([O:45][H:46])[C@:40]1([H:41])[O:42][P:63]([O-:64])(=[O:65])[O:66][C:67]([H:68])([H:69])[C@@:70]1([H:71])[O:72][C@@:81]([H:82])([N:83]2[C:84]([H:85])=[N:86][c:87]3[c:88]([N:89]([H:90])[H:91])[n:92][c:93]([H:94])[n:95][c:96]32)[C@:77]([H:78])([O:79][H:80])[C@:73]1([H:74])[O:75][H:76],96,unassigned_atom_type,29;30;31;62;63;64,"Atoms 29, 30, 31, 62, 63, 64 could not be assigned a bond charge correction atom type."
rna-trinucleotide,12.npz,Nc1ccn([C@@H]2O[C@H](COP(=O)([O-])O[C@H]3[C@@H](O)[C@H](n4ccc(=O)[nH]c4=O)O[C@@H]3CO)[C@@H](OP(=O)([O-])OC[C@H]3O[C@@H](n4ccc(=O)[nH]c4=O)[C@H](O)[C@@H]3O)[C@H]2O)c(=O)n1,[H][O][C]([H])([H])[C@@]1([H])[O][C@@]([H])([N]2[C](=[O])[N]([H])[C](=[O])[C]([H])=[C]2[H])[C@]([H])([O][H])[C@]1([H])[O][P](=[O])([O-])[O][C]([H])([H])[C@@]1([H])[O][C@@]([H])([N]2[C](=[O])[N]=[C]([N]([H])[H])[C]([H])=[C]2[H])[C@]([H])([O][H])[C@]1([H])[O][P](=[O])([O-])[O][C]([H])([H])[C@@]1([H])[O][C@@]([H])([N]2[C](=[O])[N]([H])[C](=[O])[C]([H])=[C]2[H])[C@]([H])([O][H])[C@]1([H])[O][H],[O:1]([H:2])[C:3]([H:4])([H:5])[C@@:6]1([H:7])[O:8][C@@:16]([H:17])([N:18]2[C:19](=[O:20])[N:21]([H:22])[C:23](=[O:24])[C:25]([H:26])=[C:27]2[H:28])[C@:12]([H:13])([O:14][H:15])[C@:9]1([H:10])[O:11][P:29]([O-:30])(=[O:31])[O:32][C:33]([H:34])([H:35])[C@@:36]1([H:37])[O:38][C@@:46]([H:47])([N:48]2[C:49](=[O:50])[N:51]=[C:52]([N:53]([H:54])[H:55])[C:56]([H:57])=[C:58]2[H:59])[C@:42]([H:43])([O:44][H:45])[C@:39]1([H:40])[O:41][P:60]([O-:61])(=[O:62])[O:63][C:64]([H:65])([H:66])[C@@:67]1([H:68])[O:69][C@@:78]([H:79])([N:80]2[C:81](=[O:82])[N:83]([H:84])[C:85](=[O:86])[C:87]([H:88])=[C:89]2[H:90])[C@:74]([H:75])([O:76][H:77])[C@:70]1([H:71])[O:72][H:73],90,unassigned_atom_type,28;29;30;59;60;61,"Atoms 28, 29, 30, 59, 60, 61 could not be assigned a bond charge correction atom type."
rna-trinucleotide,13.npz,Nc1ccn([C@@H]2O[C@H](COP(=O)([O-])O[C@H]3[C@@H](O)[C@H](n4ccc(=O)[nH]c4=O)O[C@@H]3CO)[C@@H](OP(=O)([O-])OC[C@H]3O[C@@H](n4cnc5c(=O)[nH]c(N)nc54)[C@H](O)[C@@H]3O)[C@H]2O)c(=O)n1,[H][O][C]([H])([H])[C@@]1([H])[O][C@@]([H])([N]2[C](=[O])[N]([H])[C](=[O])[C]([H])=[C]2[H])[C@]([H])([O][H])[C@]1([H])[O][P](=[O])([O-])[O][C]([H])([H])[C@@]1([H])[O][C@@]([H])([N]2[C](=[O])[N]=[C]([N]([H])[H])[C]([H])=[C]2[H])[C@]([H])([O][H])[C@]1([H])[O][P](=[O])([O-])[O][C]([H])([H])[C@@]1([H])[O][C@@]([H])([N]2[C]([H])=[N][C]3=[C]2[N]=[C]([N]([H])[H])[N]([H])[C]3=[O])[C@]([H])([O][H])[C@]1([H])[O][H],[O:1]([H:2])[C:3]([H:4])([H:5])[C@@:6]1([H:7])[O:8][C@@:16]([H:17])([N:18]2[C:19](=[O:20])[N:21]([H:22])[C:23](=[O:24])[C:25]([H:26])=[C:27]2[H:28])[C@:12]([H:13])([O:14][H:15])[C@:9]1([H:10])[O:11][P:29]([O-:30])(=[O:31])[O:32][C:33]([H:34])([H:35])[C@@:36]1([H:37])[O:38][C@@:46]([H:47])([N:48]2[C:49](=[O:50])[N:51]=[C:52]([N:53]([H:54])[H:55])[C:56]([H:57])=[C:58]2[H:59])[C@:42]([H:43])([O:44][H:45])[C@:39]1([H:40])[O:41][P:60]([O-:61])(=[O:62])[O:63][C:64]([H:65])([H:66])[C@@:67]1([H:68])[O:69][C@@:78]([H:79])([N:80]2[C:81]([H:82])=[N:83][C:84]3=[C:94]2[N:93]=[C:89]([N:90]([H:91])[H:92])[N:87]([H:88])[C:85]3=[O:86])[C@:74]([H:75])([O:76][H:77])[C@:70]1([H:71])[O:72][H:73],94,unassigned_atom_type,28;29;30;59;60;61,"Atoms 28, 29, 30, 59, 60, 61 could not be assigned a bond charge correction atom type."
rna-trinucleotide,14.npz,Nc1ccn([C@@H]2O[C@H](COP(=O)([O-])O[C@H]3[C@@H](O)[C@H](n4ccc(=O)[nH]c4=O)O[C@@H]3CO)[C@@H](OP(=O)([O-])OC[C@H]3O[C@@H](n4cnc5c(N)ncnc54)[C@H](O)[C@@H]3O)[C@H]2O)c(=O)n1,[H][O][C]([H])([H])[C@@]1([H])[O][C@@]([H])([N]2[C](=[O])[N]([H])[C](=[O])[C]([H])=[C]2[H])[C@]([H])([O][H])[C@]1([H])[O][P](=[O])([O-])[O][C]([H])([H])[C@@]1([H])[O][C@@]([H])([N]2[C](=[O])[N]=[C]([N]([H])[H])[C]([H])=[C]2[H])[C@]([H])([O][H])[C@]1([H])[O][P](=[O])([O-])[O][C]([H])([H])[C@@]1([H])[O][C@@]([H])([N]2[C]([H])=[N][c]3[c]([N]([H])[H])[n][c]([H])[n][c]32)[C@]([H])([O][H])[C@]1([H])[O][H],[O:1]([H:2])[C:3]([H:4])([H:5])[C@@:6]1([H:7])[O:8][C@@:16]([H:17])([N:18]2[C:19](=[O:20])[N:21]([H:22])[C:23](=[O:24])[C:25]([H:26])=[C:27]2[H:28])[C@:12]([H:13])([O:14][H:15])[C@:9]1([H:10])[O:11][P:29]([O-:30])(=[O:31])[O:32][C:33]([H:34])([H:35])[C@@:36]1([H:37])[O:38][C@@:46]([H:47])([N:48]2[C:49](=[O:50])[N:51]=[C:52]([N:53]([H:54])[H:55])[C:56]([H:57])=[C:58]2[H:59])[C@:42]([H:43])([O:44][H:45])[C@:39]1([H:40])[O:41][P:60]([O-:61])(=[O:62])[O:63][C:64]([H:65])([H:66])[C@@:67]1([H:68])[O:69][C@@:78]([H:79])([N:80]2[C:81]([H:82])=[N:83][c:84]3[c:85]([N:86]([H:87])[H:88])[n:89][c:90]([H:91])[n:92][c:93]32)[C@:74]([H:75])([O:76][H:77])[C@:70]1([H:71])[O:72][H:73],93,unassigned_atom_type,28;29;30;59;60;61,"Atoms 28, 29, 30, 59, 60, 61 could not be assigned a bond charge correction atom type."
rna-trinucleotide,15.npz,Nc1ccn([C@@H]2O[C@H](COP(=O)([O-])O[C@H]3[C@@H](O)[C@H](n4cnc5c(=O)[nH]c(N)nc54)O[C@@H]3CO)[C@@H](OP(=O)([O-])OC[C@H]3O[C@@H](n4ccc(=O)[nH]c4=O)[C@H](O)[C@@H]3O)[C@H]2O)c(=O)n1,[H][O][C]([H])([H])[C@@]1([H])[O][C@@]([H])([N]2[C]([H])=[N][C]3=[C]2[N]=[C]([N]([H])[H])[N]([H])[C]3=[O])[C@]([H])([O][H])[C@]1([H])[O][P](=[O])([O-])[O][C]([H])([H])[C@@]1([H])[O][C@@]([H])([N]2[C](=[O])[N]=[C]([N]([H])[H])[C]([H])=[C]2[H])[C@]([H])([O][H])[C@]1([H])[O][P](=[O])([O-])[O][C]([H])([H])[C@@]1([H])[O][C@@]([H])([N]2[C](=[O])[N]([H])[C](=[O])[C]([H])=[C]2[H])[C@]([H])([O][H])[C@]1([H])[O][H],[O:1]([H:2])[C:3]([H:4])([H:5])[C@@:6]1([H:7])[O:8][C@@:16]([H:17])([N:18]2[C:19]([H:20])=[N:21][C:22]3=[C:32]2[N:31]=[C:27]([N:28]([H:29])[H:30])[N:25]([H:26])[C:23]3=[O:24])[C@:12]([H:13])([O:14][H:15])[C@:9]1([H:10])[O:11][P:33]([O-:34])(=[O:35])[O:36][C:37]([H:38])([H:39])[C@@:40]1([H:41])[O:42][C@@:50]([H:51])([N:52]2[C:53](=[O:54])[N:55]=[C:56]([N:57]([H:58])[H:59])[C:60]([H:61])=[C:62]2[H:63])[C@:46]([H:47])([O:48][H:49])[C@:43]1([H:44])[O:45][P:64]([O-:65])(=[O:66])[O:67][C:68]([H:69])([H:70])[C@@:71]1([H:72])[O:73][C@@:82]([H:83])([N:84]2[C:85](=[O:86])[N:87]([H:88])[C:89](=[O:90])[C:91]([H:92])=[C:93]2[H:94])[C@:78]([H:79])([O:80][H:81])[C@:74]1([H:75])[O:76][H:77],94,unassigned_atom_type,32;33;34;63;64;65,"Atoms 32, 33, 34, 63, 64, 65 could not be assigned a bond charge correction atom type."
rna-trinucleotide,16.npz,Nc1ccn([C@@H]2O[C@H](COP(=O)([O-])O[C@H]3[C@@H](O)[C@H](n4cnc5c(=O)[nH]c(N)nc54)O[C@@H]3CO)[C@@H](OP(=O)([O-])OC[C@H]3O[C@@H](n4cnc5c(=O)[nH]c(N)nc54)[C@H](O)[C@@H]3O)[C@H]2O)c(=O)n1,[H][O][C]([H])([H])[C@@]1([H])[O][C@@]([H])([N]2[C]([H])=[N][C]3=[C]2[N]=[C]([N]([H])[H])[N]([H])[C]3=[O])[C@]([H])([O][H])[C@]1([H])[O][P](=[O])([O-])[O][C]([H])([H])[C@@]1([H])[O][C@@]([H])([N]2[C](=[O])[N]=[C]([N]([H])[H])[C]([H])=[C]2[H])[C@]([H])([O][H])[C@]1([H])[O][P](=[O])([O-])[O][C]([H])([H])[C@@]1([H])[O][C@@]([H])([N]2[C]([H])=[N][C]3=[C]2[N]=[C]([N]([H])[H])[N]([H])[C]3=[O])[C@]([H])([O][H])[C@]1([H])[O][H],[O:1]([H:2])[C:3]([H:4])([H:5])[C@@:6]1([H:7])[O:8][C@@:16]([H:17])([N:18]2[C:19]([H:20])=[N:21][C:22]3=[C:32]2[N:31]=[C:27]([N:28]([H:29])[H:30])[N:25]([H:26])[C:23]3=[O:24])[C@:12]([H:13])([O:14][H:15])[C@:9]1([H:10])[O:11][P:33]([O-:34])(=[O:35])[O:36][C:37]([H:38])([H:39])[C@@:40]1([H:41])[O:42][C@@:50]([H:51])([N:52]2[C:53](=[O:54])[N:55]=[C:56]([N:57]([H:58])[H:59])[C:60]([H:61])=[C:62]2[H:63])[C@:46]([H:47])([O:48][H:49])[C@:43]1([H:44])[O:45][P:64]([O-:65])(=[O:66])[O:67][C:68]([H:69])([H:70])[C@@:71]1([H:72])[O:73][C@@:82]([H:83])([N:84]2[C:85]([H:86])=[N:87][C:88]3=[C:98]2[N:97]=[C:93]([N:94]([H:95])[H:96])[N:91]([H:92])[C:89]3=[O:90])[C@:78]([H:79])([O:80][H:81])[C@:74]1([H:75])[O:76][H:77],98,unassigned_atom_type,32;33;34;63;64;65,"Atoms 32, 33, 34, 63, 64, 65 could not be assigned a bond charge correction atom type."
rna-trinucleotide,17.npz,Nc1ccn([C@@H]2O[C@H](COP(=O)([O-])O[C@H]3[C@@H](O)[C@H](n4cnc5c(=O)[nH]c(N)nc54)O[C@@H]3CO)[C@@H](OP(=O)([O-])OC[C@H]3O[C@@H](n4cnc5c(N)ncnc54)[C@H](O)[C@@H]3O)[C@H]2O)c(=O)n1,[H][O][C]([H])([H])[C@@]1([H])[O][C@@]([H])([N]2[C]([H])=[N][C]3=[C]2[N]=[C]([N]([H])[H])[N]([H])[C]3=[O])[C@]([H])([O][H])[C@]1([H])[O][P](=[O])([O-])[O][C]([H])([H])[C@@]1([H])[O][C@@]([H])([N]2[C](=[O])[N]=[C]([N]([H])[H])[C]([H])=[C]2[H])[C@]([H])([O][H])[C@]1([H])[O][P](=[O])([O-])[O][C]([H])([H])[C@@]1([H])[O][C@@]([H])([N]2[C]([H])=[N][c]3[c]([N]([H])[H])[n][c]([H])[n][c]32)[C@]([H])([O][H])[C@]1([H])[O][H],[O:1]([H:2])[C:3]([H:4])([H:5])[C@@:6]1([H:7])[O:8][C@@:16]([H:17])([N:18]2[C:19]([H:20])=[N:21][C:22]3=[C:32]2[N:31]=[C:27]([N:28]([H:29])[H:30])[N:25]([H:26])[C:23]3=[O:24])[C@:12]([H:13])([O:14][H:15])[C@:9]1([H:10])[O:11][P:33]([O-:34])(=[O:35])[O:36][C:37]([H:38])([H:39])[C@@:40]1([H:41])[O:42][C@@:50]([H:51])([N:52]2[C:53](=[O:54])[N:55]=[C:56]([N:57]([H:58])[H:59])[C:60]([H:61])=[C:62]2[H:63])[C@:46]([H:47])([O:48][H:49])[C@:43]1([H:44])[O:45][P:64]([O-:65])(=[O:66])[O:67][C:68]([H:69])([H:70])[C@@:71]1([H:72])[O:73][C@@:82]([H:83])([N:84]2[C:85]([H:86])=[N:87][c:88]3[c:89]([N:90]([H:91])[H:92])[n:93][c:94]([H:95])[n:96][c:97]32)[C@:78]([H:79])([O:80][H:81])[C@:74]1([H:75])[O:76][H:77],97,unassigned_atom_type,32;33;34;63;64;65,"Atoms 32, 33, 34, 63, 64, 65 could not be assigned a bond charge correction atom type."
rna-trinucleotide,18.npz,Nc1ccn([C@@H]2O[C@H](COP(=O)([O-])O[C@H]3[C@@H](O)[C@H](n4cnc5c(N)ncnc54)O[C@@H]3CO)[C@@H](OP(=O)([O-])OC[C@H]3O[C@@H](n4ccc(=O)[nH]c4=O)[C@H](O)[C@@H]3O)[C@H]2O)c(=O)n1,[H][O][C]([H])([H])[C@@]1([H])[O][C@@]([H])([N]2[C]([H])=[N][c]3[c]([N]([H])[H])[n][c]([H])[n][c]32)[C@]([H])([O][H])[C@]1([H])[O][P](=[O])([O-])[O][C]([H])([H])[C@@]1([H])[O][C@@]([H])([N]2[C](=[O])[N]=[C]([N]([H])[H])[C]([H])=[C]2[H])[C@]([H])([O][H])[C@]1([H])[O][P](=[O])([O-])[O][C]([H])([H])[C@@]1([H])[O][C@@]([H])([N]2[C](=[O])[N]([H])[C](=[O])[C]([H])=[C]2[H])[C@]([H])([O][H])[C@]1([H])[O][H],[O:1]([H:2])[C:3]([H:4])([H:5])[C@@:6]1([H:7])[O:8][C@@:16]([H:17])([N:18]2[C:19]([H:20])=[N:21][c:22]3[c:23]([N:24]([H:25])[H:26])[n:27][c:28]([H:29])[n:30][c:31]32)[C@:12]([H:13])([O:14][H:15])[C@:9]1([H:10])[O:11][P:32]([O-:33])(=[O:34])[O:35][C:36]([H:37])([H:38])[C@@:39]1([H:40])[O:41][C@@:49]([H:50])([N:51]2[C:52](=[O:53])[N:54]=[C:55]([N:56]([H:57])[H:58])[C:59]([H:60])=[C:61]2[H:62])[C@:45]([H:46])([O:47][H:48])[C@:42]1([H:43])[O:44][P:63]([O-:64])(=[O:65])[O:66][C:67]([H:68])([H:69])[C@@:70]1([H:71])[O:72][C@@:81]([H:82])([N:83]2[C:84](=[O:85])[N:86]([H:87])[C:88](=[O:89])[C:90]([H:91])=[C:92]2[H:93])[C@:77]([H:78])([O:79][H:80])[C@:73]1([H:74])[O:75][H:76],93,unassigned_atom_type,31;32;33;62;63;64,"Atoms 31, 32, 33, 62, 63, 64 could not be assigned a bond charge correction atom type."
rna-trinucleotide,19.npz,Nc1ccn([C@@H]2O[C@H](COP(=O)([O-])O[C@H]3[C@@H](O)[C@H](n4cnc5c(N)ncnc54)O[C@@H]3CO)[C@@H](OP(=O)([O-])OC[C@H]3O[C@@H](n4cnc5c(=O)[nH]c(N)nc54)[C@H](O)[C@@H]3O)[C@H]2O)c(=O)n1,[H][O][C]([H])([H])[C@@]1([H])[O][C@@]([H])([N]2[C]([H])=[N][c]3[c]([N]([H])[H])[n][c]([H])[n][c]32)[C@]([H])([O][H])[C@]1([H])[O][P](=[O])([O-])[O][C]([H])([H])[C@@]1([H])[O][C@@]([H])([N]2[C](=[O])[N]=[C]([N]([H])[H])[C]([H])=[C]2[H])[C@]([H])([O][H])[C@]1([H])[O][P](=[O])([O-])[O][C]([H])([H])[C@@]1([H])[O][C@@]([H])([N]2[C]([H])=[N][C]3=[C]2[N]=[C]([N]([H])[H])[N]([H])[C]3=[O])[C@]([H])([O][H])[C@]1([H])[O][H],[O:1]([H:2])[C:3]([H:4])([H:5])[C@@:6]1([H:7])[O:8][C@@:16]([H:17])([N:18]2[C:19]([H:20])=[N:21][c:22]3[c:23]([N:24]([H:25])[H:26])[n:27][c:28]([H:29])[n:30][c:31]32)[C@:12]([H:13])([O:14][H:15])[C@:9]1([H:10])[O:11][P:32]([O-:33])(=[O:34])[O:35][C:36]([H:37])([H:38])[C@@:39]1([H:40])[O:41][C@@:49]([H:50])([N:51]2[C:52](=[O:53])[N:54]=[C:55]([N:56]([H:57])[H:58])[C:59]([H:60])=[C:61]2[H:62])[C@:45]([H:46])([O:47][H:48])[C@:42]1([H:43])[O:44][P:63]([O-:64])(=[O:65])[O:66][C:67]([H:68])([H:69])[C@@:70]1([H:71])[O:72][C@@:81]([H:82])([N:83]2[C:84]([H:85])=[N:86][C:87]3=[C:97]2[N:96]=[C:92]([N:93]([H:94])[H:95])[N:90]([H:91])[C:88]3=[O:89])[C@:77]([H:78])([O:79][H:80])[C@:73]1([H:74])[O:75][H:76],97,unassigned_atom_type,31;32;33;62;63;64,"Atoms 31, 32, 33, 62, 63, 64 could not be assigned a bond charge correction atom type."
rna-trinucleotide,2.npz,Nc1ccn([C@@H]2O[C@H](CO)[C@@H](OP(=O)([O-])OC[C@H]3O[C@@H](n4ccc(=O)[nH]c4=O)[C@H](O)[C@@H]3OP(=O)([O-])OC[C@H]3O[C@@H](n4cnc5c(N)ncnc54)[C@H](O)[C@@H]3O)[C@H]2O)c(=O)n1,[H][O][C]([H])([H])[C@@]1([H])[O][C@@]([H])([N]2[C](=[O])[N]=[C]([N]([H])[H])[C]([H])=[C]2[H])[C@]([H])([O][H])[C@]1([H])[O][P](=[O])([O-])[O][C]([H])([H])[C@@]1([H])[O][C@@]([H])([N]2[C](=[O])[N]([H])[C](=[O])[C]([H])=[C]2[H])[C@]([H])([O][H])[C@]1([H])[O][P](=[O])([O-])[O][C]([H])([H])[C@@]1([H])[O][C@@]([H])([N]2[C]([H])=[N][c]3[c]([N]([H])[H])[n][c]([H])[n][c]32)[C@]([H])([O][H])[C@]1([H])[O][H],[O:1]([H:2])[C:3]([H:4])([H:5])[C@@:6]1([H:7])[O:8][C@@:16]([H:17])([N:18]2[C:19](=[O:20])[N:21]=[C:22]([N:23]([H:24])[H:25])[C:26]([H:27])=[C:28]2[H:29])[C@:12]([H:13])([O:14][H:15])[C@:9]1([H:10])[O:11][P:30]([O-:31])(=[O:32])[O:33][C:34]([H:35])([H:36])[C@@:37]1([H:38])[O:39][C@@:47]([H:48])([N:49]2[C:50](=[O:51])[N:52]([H:53])[C:54](=[O:55])[C:56]([H:57])=[C:58]2[H:59])[C@:43]([H:44])([O:45][H:46])[C@:40]1([H:41])[O:42][P:60]([O-:61])(=[O:62])[O:63][C:64]([H:65])([H:66])[C@@:67]1([H:68])[O:69][C@@:78]([H:79])([N:80]2[C:81]([H:82])=[N:83][c:84]3[c:85]([N:86]([H:87])[H:88])[n:89][c:90]([H:91])[n:92][c:93]32)[C@:74]([H:75])([O:76][H:77])[C@:70]1([H:71])[O:72][H:73],93,unassigned_atom_type,29;30;31;59;60;61,"Atoms 29, 30, 31, 59, 60, 61 could not be assigned a bond charge correction atom type."
rna-trinucleotide,20.npz,Nc1ccn([C@@H]2O[C@H](COP(=O)([O-])O[C@H]3[C@@H](O)[C@H](n4cnc5c(N)ncnc54)O[C@@H]3CO)[C@@H](OP(=O)([O-])OC[C@H]3O[C@@H](n4cnc5c(N)ncnc54)[C@H](O)[C@@H]3O)[C@H]2O)c(=O)n1,[H][O][C]([H])([H])[C@@]1([H])[O][C@@]([H])([N]2[C]([H])=[N][c]3[c]([N]([H])[H])[n][c]([H])[n][c]32)[C@]([H])([O][H])[C@]1([H])[O][P](=[O])([O-])[O][C]([H])([H])[C@@]1([H])[O][C@@]([H])([N]2[C](=[O])[N]=[C]([N]([H])[H])[C]([H])=[C]2[H])[C@]([H])([O][H])[C@]1([H])[O][P](=[O])([O-])[O][C]([H])([H])[C@@]1([H])[O][C@@]([H])([N]2[C]([H])=[N][c]3[c]([N]([H])[H])[n][c]([H])[n][c]32)[C@]([H])([O][H])[C@]1([H])[O][H],[O:1]([H:2])[C:3]([H:4])([H:5])[C@@:6]1([H:7])[O:8][C@@:16]([H:17])([N:18]2[C:19]([H:20])=[N:21][c:22]3[c:23]([N:24]([H:25])[H:26])[n:27][c:28]([H:29])[n:30][c:31]32)[C@:12]([H:13])([O:14][H:15])[C@:9]1([H:10])[O:11][P:32]([O-:33])(=[O:34])[O:35][C:36]([H:37])([H:38])[C@@:39]1([H:40])[O:41][C@@:49]([H:50])([N:51]2[C:52](=[O:53])[N:54]=[C:55]([N:56]([H:57])[H:58])[C:59]([H:60])=[C:61]2[H:62])[C@:45]([H:46])([O:47][H:48])[C@:42]1([H:43])[O:44][P:63]([O-:64])(=[O:65])[O:66][C:67]([H:68])([H:69])[C@@:70]1([H:71])[O:72][C@@:81]([H:82])([N:83]2[C:84]([H:85])=[N:86][c:87]3[c:88]([N:89]([H:90])[H:91])[n:92][c:93]([H:94])[n:95][c:96]32)[C@:77]([H:78])([O:79][H:80])[C@:73]1([H:74])[O:75][H:76],96,unassigned_atom_type,31;32;33;62;63;64,"Atoms 31, 32, 33, 62, 63, 64 could not be assigned a bond charge correction atom type."
rna-trinucleotide,21.npz,Nc1ccn([C@@H]2O[C@H](COP(=O)([O-])O[C@H]3[C@@H](O)[C@H](n4ccc(=O)[nH]c4=O)O[C@@H]3COP(=O)([O-])O[C@H]3[C@@H](O)[C@H](n4ccc(=O)[nH]c4=O)O[C@@H]3CO)[C@@H](O)[C@H]2O)c(=O)n1,[H][O][C]([H])([H])[C@@]1([H])[O][C@@]([H])([N]2[C](=[O])[N]([H])[C](=[O])[C]([H])=[C]2[H])[C@]([H])([O][H])[C@]1([H])[O][P](=[O])([O-])[O][C]([H])([H])[C@@]1([H])[O][C@@]([H])([N]2[C](=[O])[N]([H])[C](=[O])[C]([H])=[C]2[H])[C@]([H])([O][H])[C@]1([H])[O][P](=[O])([O-])[O][C]([H])([H])[C@@]1([H])[O][C@@]([H])([N]2[C](=[O])[N]=[C]([N]([H])[H])[C]([H])=[C]2[H])[C@]([H])([O][H])[C@]1([H])[O][H],[O:1]([H:2])[C:3]([H:4])([H:5])[C@@:6]1([H:7])[O:8][C@@:16]([H:17])([N:18]2[C:19](=[O:20])[N:21]([H:22])[C:23](=[O:24])[C:25]([H:26])=[C:27]2[H:28])[C@:12]([H:13])([O:14][H:15])[C@:9]1([H:10])[O:11][P:29]([O-:30])(=[O:31])[O:32][C:33]([H:34])([H:35])[C@@:36]1([H:37])[O:38][C@@:46]([H:47])([N:48]2[C:49](=[O:50])[N:51]([H:52])[C:53](=[O:54])[C:55]([H:56])=[C:57]2[H:58])[C@:42]([H:43])([O:44][H:45])[C@:39]1([H:40])[O:41][P:59]([O-:60])(=[O:61])[O:62][C:63]([H:64])([H:65])[C@@:66]1([H:67])[O:68][C@@:77]([H:78])([N:79]2[C:80](=[O:81])[N:82]=[C:83]([N:84]([H:85])[H:86])[C:87]([H:88])=[C:89]2[H:90])[C@:73]([H:74])([O:75][H:76])[C@:69]1([H:70])[O:71][H:72],90,unassigned_atom_type,28;29;30;58;59;60,"Atoms 28, 29, 30, 58, 59, 60 could not be assigned a bond charge correction atom type."
rna-trinucleotide,22.npz,Nc1ccn([C@@H]2O[C@H](COP(=O)([O-])O[C@H]3[C@@H](O)[C@H](n4ccc(N)nc4=O)O[C@@H]3COP(=O)([O-])O[C@H]3[C@@H](O)[C@H](n4ccc(=O)[nH]c4=O)O[C@@H]3CO)[C@@H](O)[C@H]2O)c(=O)n1,[H][O][C]([H])([H])[C@@]1([H])[O][C@@]([H])([N]2[C](=[O])[N]([H])[C](=[O])[C]([H])=[C]2[H])[C@]([H])([O][H])[C@]1([H])[O][P](=[O])([O-])[O][C]([H])([H])[C@@]1([H])[O][C@@]([H])([N]2[C](=[O])[N]=[C]([N]([H])[H])[C]([H])=[C]2[H])[C@]([H])([O][H])[C@]1([H])[O][P](=[O])([O-])[O][C]([H])([H])[C@@]1([H])[O][C@@]([H])([N]2[C](=[O])[N]=[C]([N]([H])[H])[C]([H])=[C]2[H])[C@]([H])([O][H])[C@]1([H])[O][H],[O:1]([H:2])[C:3]([H:4])([H:5])[C@@:6]1([H:7])[O:8][C@@:16]([H:17])([N:18]2[C:19](=[O:20])[N:21]([H:22])[C:23](=[O:24])[C:25]([H:26])=[C:27]2[H:28])[C@:12]([H:13])([O:14][H:15])[C@:9]1([H:10])[O:11][P:29]([O-:30])(=[O:31])[O:32][C:33]([H:34])([H:35])[C@@:36]1([H:37])[O:38][C@@:46]([H:47])([N:48]2[C:49](=[O:50])[N:51]=[C:52]([N:53]([H:54])[H:55])[C:56]([H:57])=[C:58]2[H:59])[C@:42]([H:43])([O:44][H:45])[C@:39]1([H:40])[O:41][P:60]([O-:61])(=[O:62])[O:63][C:64]([H:65])([H:66])[C@@:67]1([H:68])[O:69][C@@:78]([H:79])([N:80]2[C:81](=[O:82])[N:83]=[C:84]([N:85]([H:86])[H:87])[C:88]([H:89])=[C:90]2[H:91])[C@:74]([H:75])([O:76][H:77])[C@:70]1([H:71])[O:72][H:73],91,unassigned_atom_type,28;29;30;59;60;61,"Atoms 28, 29, 30, 59, 60, 61 could not be assigned a bond charge correction atom type."
rna-trinucleotide,23.npz,Nc1ccn([C@@H]2O[C@H](COP(=O)([O-])O[C@H]3[C@@H](O)[C@H](n4cnc5c(=O)[nH]c(N)nc54)O[C@@H]3COP(=O)([O-])O[C@H]3[C@@H](O)[C@H](n4ccc(=O)[nH]c4=O)O[C@@H]3CO)[C@@H](O)[C@H]2O)c(=O)n1,[H][O][C]([H])([H])[C@@]1([H])[O][C@@]([H])([N]2[C](=[O])[N]([H])[C](=[O])[C]([H])=[C]2[H])[C@]([H])([O][H])[C@]1([H])[O][P](=[O])([O-])[O][C]([H])([H])[C@@]1([H])[O][C@@]([H])([N]2[C]([H])=[N][C]3=[C]2[N]=[C]([N]([H])[H])[N]([H])[C]3=[O])[C@]([H])([O][H])[C@]1([H])[O][P](=[O])([O-])[O][C]([H])([H])[C@@]1([H])[O][C@@]([H])([N]2[C](=[O])[N]=[C]([N]([H])[H])[C]([H])=[C]2[H])[C@]([H])([O][H])[C@]1([H])[O][H],[O:1]([H:2])[C:3]([H:4])([H:5])[C@@:6]1([H:7])[O:8][C@@:16]([H:17])([N:18]2[C:19](=[O:20])[N:21]([H:22])[C:23](=[O:24])[C:25]([H:26])=[C:27]2[H:28])[C@:12]([H:13])([O:14][H:15])[C@:9]1([H:10])[O:11][P:29]([O-:30])(=[O:31])[O:32][C:33]([H:34])([H:35])[C@@:36]1([H:37])[O:38][C@@:46]([H:47])([N:48]2[C:49]([H:50])=[N:51][C:52]3=[C:62]2[N:61]=[C:57]([N:58]([H:59])[H:60])[N:55]([H:56])[C:53]3=[O:54])[C@:42]([H:43])([O:44][H:45])[C@:39]1([H:40])[O:41][P:63]([O-:64])(=[O:65])[O:66][C:67]([H:68])([H:69])[C@@:70]1([H:71])[O:72][C@@:81]([H:82])([N:83]2[C:84](=[O:85])[N:86]=[C:87]([N:88]([H:89])[H:90])[C:91]([H:92])=[C:93]2[H:94])[C@:77]([H:78])([O:79][H:80])[C@:73]1([H:74])[O:75][H:76],94,unassigned_atom_type,28;29;30;62;63;64,"Atoms 28, 29, 30, 62, 63, 64 could not be assigned a bond charge correction atom type."
rna-trinucleotide,24.npz,Nc1ccn([C@@H]2O[C@H](COP(=O)([O-])O[C@H]3[C@@H](O)[C@H](n4cnc5c(N)ncnc54)O[C@@H]3COP(=O)([O-])O[C@H]3[C@@H](O)[C@H](n4ccc(=O)[nH]c4=O)O[C@@H]3CO)[C@@H](O)[C@H]2O)c(=O)n1,[H][O][C]([H])([H])[C@@]1([H])[O][C@@]([H])([N]2[C](=[O])[N]([H])[C](=[O])[C]([H])=[C]2[H])[C@]([H])([O][H])[C@]1([H])[O][P](=[O])([O-])[O][C]([H])([H])[C@@]1([H])[O][C@@]([H])([N]2[C]([H])=[N][c]3[c]([N]([H])[H])[n][c]([H])[n][c]32)[C@]([H])([O][H])[C@]1([H])[O][P](=[O])([O-])[O][C]([H])([H])[C@@]1([H])[O][C@@]([H])([N]2[C](=[O])[N]=[C]([N]([H])[H])[C]([H])=[C]2[H])[C@]([H])([O][H])[C@]1([H])[O][H],[O:1]([H:2])[C:3]([H:4])([H:5])[C@@:6]1([H:7])[O:8][C@@:16]([H:17])([N:18]2[C:19](=[O:20])[N:21]([H:22])[C:23](=[O:24])[C:25]([H:26])=[C:27]2[H:28])[C@:12]([H:13])([O:14][H:15])[C@:9]1([H:10])[O:11][P:29]([O-:30])(=[O:31])[O:32][C:33]([H:34])([H:35])[C@@:36]1([H:37])[O:38][C@@:46]([H:47])([N:48]2[C:49]([H:50])=[N:51][c:52]3[c:53]([N:54]([H:55])[H:56])[n:57][c:58]([H:59])[n:60][c:61]32)[C@:42]([H:43])([O:44][H:45])[C@:39]1([H:40])[O:41][P:62]([O-:63])(=[O:64])[O:65][C:66]([H:67])([H:68])[C@@:69]1([H:70])[O:71][C@@:80]([H:81])([N:82]2[C:83](=[O:84])[N:85]=[C:86]([N:87]([H:88])[H:89])[C:90]([H:91])=[C:92]2[H:93])[C@:76]([H:77])([O:78][H:79])[C@:72]1([H:73])[O:74][H:75],93,unassigned_atom_type,28;29;30;61;62;63,"Atoms 28, 29, 30, 61, 62, 63 could not be assigned a bond charge correction atom type."
rna-trinucleotide,25.npz,Nc1ccn([C@@H]2O[C@H](COP(=O)([O-])O[C@H]3[C@@H](O)[C@H](n4ccc(=O)[nH]c4=O)O[C@@H]3COP(=O)([O-])O[C@H]3[C@@H](O)[C@H](n4ccc(N)nc4=O)O[C@@H]3CO)[C@@H](O)[C@H]2O)c(=O)n1,[H][O][C]([H])([H])[C@@]1([H])[O][C@@]([H])([N]2[C](=[O])[N]=[C]([N]([H])[H])[C]([H])=[C]2[H])[C@]([H])([O][H])[C@]1([H])[O][P](=[O])([O-])[O][C]([H])([H])[C@@]1([H])[O][C@@]([H])([N]2[C](=[O])[N]([H])[C](=[O])[C]([H])=[C]2[H])[C@]([H])([O][H])[C@]1([H])[O][P](=[O])([O-])[O][C]([H])([H])[C@@]1([H])[O][C@@]([H])([N]2[C](=[O])[N]=[C]([N]([H])[H])[C]([H])=[C]2[H])[C@]([H])([O][H])[C@]1([H])[O][H],[O:1]([H:2])[C:3]([H:4])([H:5])[C@@:6]1([H:7])[O:8][C@@:16]([H:17])([N:18]2[C:19](=[O:20])[N:21]=[C:22]([N:23]([H:24])[H:25])[C:26]([H:27])=[C:28]2[H:29])[C@:12]([H:13])([O:14][H:15])[C@:9]1([H:10])[O:11][P:30]([O-:31])(=[O:32])[O:33][C:34]([H:35])([H:36])[C@@:37]1([H:38])[O:39][C@@:47]([H:48])([N:49]2[C:50](=[O:51])[N:52]([H:53])[C:54](=[O:55])[C:56]([H:57])=[C:58]2[H:59])[C@:43]([H:44])([O:45][H:46])[C@:40]1([H:41])[O:42][P:60]([O-:61])(=[O:62])[O:63][C:64]([H:65])([H:66])[C@@:67]1([H:68])[O:69][C@@:78]([H:79])([N:80]2[C:81](=[O:82])[N:83]=[C:84]([N:85]([H:86])[H:87])[C:88]([H:89])=[C:90]2[H:91])[C@:74]([H:75])([O:76][H:77])[C@:70]1([H:71])[O:72][H:73],91,unassigned_atom_type,29;30;31;59;60;61,"Atoms 29, 30, 31, 59, 60, 61 could not be assigned a bond charge correction atom type."
rna-trinucleotide,26.npz,Nc1ccn([C@@H]2O[C@H](COP(=O)([O-])O[C@H]3[C@@H](O)[C@H](n4ccc(N)nc4=O)O[C@@H]3COP(=O)([O-])O[C@H]3[C@@H](O)[C@H](n4ccc(N)nc4=O)O[C@@H]3CO)[C@@H](O)[C@H]2O)c(=O)n1,[H][O][C]([H])([H])[C@@]1([H])[O][C@@]([H])([N]2[C](=[O])[N]=[C]([N]([H])[H])[C]([H])=[C]2[H])[C@]([H])([O][H])[C@]1([H])[O][P](=[O])([O-])[O][C]([H])([H])[C@@]1([H])[O][C@@]([H])([N]2[C](=[O])[N]=[C]([N]([H])[H])[C]([H])=[C]2[H])[C@]([H])([O][H])[C@]1([H])[O][P](=[O])([O-])[O][C]([H])([H])[C@@]1([H])[O][C@@]([H])([N]2[C](=[O])[N]=[C]([N]([H])[H])[C]([H])=[C]2[H])[C@]([H])([O][H])[C@]1([H])[O][H],[O:1]([H:2])[C:3]([H:4])([H:5])[C@@:6]1([H:7])[O:8][C@@:16]([H:17])([N:18]2[C:19](=[O:20])[N:21]=[C:22]([N:23]([H:24])[H:25])[C:26]([H:27])=[C:28]2[H:29])[C@:12]([H:13])([O:14][H:15])[C@:9]1([H:10])[O:11][P:30]([O-:31])(=[O:32])[O:33][C:34]([H:35])([H:36])[C@@:37]1([H:38])[O:39][C@@:47]([H:48])([N:49]2[C:50](=[O:51])[N:52]=[C:53]([N:54]([H:55])[H:56])[C:57]([H:58])=[C:59]2[H:60])[C@:43]([H:44])([O:45][H:46])[C@:40]1([H:41])[O:42][P:61]([O-:62])(=[O:63])[O:64][C:65]([H:66])([H:67])[C@@:68]1([H:69])[O:70][C@@:79]([H:80])([N:81]2[C:82](=[O:83])[N:84]=[C:85]([N:86]([H:87])[H:88])[C:89]([H:90])=[C:91]2[H:92])[C@:75]([H:76])([O:77][H:78])[C@:71]1([H:72])[O:73][H:74],92,unassigned_atom_type,29;30;31;60;61;62,"Atoms 29, 30, 31, 60, 61, 62 could not be assigned a bond charge correction atom type."
rna-trinucleotide,27.npz,Nc1ccn([C@@H]2O[C@H](COP(=O)([O-])O[C@H]3[C@@H](O)[C@H](n4cnc5c(=O)[nH]c(N)nc54)O[C@@H]3COP(=O)([O-])O[C@H]3[C@@H](O)[C@H](n4ccc(N)nc4=O)O[C@@H]3CO)[C@@H](O)[C@H]2O)c(=O)n1,[H][O][C]([H])([H])[C@@]1([H])[O][C@@]([H])([N]2[C](=[O])[N]=[C]([N]([H])[H])[C]([H])=[C]2[H])[C@]([H])([O][H])[C@]1([H])[O][P](=[O])([O-])[O][C]([H])([H])[C@@]1([H])[O][C@@]([H])([N]2[C]([H])=[N][C]3=[C]2[N]=[C]([N]([H])[H])[N]([H])[C]3=[O])[C@]([H])([O][H])[C@]1([H])[O][P](=[O])([O-])[O][C]([H])([H])[C@@]1([H])[O][C@@]([H])([N]2[C](=[O])[N]=[C]([N]([H])[H])[C]([H])=[C]2[H])[C@]([H])([O][H])[C@]1([H])[O][H],[O:1]([H:2])[C:3]([H:4])([H:5])[C@@:6]1([H:7])[O:8][C@@:16]([H:17])([N:18]2[C:19](=[O:20])[N:21]=[C:22]([N:23]([H:24])[H:25])[C:26]([H:27])=[C:28]2[H:29])[C@:12]([H:13])([O:14][H:15])[C@:9]1([H:10])[O:11][P:30]([O-:31])(=[O:32])[O:33][C:34]([H:35])([H:36])[C@@:37]1([H:38])[O:39][C@@:47]([H:48])([N:49]2[C:50]([H:51])=[N:52][C:53]3=[C:63]2[N:62]=[C:58]([N:59]([H:60])[H:61])[N:56]([H:57])[C:54]3=[O:55])[C@:43]([H:44])([O:45][H:46])[C@:40]1([H:41])[O:42][P:64]([O-:65])(=[O:66])[O:67][C:68]([H:69])([H:70])[C@@:71]1([H:72])[O:73][C@@:82]([H:83])([N:84]2[C:85](=[O:86])[N:87]=[C:88]([N:89]([H:90])[H:91])[C:92]([H:93])=[C:94]2[H:95])[C@:78]([H:79])([O:80][H:81])[C@:74]1([H:75])[O:76][H:77],95,unassigned_atom_type,29;30;31;63;64;65,"Atoms 29, 30, 31, 63, 64, 65 could not be assigned a bond charge correction atom type."
rna-trinucleotide,28.npz,Nc1ccn([C@@H]2O[C@H](COP(=O)([O-])O[C@H]3[C@@H](O)[C@H](n4cnc5c(N)ncnc54)O[C@@H]3COP(=O)([O-])O[C@H]3[C@@H](O)[C@H](n4ccc(N)nc4=O)O[C@@H]3CO)[C@@H](O)[C@H]2O)c(=O)n1,[H][O][C]([H])([H])[C@@]1([H])[O][C@@]([H])([N]2[C](=[O])[N]=[C]([N]([H])[H])[C]([H])=[C]2[H])[C@]([H])([O][H])[C@]1([H])[O][P](=[O])([O-])[O][C]([H])([H])[C@@]1([H])[O][C@@]([H])([N]2[C]([H])=[N][c]3[c]([N]([H])[H])[n][c]([H])[n][c]32)[C@]([H])([O][H])[C@]1([H])[O][P](=[O])([O-])[O][C]([H])([H])[C@@]1([H])[O][C@@]([H])([N]2[C](=[O])[N]=[C]([N]([H])[H])[C]([H])=[C]2[H])[C@]([H])([O][H])[C@]1([H])[O][H],[O:1]([H:2])[C:3]([H:4])([H:5])[C@@:6]1([H:7])[O:8][C@@:16]([H:17])([N:18]2[C:19](=[O:20])[N:21]=[C:22]([N:23]([H:24])[H:25])[C:26]([H:27])=[C:28]2[H:29])[C@:12]([H:13])([O:14][H:15])[C@:9]1([H:10])[O:11][P:30]([O-:31])(=[O:32])[O:33][C:34]([H:35])([H:36])[C@@:37]1([H:38])[O:39][C@@:47]([H:48])([N:49]2[C:50]([H:51])=[N:52][c:53]3[c:54]([N:55]([H:56])[H:57])[n:58][c:59]([H:60])[n:61][c:62]32)[C@:43]([H:44])([O:45][H:46])[C@:40]1([H:41])[O:42][P:63]([O-:64])(=[O:65])[O:66][C:67]([H:68])([H:69])[C@@:70]1([H:71])[O:72][C@@:81]([H:82])([N:83]2[C:84](=[O:85])[N:86]=[C:87]([N:88]([H:89])[H:90])[C:91]([H:92])=[C:93]2[H:94])[C@:77]([H:78])([O:79][H:80])[C@:73]1([H:74])[O:75][H:76],94,unassigned_atom_type,29;30;31;62;63;64,"Atoms 29, 30, 31, 62, 63, 64 could not be assigned a bond charge correction atom type."
rna-trinucleotide,29.npz,Nc1ccn([C@@H]2O[C@H](COP(=O)([O-])O[C@H]3[C@@H](O)[C@H](n4ccc(=O)[nH]c4=O)O[C@@H]3COP(=O)([O-])O[C@H]3[C@@H](O)[C@H](n4cnc5c(=O)[nH]c(N)nc54)O[C@@H]3CO)[C@@H](O)[C@H]2O)c(=O)n1,[H][O][C]([H])([H])[C@@]1([H])[O][C@@]([H])([N]2[C]([H])=[N][C]3=[C]2[N]=[C]([N]([H])[H])[N]([H])[C]3=[O])[C@]([H])([O][H])[C@]1([H])[O][P](=[O])([O-])[O][C]([H])([H])[C@@]1([H])[O][C@@]([H])([N]2[C](=[O])[N]([H])[C](=[O])[C]([H])=[C]2[H])[C@]([H])([O][H])[C@]1([H])[O][P](=[O])([O-])[O][C]([H])([H])[C@@]1([H])[O][C@@]([H])([N]2[C](=[O])[N]=[C]([N]([H])[H])[C]([H])=[C]2[H])[C@]([H])([O][H])[C@]1([H])[O][H],[O:1]([H:2])[C:3]([H:4])([H:5])[C@@:6]1([H:7])[O:8][C@@:16]([H:17])([N:18]2[C:19]([H:20])=[N:21][C:22]3=[C:32]2[N:31]=[C:27]([N:28]([H:29])[H:30])[N:25]([H:26])[C:23]3=[O:24])[C@:12]([H:13])([O:14][H:15])[C@:9]1([H:10])[O:11][P:33]([O-:34])(=[O:35])[O:36][C:37]([H:38])([H:39])[C@@:40]1([H:41])[O:42][C@@:50]([H:51])([N:52]2[C:53](=[O:54])[N:55]([H:56])[C:57](=[O:58])[C:59]([H:60])=[C:61]2[H:62])[C@:46]([H:47])([O:48][H:49])[C@:43]1([H:44])[O:45][P:63]([O-:64])(=[O:65])[O:66][C:67]([H:68])([H:69])[C@@:70]1([H:71])[O:72][C@@:81]([H:82])([N:83]2[C:84](=[O:85])[N:86]=[C:87]([N:88]([H:89])[H:90])[C:91]([H:92])=[C:93]2[H:94])[C@:77]([H:78])([O:79][H:80])[C@:73]1([H:74])[O:75][H:76],94,unassigned_atom_type,32;33;34;62;63;64,"Atoms 32, 33, 34, 62, 63, 64 could not be assigned a bond charge correction atom type."
rna-trinucleotide,3.npz,Nc1ccn([C@@H]2O[C@H](CO)[C@@H](OP(=O)([O-])OC[C@H]3O[C@@H](n4ccc(N)nc4=O)[C@H](O)[C@@H]3OP(=O)([O-])OC[C@H]3O[C@@H](n4ccc(=O)[nH]c4=O)[C@H](O)[C@@H]3O)[C@H]2O)c(=O)n1,[H][O][C]([H])([H])[C@@]1([H])[O][C@@]([H])([N]2[C](=[O])[N]=[C]([N]([H])[H])[C]([H])=[C]2[H])[C@]([H])([O][H])[C@]1([H])[O][P](=[O])([O-])[O][C]([H])([H])[C@@]1([H])[O][C@@]([H])([N]2[C](=[O])[N]=[C]([N]([H])[H])[C]([H])=[C]2[H])[C@]([H])([O][H])[C@]1([H])[O][P](=[O])([O-])[O][C]([H])([H])[C@@]1([H])[O][C@@]([H])([N]2[C](=[O])[N]([H])[C](=[O])[C]([H])=[C]2[H])[C@]([H])([O][H])[C@]1([H])[O][H],[O:1]([H:2])[C:3]([H:4])([H:5])[C@@:6]1([H:7])[O:8][C@@:16]([H:17])([N:18]2[C:19](=[O:20])[N:21]=[C:22]([N:23]([H:24])[H:25])[C:26]([H:27])=[C:28]2[H:29])[C@:12]([H:13])([O:14][H:15])[C@:9]1([H:10])[O:11][P:30]([O-:31])(=[O:32])[O:33][C:34]([H:35])([H:36])[C@@:37]1([H:38])[O:39][C@@:47]([H:48])([N:49]2[C:50](=[O:51])[N:52]=[C:53]([N:54]([H:55])[H:56])[C:57]([H:58])=[C:59]2[H:60])[C@:43]([H:44])([O:45][H:46])[C@:40]1([H:41])[O:42][P:61]([O-:62])(=[O:63])[O:64][C:65]([H:66])([H:67])[C@@:68]1([H:69])[O:70][C@@:79]([H:80])([N:81]2[C:82](=[O:83])[N:84]([H:85])[C:86](=[O:87])[C:88]([H:89])=[C:90]2[H:91])[C@:75]([H:76])([O:77][H:78])[C@:71]1([H:72])[O:73][H:74],91,unassigned_atom_type,29;30;31;60;61;62,"Atoms 29, 30, 31, 60, 61, 62 could not be assigned a bond charge correction atom type."
rna-trinucleotide,30.npz,Nc1ccn([C@@H]2O[C@H](COP(=O)([O-])O[C@H]3[C@@H](O)[C@H](n4ccc(N)nc4=O)O[C@@H]3COP(=O)([O-])O[C@H]3[C@@H](O)[C@H](n4cnc5c(=O)[nH]c(N)nc54)O[C@@H]3CO)[C@@H](O)[C@H]2O)c(=O)n1,[H][O][C]([H])([H])[C@@]1([H])[O][C@@]([H])([N]2[C]([H])=[N][C]3=[C]2[N]=[C]([N]([H])[H])[N]([H])[C]3=[O])[C@]([H])([O][H])[C@]1([H])[O][P](=[O])([O-])[O][C]([H])([H])[C@@]1([H])[O][C@@]([H])([N]2[C](=[O])[N]=[C]([N]([H])[H])[C]([H])=[C]2[H])[C@]([H])([O][H])[C@]1([H])[O][P](=[O])([O-])[O][C]([H])([H])[C@@]1([H])[O][C@@]([H])([N]2[C](=[O])[N]=[C]([N]([H])[H])[C]([H])=[C]2[H])[C@]([H])([O][H])[C@]1([H])[O][H],[O:1]([H:2])[C:3]([H:4])([H:5])[C@@:6]1([H:7])[O:8][C@@:16]([H:17])([N:18]2[C:19]([H:20])=[N:21][C:22]3=[C:32]2[N:31]=[C:27]([N:28]([H:29])[H:30])[N:25]([H:26])[C:23]3=[O:24])[C@:12]([H:13])([O:14][H:15])[C@:9]1([H:10])[O:11][P:33]([O-:34])(=[O:35])[O:36][C:37]([H:38])([H:39])[C@@:40]1([H:41])[O:42][C@@:50]([H:51])([N:52]2[C:53](=[O:54])[N:55]=[C:56]([N:57]([H:58])[H:59])[C:60]([H:61])=[C:62]2[H:63])[C@:46]([H:47])([O:48][H:49])[C@:43]1([H:44])[O:45][P:64]([O-:65])(=[O:66])[O:67][C:68]([H:69])([H:70])[C@@:71]1([H:72])[O:73][C@@:82]([H:83])([N:84]2[C:85](=[O:86])[N:87]=[C:88]([N:89]([H:90])[H:91])[C:92]([H:93])=[C:94]2[H:95])[C@:78]([H:79])([O:80][H:81])[C@:74]1([H:75])[O:76][H:77],95,unassigned_atom_type,32;33;34;63;64;65,"Atoms 32, 33, 34, 63, 64, 65 could not be assigned a bond charge correction atom type."
rna-trinucleotide,31.npz,Nc1ccn([C@@H]2O[C@H](COP(=O)([O-])O[C@H]3[C@@H](O)[C@H](n4cnc5c(=O)[nH]c(N)nc54)O[C@@H]3COP(=O)([O-])O[C@H]3[C@@H](O)[C@H](n4cnc5c(=O)[nH]c(N)nc54)O[C@@H]3CO)[C@@H](O)[C@H]2O)c(=O)n1,[H][O][C]([H])([H])[C@@]1([H])[O][C@@]([H])([N]2[C]([H])=[N][C]3=[C]2[N]=[C]([N]([H])[H])[N]([H])[C]3=[O])[C@]([H])([O][H])[C@]1([H])[O][P](=[O])([O-])[O][C]([H])([H])[C@@]1([H])[O][C@@]([H])([N]2[C]([H])=[N][C]3=[C]2[N]=[C]([N]([H])[H])[N]([H])[C]3=[O])[C@]([H])([O][H])[C@]1([H])[O][P](=[O])([O-])[O][C]([H])([H])[C@@]1([H])[O][C@@]([H])([N]2[C](=[O])[N]=[C]([N]([H])[H])[C]([H])=[C]2[H])[C@]([H])([O][H])[C@]1([H])[O][H],[O:1]([H:2])[C:3]([H:4])([H:5])[C@@:6]1([H:7])[O:8][C@@:16]([H:17])([N:18]2[C:19]([H:20])=[N:21][C:22]3=[C:32]2[N:31]=[C:27]([N:28]([H:29])[H:30])[N:25]([H:26])[C:23]3=[O:24])[C@:12]([H:13])([O:14][H:15])[C@:9]1([H:10])[O:11][P:33]([O-:34])(=[O:35])[O:36][C:37]([H:38])([H:39])[C@@:40]1([H:41])[O:42][C@@:50]([H:51])([N:52]2[C:53]([H:54])=[N:55][C:56]3=[C:66]2[N:65]=[C:61]([N:62]([H:63])[H:64])[N:59]([H:60])[C:57]3=[O:58])[C@:46]([H:47])([O:48][H:49])[C@:43]1([H:44])[O:45][P:67]([O-:68])(=[O:69])[O:70][C:71]([H:72])([H:73])[C@@:74]1([H:75])[O:76][C@@:85]([H:86])([N:87]2[C:88](=[O:89])[N:90]=[C:91]([N:92]([H:93])[H:94])[C:95]([H:96])=[C:97]2[H:98])[C@:81]([H:82])([O:83][H:84])[C@:77]1([H:78])[O:79][H:80],98,unassigned_atom_type,32;33;34;66;67;68,"Atoms 32, 33, 34, 66, 67, 68 could not be assigned a bond charge correction atom type."
rna-trinucleotide,32.npz,Nc1ccn([C@@H]2O[C@H](COP(=O)([O-])O[C@H]3[C@@H](O)[C@H](n4cnc5c(N)ncnc54)O[C@@H]3COP(=O)([O-])O[C@H]3[C@@H](O)[C@H](n4cnc5c(=O)[nH]c(N)nc54)O[C@@H]3CO)[C@@H](O)[C@H]2O)c(=O)n1,[H][O][C]([H])([H])[C@@]1([H])[O][C@@]([H])([N]2[C]([H])=[N][C]3=[C]2[N]=[C]([N]([H])[H])[N]([H])[C]3=[O])[C@]([H])([O][H])[C@]1([H])[O][P](=[O])([O-])[O][C]([H])([H])[C@@]1([H])[O][C@@]([H])([N]2[C]([H])=[N][c]3[c]([N]([H])[H])[n][c]([H])[n][c]32)[C@]([H])([O][H])[C@]1([H])[O][P](=[O])([O-])[O][C]([H])([H])[C@@]1([H])[O][C@@]([H])([N]2[C](=[O])[N]=[C]([N]([H])[H])[C]([H])=[C]2[H])[C@]([H])([O][H])[C@]1([H])[O][H],[O:1]([H:2])[C:3]([H:4])([H:5])[C@@:6]1([H:7])[O:8][C@@:16]([H:17])([N:18]2[C:19]([H:20])=[N:21][C:22]3=[C:32]2[N:31]=[C:27]([N:28]([H:29])[H:30])[N:25]([H:26])[C:23]3=[O:24])[C@:12]([H:13])([O:14][H:15])[C@:9]1([H:10])[O:11][P:33]([O-:34])(=[O:35])[O:36][C:37]([H:38])([H:39])[C@@:40]1([H:41])[O:42][C@@:50]([H:51])([N:52]2[C:53]([H:54])=[N:55][c:56]3[c:57]([N:58]([H:59])[H:60])[n:61][c:62]([H:63])[n:64][c:65]32)[C@:46]([H:47])([O:48][H:49])[C@:43]1([H:44])[O:45][P:66]([O-:67])(=[O:68])[O:69][C:70]([H:71])([H:72])[C@@:73]1([H:74])[O:75][C@@:84]([H:85])([N:86]2[C:87](=[O:88])[N:89]=[C:90]([N:91]([H:92])[H:93])[C:94]([H:95])=[C:96]2[H:97])[C@:80]([H:81])([O:82][H:83])[C@:76]1([H:77])[O:78][H:79],97,unassigned_atom_type,32;33;34;65;66;67,"Atoms 32, 33, 34, 65, 66, 67 could not be assigned a bond charge correction atom type."
rna-trinucleotide,33.npz,Nc1ccn([C@@H]2O[C@H](COP(=O)([O-])O[C@H]3[C@@H](O)[C@H](n4ccc(=O)[nH]c4=O)O[C@@H]3COP(=O)([O-])O[C@H]3[C@@H](O)[C@H](n4cnc5c(N)ncnc54)O[C@@H]3CO)[C@@H](O)[C@H]2O)c(=O)n1,[H][O][C]([H])([H])[C@@]1([H])[O][C@@]([H])([N]2[C]([H])=[N][c]3[c]([N]([H])[H])[n][c]([H])[n][c]32)[C@]([H])([O][H])[C@]1([H])[O][P](=[O])([O-])[O][C]([H])([H])[C@@]1([H])[O][C@@]([H])([N]2[C](=[O])[N]([H])[C](=[O])[C]([H])=[C]2[H])[C@]([H])([O][H])[C@]1([H])[O][P](=[O])([O-])[O][C]([H])([H])[C@@]1([H])[O][C@@]([H])([N]2[C](=[O])[N]=[C]([N]([H])[H])[C]([H])=[C]2[H])[C@]([H])([O][H])[C@]1([H])[O][H],[O:1]([H:2])[C:3]([H:4])([H:5])[C@@:6]1([H:7])[O:8][C@@:16]([H:17])([N:18]2[C:19]([H:20])=[N:21][c:22]3[c:23]([N:24]([H:25])[H:26])[n:27][c:28]([H:29])[n:30][c:31]32)[C@:12]([H:13])([O:14][H:15])[C@:9]1([H:10])[O:11][P:32]([O-:33])(=[O:34])[O:35][C:36]([H:37])([H:38])[C@@:39]1([H:40])[O:41][C@@:49]([H:50])([N:51]2[C:52](=[O:53])[N:54]([H:55])[C:56](=[O:57])[C:58]([H:59])=[C:60]2[H:61])[C@:45]([H:46])([O:47][H:48])[C@:42]1([H:43])[O:44][P:62]([O-:63])(=[O:64])[O:65][C:66]([H:67])([H:68])[C@@:69]1([H:70])[O:71][C@@:80]([H:81])([N:82]2[C:83](=[O:84])[N:85]=[C:86]([N:87]([H:88])[H:89])[C:90]([H:91])=[C:92]2[H:93])[C@:76]([H:77])([O:78][H:79])[C@:72]1([H:73])[O:74][H:75],93,unassigned_atom_type,31;32;33;61;62;63,"Atoms 31, 32, 33, 61, 62, 63 could not be assigned a bond charge correction atom type."
rna-trinucleotide,34.npz,Nc1ccn([C@@H]2O[C@H](COP(=O)([O-])O[C@H]3[C@@H](O)[C@H](n4ccc(N)nc4=O)O[C@@H]3COP(=O)([O-])O[C@H]3[C@@H](O)[C@H](n4cnc5c(N)ncnc54)O[C@@H]3CO)[C@@H](O)[C@H]2O)c(=O)n1,[H][O][C]([H])([H])[C@@]1([H])[O][C@@]([H])([N]2[C]([H])=[N][c]3[c]([N]([H])[H])[n][c]([H])[n][c]32)[C@]([H])([O][H])[C@]1([H])[O][P](=[O])([O-])[O][C]([H])([H])[C@@]1([H])[O][C@@]([H])([N]2[C](=[O])[N]=[C]([N]([H])[H])[C]([H])=[C]2[H])[C@]([H])([O][H])[C@]1([H])[O][P](=[O])([O-])[O][C]([H])([H])[C@@]1([H])[O][C@@]([H])([N]2[C](=[O])[N]=[C]([N]([H])[H])[C]([H])=[C]2[H])[C@]([H])([O][H])[C@]1([H])[O][H],[O:1]([H:2])[C:3]([H:4])([H:5])[C@@:6]1([H:7])[O:8][C@@:16]([H:17])([N:18]2[C:19]([H:20])=[N:21][c:22]3[c:23]([N:24]([H:25])[H:26])[n:27][c:28]([H:29])[n:30][c:31]32)[C@:12]([H:13])([O:14][H:15])[C@:9]1([H:10])[O:11][P:32]([O-:33])(=[O:34])[O:35][C:36]([H:37])([H:38])[C@@:39]1([H:40])[O:41][C@@:49]([H:50])([N:51]2[C:52](=[O:53])[N:54]=[C:55]([N:56]([H:57])[H:58])[C:59]([H:60])=[C:61]2[H:62])[C@:45]([H:46])([O:47][H:48])[C@:42]1([H:43])[O:44][P:63]([O-:64])(=[O:65])[O:66][C:67]([H:68])([H:69])[C@@:70]1([H:71])[O:72][C@@:81]([H:82])([N:83]2[C:84](=[O:85])[N:86]=[C:87]([N:88]([H:89])[H:90])[C:91]([H:92])=[C:93]2[H:94])[C@:77]([H:78])([O:79][H:80])[C@:73]1([H:74])[O:75][H:76],94,unassigned_atom_type,31;32;33;62;63;64,"Atoms 31, 32, 33, 62, 63, 64 could not be assigned a bond charge correction atom type."
rna-trinucleotide,35.npz,Nc1ccn([C@@H]2O[C@H](COP(=O)([O-])O[C@H]3[C@@H](O)[C@H](n4cnc5c(=O)[nH]c(N)nc54)O[C@@H]3COP(=O)([O-])O[C@H]3[C@@H](O)[C@H](n4cnc5c(N)ncnc54)O[C@@H]3CO)[C@@H](O)[C@H]2O)c(=O)n1,[H][O][C]([H])([H])[C@@]1([H])[O][C@@]([H])([N]2[C]([H])=[N][c]3[c]([N]([H])[H])[n][c]([H])[n][c]32)[C@]([H])([O][H])[C@]1([H])[O][P](=[O])([O-])[O][C]([H])([H])[C@@]1([H])[O][C@@]([H])([N]2[C]([H])=[N][C]3=[C]2[N]=[C]([N]([H])[H])[N]([H])[C]3=[O])[C@]([H])([O][H])[C@]1([H])[O][P](=[O])([O-])[O][C]([H])([H])[C@@]1([H])[O][C@@]([H])([N]2[C](=[O])[N]=[C]([N]([H])[H])[C]([H])=[C]2[H])[C@]([H])([O][H])[C@]1([H])[O][H],[O:1]([H:2])[C:3]([H:4])([H:5])[C@@:6]1([H:7])[O:8][C@@:16]([H:17])([N:18]2[C:19]([H:20])=[N:21][c:22]3[c:23]([N:24]([H:25])[H:26])[n:27][c:28]([H:29])[n:30][c:31]32)[C@:12]([H:13])([O:14][H:15])[C@:9]1([H:10])[O:11][P:32]([O-:33])(=[O:34])[O:35][C:36]([H:37])([H:38])[C@@:39]1([H:40])[O:41][C@@:49]([H:50])([N:51]2[C:52]([H:53])=[N:54][C:55]3=[C:65]2[N:64]=[C:60]([N:61]([H:62])[H:63])[N:58]([H:59])[C:56]3=[O:57])[C@:45]([H:46])([O:47][H:48])[C@:42]1([H:43])[O:44][P:66]([O-:67])(=[O:68])[O:69][C:70]([H:71])([H:72])[C@@:73]1([H:74])[O:75][C@@:84]([H:85])([N:86]2[C:87](=[O:88])[N:89]=[C:90]([N:91]([H:92])[H:93])[C:94]([H:95])=[C:96]2[H:97])[C@:80]([H:81])([O:82][H:83])[C@:76]1([H:77])[O:78][H:79],97,unassigned_atom_type,31;32;33;65;66;67,"Atoms 31, 32, 33, 65, 66, 67 could not be assigned a bond charge correction atom type."
rna-trinucleotide,36.npz,Nc1ccn([C@@H]2O[C@H](COP(=O)([O-])O[C@H]3[C@@H](O)[C@H](n4cnc5c(N)ncnc54)O[C@@H]3COP(=O)([O-])O[C@H]3[C@@H](O)[C@H](n4cnc5c(N)ncnc54)O[C@@H]3CO)[C@@H](O)[C@H]2O)c(=O)n1,[H][O][C]([H])([H])[C@@]1([H])[O][C@@]([H])([N]2[C]([H])=[N][c]3[c]([N]([H])[H])[n][c]([H])[n][c]32)[C@]([H])([O][H])[C@]1([H])[O][P](=[O])([O-])[O][C]([H])([H])[C@@]1([H])[O][C@@]([H])([N]2[C]([H])=[N][c]3[c]([N]([H])[H])[n][c]([H])[n][c]32)[C@]([H])([O][H])[C@]1([H])[O][P](=[O])([O-])[O][C]([H])([H])[C@@]1([H])[O][C@@]([H])([N]2[C](=[O])[N]=[C]([N]([H])[H])[C]([H])=[C]2[H])[C@]([H])([O][H])[C@]1([H])[O][H],[O:1]([H:2])[C:3]([H:4])([H:5])[C@@:6]1([H:7])[O:8][C@@:16]([H:17])([N:18]2[C:19]([H:20])=[N:21][c:22]3[c:23]([N:24]([H:25])[H:26])[n:27][c:28]([H:29])[n:30][c:31]32)[C@:12]([H:13])([O:14][H:15])[C@:9]1([H:10])[O:11][P:32]([O-:33])(=[O:34])[O:35][C:36]([H:37])([H:38])[C@@:39]1([H:40])[O:41][C@@:49]([H:50])([N:51]2[C:52]([H:53])=[N:54][c:55]3[c:56]([N:57]([H:58])[H:59])[n:60][c:61]([H:62])[n:63][c:64]32)[C@:45]([H:46])([O:47][H:48])[C@:42]1([H:43])[O:44][P:65]([O-:66])(=[O:67])[O:68][C:69]([H:70])([H:71])[C@@:72]1([H:73])[O:74][C@@:83]([H:84])([N:85]2[C:86](=[O:87])[N:88]=[C:89]([N:90]([H:91])[H:92])[C:93]([H:94])=[C:95]2[H:96])[C@:79]([H:80])([O:81][H:82])[C@:75]1([H:76])[O:77][H:78],96,unassigned_atom_type,31;32;33;64;65;66,"Atoms 31, 32, 33, 64, 65, 66 could not be assigned a bond charge correction atom type."
rna-trinucleotide,37.npz,Nc1nc2c(ncn2[C@@H]2O[C@H](CO)[C@@H](OP(=O)([O-])OC[C@H]3O[C@@H](n4ccc(=O)[nH]c4=O)[C@H](O)[C@@H]3OP(=O)([O-])OC[C@H]3O[C@@H](n4ccc(=O)[nH]c4=O)[C@H](O)[C@@H]3O)[C@H]2O)c(=O)[nH]1,[H][O][C]([H])([H])[C@@]1([H])[O][C@@]([H])([N]2[C]([H])=[N][C]3=[C]2[N]=[C]([N]([H])[H])[N]([H])[C]3=[O])[C@]([H])([O][H])[C@]1([H])[O][P](=[O])([O-])[O][C]([H])([H])[C@@]1([H])[O][C@@]([H])([N]2[C](=[O])[N]([H])[C](=[O])[C]([H])=[C]2[H])[C@]([H])([O][H])[C@]1([H])[O][P](=[O])([O-])[O][C]([H])([H])[C@@]1([H])[O][C@@]([H])([N]2[C](=[O])[N]([H])[C](=[O])[C]([H])=[C]2[H])[C@]([H])([O][H])[C@]1([H])[O][H],[O:1]([H:2])[C:3]([H:4])([H:5])[C@@:6]1([H:7])[O:8][C@@:16]([H:17])([N:18]2[C:19]([H:20])=[N:21][C:22]3=[C:32]2[N:31]=[C:27]([N:28]([H:29])[H:30])[N:25]([H:26])[C:23]3=[O:24])[C@:12]([H:13])([O:14][H:15])[C@:9]1([H:10])[O:11][P:33]([O-:34])(=[O:35])[O:36][C:37]([H:38])([H:39])[C@@:40]1([H:41])[O:42][C@@:50]([H:51])([N:52]2[C:53](=[O:54])[N:55]([H:56])[C:57](=[O:58])[C:59]([H:60])=[C:61]2[H:62])[C@:46]([H:47])([O:48][H:49])[C@:43]1([H:44])[O:45][P:63]([O-:64])(=[O:65])[O:66][C:67]([H:68])([H:69])[C@@:70]1([H:71])[O:72][C@@:81]([H:82])([N:83]2[C:84](=[O:85])[N:86]([H:87])[C:88](=[O:89])[C:90]([H:91])=[C:92]2[H:93])[C@:77]([H:78])([O:79][H:80])[C@:73]1([H:74])[O:75][H:76],93,unassigned_atom_type,32;33;34;62;63;64,"Atoms 32, 33, 34, 62, 63, 64 could not be assigned a bond charge correction atom type."
rna-trinucleotide,38.npz,Nc1nc2c(ncn2[C@@H]2O[C@H](CO)[C@@H](OP(=O)([O-])OC[C@H]3O[C@@H](n4ccc(=O)[nH]c4=O)[C@H](O)[C@@H]3OP(=O)([O-])OC[C@H]3O[C@@H](n4cnc5c(N)ncnc54)[C@H](O)[C@@H]3O)[C@H]2O)c(=O)[nH]1,[H][O][C]([H])([H])[C@@]1([H])[O][C@@]([H])([N]2[C]([H])=[N][C]3=[C]2[N]=[C]([N]([H])[H])[N]([H])[C]3=[O])[C@]([H])([O][H])[C@]1([H])[O][P](=[O])([O-])[O][C]([H])([H])[C@@]1([H])[O][C@@]([H])([N]2[C](=[O])[N]([H])[C](=[O])[C]([H])=[C]2[H])[C@]([H])([O][H])[C@]1([H])[O][P](=[O])([O-])[O][C]([H])([H])[C@@]1([H])[O][C@@]([H])([N]2[C]([H])=[N][c]3[c]([N]([H])[H])[n][c]([H])[n][c]32)[C@]([H])([O][H])[C@]1([H])[O][H],[O:1]([H:2])[C:3]([H:4])([H:5])[C@@:6]1([H:7])[O:8][C@@:16]([H:17])([N:18]2[C:19]([H:20])=[N:21][C:22]3=[C:32]2[N:31]=[C:27]([N:28]([H:29])[H:30])[N:25]([H:26])[C:23]3=[O:24])[C@:12]([H:13])([O:14][H:15])[C@:9]1([H:10])[O:11][P:33]([O-:34])(=[O:35])[O:36][C:37]([H:38])([H:39])[C@@:40]1([H:41])[O:42][C@@:50]([H:51])([N:52]2[C:53](=[O:54])[N:55]([H:56])[C:57](=[O:58])[C:59]([H:60])=[C:61]2[H:62])[C@:46]([H:47])([O:48][H:49])[C@:43]1([H:44])[O:45][P:63]([O-:64])(=[O:65])[O:66][C:67]([H:68])([H:69])[C@@:70]1([H:71])[O:72][C@@:81]([H:82])([N:83]2[C:84]([H:85])=[N:86][c:87]3[c:88]([N:89]([H:90])[H:91])[n:92][c:93]([H:94])[n:95][c:96]32)[C@:77]([H:78])([O:79][H:80])[C@:73]1([H:74])[O:75][H:76],96,unassigned_atom_type,32;33;34;62;63;64,"Atoms 32, 33, 34, 62, 63, 64 could not be assigned a bond charge correction atom type."
rna-trinucleotide,39.npz,Nc1nc2c(ncn2[C@@H]2O[C@H](CO)[C@@H](OP(=O)([O-])OC[C@H]3O[C@@H](n4cnc5c(=O)[nH]c(N)nc54)[C@H](O)[C@@H]3OP(=O)([O-])OC[C@H]3O[C@@H](n4ccc(=O)[nH]c4=O)[C@H](O)[C@@H]3O)[C@H]2O)c(=O)[nH]1,[H][O][C]([H])([H])[C@@]1([H])[O][C@@]([H])([N]2[C]([H])=[N][C]3=[C]2[N]=[C]([N]([H])[H])[N]([H])[C]3=[O])[C@]([H])([O][H])[C@]1([H])[O][P](=[O])([O-])[O][C]([H])([H])[C@@]1([H])[O][C@@]([H])([N]2[C]([H])=[N][C]3=[C]2[N]=[C]([N]([H])[H])[N]([H])[C]3=[O])[C@]([H])([O][H])[C@]1([H])[O][P](=[O])([O-])[O][C]([H])([H])[C@@]1([H])[O][C@@]([H])([N]2[C](=[O])[N]([H])[C](=[O])[C]([H])=[C]2[H])[C@]([H])([O][H])[C@]1([H])[O][H],[O:1]([H:2])[C:3]([H:4])([H:5])[C@@:6]1([H:7])[O:8][C@@:16]([H:17])([N:18]2[C:19]([H:20])=[N:21][C:22]3=[C:32]2[N:31]=[C:27]([N:28]([H:29])[H:30])[N:25]([H:26])[C:23]3=[O:24])[C@:12]([H:13])([O:14][H:15])[C@:9]1([H:10])[O:11][P:33]([O-:34])(=[O:35])[O:36][C:37]([H:38])([H:39])[C@@:40]1([H:41])[O:42][C@@:50]([H:51])([N:52]2[C:53]([H:54])=[N:55][C:56]3=[C:66]2[N:65]=[C:61]([N:62]([H:63])[H:64])[N:59]([H:60])[C:57]3=[O:58])[C@:46]([H:47])([O:48][H:49])[C@:43]1([H:44])[O:45][P:67]([O-:68])(=[O:69])[O:70][C:71]([H:72])([H:73])[C@@:74]1([H:75])[O:76][C@@:85]([H:86])([N:87]2[C:88](=[O:89])[N:90]([H:91])[C:92](=[O:93])[C:94]([H:95])=[C:96]2[H:97])[C@:81]([H:82])([O:83][H:84])[C@:77]1([H:78])[O:79][H:80],97,unassigned_atom_type,32;33;34;66;67;68,"Atoms 32, 33, 34, 66, 67, 68 could not be assigned a bond charge correction atom type."
rna-trinucleotide,4.npz,Nc1ccn([C@@H]2O[C@H](CO)[C@@H](OP(=O)([O-])OC[C@H]3O[C@@H](n4ccc(N)nc4=O)[C@H](O)[C@@H]3OP(=O)([O-])OC[C@H]3O[C@@H](n4cnc5c(=O)[nH]c(N)nc54)[C@H](O)[C@@H]3O)[C@H]2O)c(=O)n1,[H][O][C]([H])([H])[C@@]1([H])[O][C@@]([H])([N]2[C](=[O])[N]=[C]([N]([H])[H])[C]([H])=[C]2[H])[C@]([H])([O][H])[C@]1([H])[O][P](=[O])([O-])[O][C]([H])([H])[C@@]1([H])[O][C@@]([H])([N]2[C](=[O])[N]=[C]([N]([H])[H])[C]([H])=[C]2[H])[C@]([H])([O][H])[C@]1([H])[O][P](=[O])([O-])[O][C]([H])([H])[C@@]1([H])[O][C@@]([H])([N]2[C]([H])=[N][C]3=[C]2[N]=[C]([N]([H])[H])[N]([H])[C]3=[O])[C@]([H])([O][H])[C@]1([H])[O][H],[O:1]([H:2])[C:3]([H:4])([H:5])[C@@:6]1([H:7])[O:8][C@@:16]([H:17])([N:18]2[C:19](=[O:20])[N:21]=[C:22]([N:23]([H:24])[H:25])[C:26]([H:27])=[C:28]2[H:29])[C@:12]([H:13])([O:14][H:15])[C@:9]1([H:10])[O:11][P:30]([O-:31])(=[O:32])[O:33][C:34]([H:35])([H:36])[C@@:37]1([H:38])[O:39][C@@:47]([H:48])([N:49]2[C:50](=[O:51])[N:52]=[C:53]([N:54]([H:55])[H:56])[C:57]([H:58])=[C:59]2[H:60])[C@:43]([H:44])([O:45][H:46])[C@:40]1([H:41])[O:42][P:61]([O-:62])(=[O:63])[O:64][C:65]([H:66])([H:67])[C@@:68]1([H:69])[O:70][C@@:79]([H:80])([N:81]2[C:82]([H:83])=[N:84][C:85]3=[C:95]2[N:94]=[C:90]([N:91]([H:92])[H:93])[N:88]([H:89])[C:86]3=[O:87])[C@:75]([H:76])([O:77][H:78])[C@:71]1([H:72])[O:73][H:74],95,unassigned_atom_type,29;30;31;60;61;62,"Atoms 29, 30, 31, 60, 61, 62 could not be assigned a bond charge correction atom type."
rna-trinucleotide,40.npz,Nc1nc2c(ncn2[C@@H]2O[C@H](CO)[C@@H](OP(=O)([O-])OC[C@H]3O[C@@H](n4cnc5c(=O)[nH]c(N)nc54)[C@H](O)[C@@H]3OP(=O)([O-])OC[C@H]3O[C@@H](n4cnc5c(N)ncnc54)[C@H](O)[C@@H]3O)[C@H]2O)c(=O)[nH]1,[H][O][C]([H])([H])[C@@]1([H])[O][C@@]([H])([N]2[C]([H])=[N][C]3=[C]2[N]=[C]([N]([H])[H])[N]([H])[C]3=[O])[C@]([H])([O][H])[C@]1([H])[O][P](=[O])([O-])[O][C]([H])([H])[C@@]1([H])[O][C@@]([H])([N]2[C]([H])=[N][C]3=[C]2[N]=[C]([N]([H])[H])[N]([H])[C]3=[O])[C@]([H])([O][H])[C@]1([H])[O][P](=[O])([O-])[O][C]([H])([H])[C@@]1([H])[O][C@@]([H])([N]2[C]([H])=[N][c]3[c]([N]([H])[H])[n][c]([H])[n][c]32)[C@]([H])([O][H])[C@]1([H])[O][H],[O:1]([H:2])[C:3]([H:4])([H:5])[C@@:6]1([H:7])[O:8][C@@:16]([H:17])([N:18]2[C:19]([H:20])=[N:21][C:22]3=[C:32]2[N:31]=[C:27]([N:28]([H:29])[H:30])[N:25]([H:26])[C:23]3=[O:24])[C@:12]([H:13])([O:14][H:15])[C@:9]1([H:10])[O:11][P:33]([O-:34])(=[O:35])[O:36][C:37]([H:38])([H:39])[C@@:40]1([H:41])[O:42][C@@:50]([H:51])([N:52]2[C:53]([H:54])=[N:55][C:56]3=[C:66]2[N:65]=[C:61]([N:62]([H:63])[H:64])[N:59]([H:60])[C:57]3=[O:58])[C@:46]([H:47])([O:48][H:49])[C@:43]1([H:44])[O:45][P:67]([O-:68])(=[O:69])[O:70][C:71]([H:72])([H:73])[C@@:74]1([H:75])[O:76][C@@:85]([H:86])([N:87]2[C:88]([H:89])=[N:90][c:91]3[c:92]([N:93]([H:94])[H:95])[n:96][c:97]([H:98])[n:99][c:100]32)[C@:81]([H:82])([O:83][H:84])[C@:77]1([H:78])[O:79][H:80],100,unassigned_atom_type,32;33;34;66;67;68,"Atoms 32, 33, 34, 66, 67, 68 could not be assigned a bond charge correction atom type."
rna-trinucleotide,41.npz,Nc1nc2c(ncn2[C@@H]2O[C@H](CO)[C@@H](OP(=O)([O-])OC[C@H]3O[C@@H](n4cnc5c(N)ncnc54)[C@H](O)[C@@H]3OP(=O)([O-])OC[C@H]3O[C@@H](n4ccc(=O)[nH]c4=O)[C@H](O)[C@@H]3O)[C@H]2O)c(=O)[nH]1,[H][O][C]([H])([H])[C@@]1([H])[O][C@@]([H])([N]2[C]([H])=[N][C]3=[C]2[N]=[C]([N]([H])[H])[N]([H])[C]3=[O])[C@]([H])([O][H])[C@]1([H])[O][P](=[O])([O-])[O][C]([H])([H])[C@@]1([H])[O][C@@]([H])([N]2[C]([H])=[N][c]3[c]([N]([H])[H])[n][c]([H])[n][c]32)[C@]([H])([O][H])[C@]1([H])[O][P](=[O])([O-])[O][C]([H])([H])[C@@]1([H])[O][C@@]([H])([N]2[C](=[O])[N]([H])[C](=[O])[C]([H])=[C]2[H])[C@]([H])([O][H])[C@]1([H])[O][H],[O:1]([H:2])[C:3]([H:4])([H:5])[C@@:6]1([H:7])[O:8][C@@:16]([H:17])([N:18]2[C:19]([H:20])=[N:21][C:22]3=[C:32]2[N:31]=[C:27]([N:28]([H:29])[H:30])[N:25]([H:26])[C:23]3=[O:24])[C@:12]([H:13])([O:14][H:15])[C@:9]1([H:10])[O:11][P:33]([O-:34])(=[O:35])[O:36][C:37]([H:38])([H:39])[C@@:40]1([H:41])[O:42][C@@:50]([H:51])([N:52]2[C:53]([H:54])=[N:55][c:56]3[c:57]([N:58]([H:59])[H:60])[n:61][c:62]([H:63])[n:64][c:65]32)[C@:46]([H:47])([O:48][H:49])[C@:43]1([H:44])[O:45][P:66]([O-:67])(=[O:68])[O:69][C:70]([H:71])([H:72])[C@@:73]1([H:74])[O:75][C@@:84]([H:85])([N:86]2[C:87](=[O:88])[N:89]([H:90])[C:91](=[O:92])[C:93]([H:94])=[C:95]2[H:96])[C@:80]([H:81])([O:82][H:83])[C@:76]1([H:77])[O:78][H:79],96,unassigned_atom_type,32;33;34;65;66;67,"Atoms 32, 33, 34, 65, 66, 67 could not be assigned a bond charge correction atom type."
rna-trinucleotide,42.npz,Nc1nc2c(ncn2[C@@H]2O[C@H](CO)[C@@H](OP(=O)([O-])OC[C@H]3O[C@@H](n4cnc5c(N)ncnc54)[C@H](O)[C@@H]3OP(=O)([O-])OC[C@H]3O[C@@H](n4cnc5c(N)ncnc54)[C@H](O)[C@@H]3O)[C@H]2O)c(=O)[nH]1,[H][O][C]([H])([H])[C@@]1([H])[O][C@@]([H])([N]2[C]([H])=[N][C]3=[C]2[N]=[C]([N]([H])[H])[N]([H])[C]3=[O])[C@]([H])([O][H])[C@]1([H])[O][P](=[O])([O-])[O][C]([H])([H])[C@@]1([H])[O][C@@]([H])([N]2[C]([H])=[N][c]3[c]([N]([H])[H])[n][c]([H])[n][c]32)[C@]([H])([O][H])[C@]1([H])[O][P](=[O])([O-])[O][C]([H])([H])[C@@]1([H])[O][C@@]([H])([N]2[C]([H])=[N][c]3[c]([N]([H])[H])[n][c]([H])[n][c]32)[C@]([H])([O][H])[C@]1([H])[O][H],[O:1]([H:2])[C:3]([H:4])([H:5])[C@@:6]1([H:7])[O:8][C@@:16]([H:17])([N:18]2[C:19]([H:20])=[N:21][C:22]3=[C:32]2[N:31]=[C:27]([N:28]([H:29])[H:30])[N:25]([H:26])[C:23]3=[O:24])[C@:12]([H:13])([O:14][H:15])[C@:9]1([H:10])[O:11][P:33]([O-:34])(=[O:35])[O:36][C:37]([H:38])([H:39])[C@@:40]1([H:41])[O:42][C@@:50]([H:51])([N:52]2[C:53]([H:54])=[N:55][c:56]3[c:57]([N:58]([H:59])[H:60])[n:61][c:62]([H:63])[n:64][c:65]32)[C@:46]([H:47])([O:48][H:49])[C@:43]1([H:44])[O:45][P:66]([O-:67])(=[O:68])[O:69][C:70]([H:71])([H:72])[C@@:73]1([H:74])[O:75][C@@:84]([H:85])([N:86]2[C:87]([H:88])=[N:89][c:90]3[c:91]([N:92]([H:93])[H:94])[n:95][c:96]([H:97])[n:98][c:99]32)[C@:80]([H:81])([O:82][H:83])[C@:76]1([H:77])[O:78][H:79],99,unassigned_atom_type,32;33;34;65;66;67,"Atoms 32, 33, 34, 65, 66, 67 could not be assigned a bond charge correction atom type."
rna-trinucleotide,43.npz,Nc1nc2c(ncn2[C@@H]2O[C@H](COP(=O)([O-])O[C@H]3[C@@H](O)[C@H](n4ccc(=O)[nH]c4=O)O[C@@H]3CO)[C@@H](OP(=O)([O-])OC[C@H]3O[C@@H](n4ccc(=O)[nH]c4=O)[C@H](O)[C@@H]3O)[C@H]2O)c(=O)[nH]1,[H][O][C]([H])([H])[C@@]1([H])[O][C@@]([H])([N]2[C](=[O])[N]([H])[C](=[O])[C]([H])=[C]2[H])[C@]([H])([O][H])[C@]1([H])[O][P](=[O])([O-])[O][C]([H])([H])[C@@]1([H])[O][C@@]([H])([N]2[C]([H])=[N][C]3=[C]2[N]=[C]([N]([H])[H])[N]([H])[C]3=[O])[C@]([H])([O][H])[C@]1([H])[O][P](=[O])([O-])[O][C]([H])([H])[C@@]1([H])[O][C@@]([H])([N]2[C](=[O])[N]([H])[C](=[O])[C]([H])=[C]2[H])[C@]([H])([O][H])[C@]1([H])[O][H],[O:1]([H:2])[C:3]([H:4])([H:5])[C@@:6]1([H:7])[O:8][C@@:16]([H:17])([N:18]2[C:19](=[O:20])[N:21]([H:22])[C:23](=[O:24])[C:25]([H:26])=[C:27]2[H:28])[C@:12]([H:13])([O:14][H:15])[C@:9]1([H:10])[O:11][P:29]([O-:30])(=[O:31])[O:32][C:33]([H:34])([H:35])[C@@:36]1([H:37])[O:38][C@@:46]([H:47])([N:48]2[C:49]([H:50])=[N:51][C:52]3=[C:62]2[N:61]=[C:57]([N:58]([H:59])[H:60])[N:55]([H:56])[C:53]3=[O:54])[C@:42]([H:43])([O:44][H:45])[C@:39]1([H:40])[O:41][P:63]([O-:64])(=[O:65])[O:66][C:67]([H:68])([H:69])[C@@:70]1([H:71])[O:72][C@@:81]([H:82])([N:83]2[C:84](=[O:85])[N:86]([H:87])[C:88](=[O:89])[C:90]([H:91])=[C:92]2[H:93])[C@:77]([H:78])([O:79][H:80])[C@:73]1([H:74])[O:75][H:76],93,unassigned_atom_type,28;29;30;62;63;64,"Atoms 28, 29, 30, 62, 63, 64 could not be assigned a bond charge correction atom type."
rna-trinucleotide,44.npz,Nc1nc2c(ncn2[C@@H]2O[C@H](COP(=O)([O-])O[C@H]3[C@@H](O)[C@H](n4ccc(=O)[nH]c4=O)O[C@@H]3CO)[C@@H](OP(=O)([O-])OC[C@H]3O[C@@H](n4cnc5c(N)ncnc54)[C@H](O)[C@@H]3O)[C@H]2O)c(=O)[nH]1,[H][O][C]([H])([H])[C@@]1([H])[O][C@@]([H])([N]2[C](=[O])[N]([H])[C](=[O])[C]([H])=[C]2[H])[C@]([H])([O][H])[C@]1([H])[O][P](=[O])([O-])[O][C]([H])([H])[C@@]1([H])[O][C@@]([H])([N]2[C]([H])=[N][C]3=[C]2[N]=[C]([N]([H])[H])[N]([H])[C]3=[O])[C@]([H])([O][H])[C@]1([H])[O][P](=[O])([O-])[O][C]([H])([H])[C@@]1([H])[O][C@@]([H])([N]2[C]([H])=[N][c]3[c]([N]([H])[H])[n][c]([H])[n][c]32)[C@]([H])([O][H])[C@]1([H])[O][H],[O:1]([H:2])[C:3]([H:4])([H:5])[C@@:6]1([H:7])[O:8][C@@:16]([H:17])([N:18]2[C:19](=[O:20])[N:21]([H:22])[C:23](=[O:24])[C:25]([H:26])=[C:27]2[H:28])[C@:12]([H:13])([O:14][H:15])[C@:9]1([H:10])[O:11][P:29]([O-:30])(=[O:31])[O:32][C:33]([H:34])([H:35])[C@@:36]1([H:37])[O:38][C@@:46]([H:47])([N:48]2[C:49]([H:50])=[N:51][C:52]3=[C:62]2[N:61]=[C:57]([N:58]([H:59])[H:60])[N:55]([H:56])[C:53]3=[O:54])[C@:42]([H:43])([O:44][H:45])[C@:39]1([H:40])[O:41][P:63]([O-:64])(=[O:65])[O:66][C:67]([H:68])([H:69])[C@@:70]1([H:71])[O:72][C@@:81]([H:82])([N:83]2[C:84]([H:85])=[N:86][c:87]3[c:88]([N:89]([H:90])[H:91])[n:92][c:93]([H:94])[n:95][c:96]32)[C@:77]([H:78])([O:79][H:80])[C@:73]1([H:74])[O:75][H:76],96,unassigned_atom_type,28;29;30;62;63;64,"Atoms 28, 29, 30, 62, 63, 64 could not be assigned a bond charge correction atom type."
rna-trinucleotide,45.npz,Nc1nc2c(ncn2[C@@H]2O[C@H](COP(=O)([O-])O[C@H]3[C@@H](O)[C@H](n4cnc5c(N)ncnc54)O[C@@H]3CO)[C@@H](OP(=O)([O-])OC[C@H]3O[C@@H](n4ccc(=O)[nH]c4=O)[C@H](O)[C@@H]3O)[C@H]2O)c(=O)[nH]1,[H][O][C]([H])([H])[C@@]1([H])[O][C@@]([H])([N]2[C]([H])=[N][c]3[c]([N]([H])[H])[n][c]([H])[n][c]32)[C@]([H])([O][H])[C@]1([H])[O][P](=[O])([O-])[O][C]([H])([H])[C@@]1([H])[O][C@@]([H])([N]2[C]([H])=[N][C]3=[C]2[N]=[C]([N]([H])[H])[N]([H])[C]3=[O])[C@]([H])([O][H])[C@]1([H])[O][P](=[O])([O-])[O][C]([H])([H])[C@@]1([H])[O][C@@]([H])([N]2[C](=[O])[N]([H])[C](=[O])[C]([H])=[C]2[H])[C@]([H])([O][H])[C@]1([H])[O][H],[O:1]([H:2])[C:3]([H:4])([H:5])[C@@:6]1([H:7])[O:8][C@@:16]([H:17])([N:18]2[C:19]([H:20])=[N:21][c:22]3[c:23]([N:24]([H:25])[H:26])[n:27][c:28]([H:29])[n:30][c:31]32)[C@:12]([H:13])([O:14][H:15])[C@:9]1([H:10])[O:11][P:32]([O-:33])(=[O:34])[O:35][C:36]([H:37])([H:38])[C@@:39]1([H:40])[O:41][C@@:49]([H:50])([N:51]2[C:52]([H:53])=[N:54][C:55]3=[C:65]2[N:64]=[C:60]([N:61]([H:62])[H:63])[N:58]([H:59])[C:56]3=[O:57])[C@:45]([H:46])([O:47][H:48])[C@:42]1([H:43])[O:44][P:66]([O-:67])(=[O:68])[O:69][C:70]([H:71])([H:72])[C@@:73]1([H:74])[O:75][C@@:84]([H:85])([N:86]2[C:87](=[O:88])[N:89]([H:90])[C:91](=[O:92])[C:93]([H:94])=[C:95]2[H:96])[C@:80]([H:81])([O:82][H:83])[C@:76]1([H:77])[O:78][H:79],96,unassigned_atom_type,31;32;33;65;66;67,"Atoms 31, 32, 33, 65, 66, 67 could not be assigned a bond charge correction atom type."
rna-trinucleotide,46.npz,Nc1nc2c(ncn2[C@@H]2O[C@H](COP(=O)([O-])O[C@H]3[C@@H](O)[C@H](n4cnc5c(N)ncnc54)O[C@@H]3CO)[C@@H](OP(=O)([O-])OC[C@H]3O[C@@H](n4cnc5c(N)ncnc54)[C@H](O)[C@@H]3O)[C@H]2O)c(=O)[nH]1,[H][O][C]([H])([H])[C@@]1([H])[O][C@@]([H])([N]2[C]([H])=[N][c]3[c]([N]([H])[H])[n][c]([H])[n][c]32)[C@]([H])([O][H])[C@]1([H])[O][P](=[O])([O-])[O][C]([H])([H])[C@@]1([H])[O][C@@]([H])([N]2[C]([H])=[N][C]3=[C]2[N]=[C]([N]([H])[H])[N]([H])[C]3=[O])[C@]([H])([O][H])[C@]1([H])[O][P](=[O])([O-])[O][C]([H])([H])[C@@]1([H])[O][C@@]([H])([N]2[C]([H])=[N][c]3[c]([N]([H])[H])[n][c]([H])[n][c]32)[C@]([H])([O][H])[C@]1([H])[O][H],[O:1]([H:2])[C:3]([H:4])([H:5])[C@@:6]1([H:7])[O:8][C@@:16]([H:17])([N:18]2[C:19]([H:20])=[N:21][c:22]3[c:23]([N:24]([H:25])[H:26])[n:27][c:28]([H:29])[n:30][c:31]32)[C@:12]([H:13])([O:14][H:15])[C@:9]1([H:10])[O:11][P:32]([O-:33])(=[O:34])[O:35][C:36]([H:37])([H:38])[C@@:39]1([H:40])[O:41][C@@:49]([H:50])([N:51]2[C:52]([H:53])=[N:54][C:55]3=[C:65]2[N:64]=[C:60]([N:61]([H:62])[H:63])[N:58]([H:59])[C:56]3=[O:57])[C@:45]([H:46])([O:47][H:48])[C@:42]1([H:43])[O:44][P:66]([O-:67])(=[O:68])[O:69][C:70]([H:71])([H:72])[C@@:73]1([H:74])[O:75][C@@:84]([H:85])([N:86]2[C:87]([H:88])=[N:89][c:90]3[c:91]([N:92]([H:93])[H:94])[n:95][c:96]([H:97])[n:98][c:99]32)[C@:80]([H:81])([O:82][H:83])[C@:76]1([H:77])[O:78][H:79],99,unassigned_atom_type,31;32;33;65;66;67,"Atoms 31, 32, 33, 65, 66, 67 could not be assigned a bond charge correction atom type."
rna-trinucleotide,47.npz,Nc1nc2c(ncn2[C@@H]2O[C@H](COP(=O)([O-])O[C@H]3[C@@H](O)[C@H](n4ccc(=O)[nH]c4=O)O[C@@H]3COP(=O)([O-])O[C@H]3[C@@H](O)[C@H](n4ccc(=O)[nH]c4=O)O[C@@H]3CO)[C@@H](O)[C@H]2O)c(=O)[nH]1,[H][O][C]([H])([H])[C@@]1([H])[O][C@@]([H])([N]2[C](=[O])[N]([H])[C](=[O])[C]([H])=[C]2[H])[C@]([H])([O][H])[C@]1([H])[O][P](=[O])([O-])[O][C]([H])([H])[C@@]1([H])[O][C@@]([H])([N]2[C](=[O])[N]([H])[C](=[O])[C]([H])=[C]2[H])[C@]([H])([O][H])[C@]1([H])[O][P](=[O])([O-])[O][C]([H])([H])[C@@]1([H])[O][C@@]([H])([N]2[C]([H])=[N][C]3=[C]2[N]=[C]([N]([H])[H])[N]([H])[C]3=[O])[C@]([H])([O][H])[C@]1([H])[O][H],[O:1]([H:2])[C:3]([H:4])([H:5])[C@@:6]1([H:7])[O:8][C@@:16]([H:17])([N:18]2[C:19](=[O:20])[N:21]([H:22])[C:23](=[O:24])[C:25]([H:26])=[C:27]2[H:28])[C@:12]([H:13])([O:14][H:15])[C@:9]1([H:10])[O:11][P:29]([O-:30])(=[O:31])[O:32][C:33]([H:34])([H:35])[C@@:36]1([H:37])[O:38][C@@:46]([H:47])([N:48]2[C:49](=[O:50])[N:51]([H:52])[C:53](=[O:54])[C:55]([H:56])=[C:57]2[H:58])[C@:42]([H:43])([O:44][H:45])[C@:39]1([H:40])[O:41][P:59]([O-:60])(=[O:61])[O:62][C:63]([H:64])([H:65])[C@@:66]1([H:67])[O:68][C@@:77]([H:78])([N:79]2[C:80]([H:81])=[N:82][C:83]3=[C:93]2[N:92]=[C:88]([N:89]([H:90])[H:91])[N:86]([H:87])[C:84]3=[O:85])[C@:73]([H:74])([O:75][H:76])[C@:69]1([H:70])[O:71][H:72],93,unassigned_atom_type,28;29;30;58;59;60,"Atoms 28, 29, 30, 58, 59, 60 could not be assigned a bond charge correction atom type."
rna-trinucleotide,48.npz,Nc1nc2c(ncn2[C@@H]2O[C@H](COP(=O)([O-])O[C@H]3[C@@H](O)[C@H](n4cnc5c(=O)[nH]c(N)nc54)O[C@@H]3COP(=O)([O-])O[C@H]3[C@@H](O)[C@H](n4ccc(=O)[nH]c4=O)O[C@@H]3CO)[C@@H](O)[C@H]2O)c(=O)[nH]1,[H][O][C]([H])([H])[C@@]1([H])[O][C@@]([H])([N]2[C](=[O])[N]([H])[C](=[O])[C]([H])=[C]2[H])[C@]([H])([O][H])[C@]1([H])[O][P](=[O])([O-])[O][C]([H])([H])[C@@]1([H])[O][C@@]([H])([N]2[C]([H])=[N][C]3=[C]2[N]=[C]([N]([H])[H])[N]([H])[C]3=[O])[C@]([H])([O][H])[C@]1([H])[O][P](=[O])([O-])[O][C]([H])([H])[C@@]1([H])[O][C@@]([H])([N]2[C]([H])=[N][C]3=[C]2[N]=[C]([N]([H])[H])[N]([H])[C]3=[O])[C@]([H])([O][H])[C@]1([H])[O][H],[O:1]([H:2])[C:3]([H:4])([H:5])[C@@:6]1([H:7])[O:8][C@@:16]([H:17])([N:18]2[C:19](=[O:20])[N:21]([H:22])[C:23](=[O:24])[C:25]([H:26])=[C:27]2[H:28])[C@:12]([H:13])([O:14][H:15])[C@:9]1([H:10])[O:11][P:29]([O-:30])(=[O:31])[O:32][C:33]([H:34])([H:35])[C@@:36]1([H:37])[O:38][C@@:46]([H:47])([N:48]2[C:49]([H:50])=[N:51][C:52]3=[C:62]2[N:61]=[C:57]([N:58]([H:59])[H:60])[N:55]([H:56])[C:53]3=[O:54])[C@:42]([H:43])([O:44][H:45])[C@:39]1([H:40])[O:41][P:63]([O-:64])(=[O:65])[O:66][C:67]([H:68])([H:69])[C@@:70]1([H:71])[O:72][C@@:81]([H:82])([N:83]2[C:84]([H:85])=[N:86][C:87]3=[C:97]2[N:96]=[C:92]([N:93]([H:94])[H:95])[N:90]([H:91])[C:88]3=[O:89])[C@:77]([H:78])([O:79][H:80])[C@:73]1([H:74])[O:75][H:76],97,unassigned_atom_type,28;29;30;62;63;64,"Atoms 28, 29, 30, 62, 63, 64 could not be assigned a bond charge correction atom type."
rna-trinucleotide,49.npz,Nc1nc2c(ncn2[C@@H]2O[C@H](COP(=O)([O-])O[C@H]3[C@@H](O)[C@H](n4cnc5c(N)ncnc54)O[C@@H]3COP(=O)([O-])O[C@H]3[C@@H](O)[C@H](n4ccc(=O)[nH]c4=O)O[C@@H]3CO)[C@@H](O)[C@H]2O)c(=O)[nH]1,[H][O][C]([H])([H])[C@@]1([H])[O][C@@]([H])([N]2[C](=[O])[N]([H])[C](=[O])[C]([H])=[C]2[H])[C@]([H])([O][H])[C@]1([H])[O][P](=[O])([O-])[O][C]([H])([H])[C@@]1([H])[O][C@@]([H])([N]2[C]([H])=[N][c]3[c]([N]([H])[H])[n][c]([H])[n][c]32)[C@]([H])([O][H])[C@]1([H])[O][P](=[O])([O-])[O][C]([H])([H])[C@@]1([H])[O][C@@]([H])([N]2[C]([H])=[N][C]3=[C]2[N]=[C]([N]([H])[H])[N]([H])[C]3=[O])[C@]([H])([O][H])[C@]1([H])[O][H],[O:1]([H:2])[C:3]([H:4])([H:5])[C@@:6]1([H:7])[O:8][C@@:16]([H:17])([N:18]2[C:19](=[O:20])[N:21]([H:22])[C:23](=[O:24])[C:25]([H:26])=[C:27]2[H:28])[C@:12]([H:13])([O:14][H:15])[C@:9]1([H:10])[O:11][P:29]([O-:30])(=[O:31])[O:32][C:33]([H:34])([H:35])[C@@:36]1([H:37])[O:38][C@@:46]([H:47])([N:48]2[C:49]([H:50])=[N:51][c:52]3[c:53]([N:54]([H:55])[H:56])[n:57][c:58]([H:59])[n:60][c:61]32)[C@:42]([H:43])([O:44][H:45])[C@:39]1([H:40])[O:41][P:62]([O-:63])(=[O:64])[O:65][C:66]([H:67])([H:68])[C@@:69]1([H:70])[O:71][C@@:80]([H:81])([N:82]2[C:83]([H:84])=[N:85][C:86]3=[C:96]2[N:95]=[C:91]([N:92]([H:93])[H:94])[N:89]([H:90])[C:87]3=[O:88])[C@:76]([H:77])([O:78][H:79])[C@:72]1([H:73])[O:74][H:75],96,unassigned_atom_type,28;29;30;61;62;63,"Atoms 28, 29, 30, 61, 62, 63 could not be assigned a bond charge correction atom type."
rna-trinucleotide,5.npz,Nc1ccn([C@@H]2O[C@H](CO)[C@@H](OP(=O)([O-])OC[C@H]3O[C@@H](n4ccc(N)nc4=O)[C@H](O)[C@@H]3OP(=O)([O-])OC[C@H]3O[C@@H](n4cnc5c(N)ncnc54)[C@H](O)[C@@H]3O)[C@H]2O)c(=O)n1,[H][O][C]([H])([H])[C@@]1([H])[O][C@@]([H])([N]2[C](=[O])[N]=[C]([N]([H])[H])[C]([H])=[C]2[H])[C@]([H])([O][H])[C@]1([H])[O][P](=[O])([O-])[O][C]([H])([H])[C@@]1([H])[O][C@@]([H])([N]2[C](=[O])[N]=[C]([N]([H])[H])[C]([H])=[C]2[H])[C@]([H])([O][H])[C@]1([H])[O][P](=[O])([O-])[O][C]([H])([H])[C@@]1([H])[O][C@@]([H])([N]2[C]([H])=[N][c]3[c]([N]([H])[H])[n][c]([H])[n][c]32)[C@]([H])([O][H])[C@]1([H])[O][H],[O:1]([H:2])[C:3]([H:4])([H:5])[C@@:6]1([H:7])[O:8][C@@:16]([H:17])([N:18]2[C:19](=[O:20])[N:21]=[C:22]([N:23]([H:24])[H:25])[C:26]([H:27])=[C:28]2[H:29])[C@:12]([H:13])([O:14][H:15])[C@:9]1([H:10])[O:11][P:30]([O-:31])(=[O:32])[O:33][C:34]([H:35])([H:36])[C@@:37]1([H:38])[O:39][C@@:47]([H:48])([N:49]2[C:50](=[O:51])[N:52]=[C:53]([N:54]([H:55])[H:56])[C:57]([H:58])=[C:59]2[H:60])[C@:43]([H:44])([O:45][H:46])[C@:40]1([H:41])[O:42][P:61]([O-:62])(=[O:63])[O:64][C:65]([H:66])([H:67])[C@@:68]1([H:69])[O:70][C@@:79]([H:80])([N:81]2[C:82]([H:83])=[N:84][c:85]3[c:86]([N:87]([H:88])[H:89])[n:90][c:91]([H:92])[n:93][c:94]32)[C@:75]([H:76])([O:77][H:78])[C@:71]1([H:72])[O:73][H:74],94,unassigned_atom_type,29;30;31;60;61;62,"Atoms 29, 30, 31, 60, 61, 62 could not be assigned a bond charge correction atom type."
rna-trinucleotide,50.npz,Nc1nc2c(ncn2[C@@H]2O[C@H](COP(=O)([O-])O[C@H]3[C@@H](O)[C@H](n4ccc(=O)[nH]c4=O)O[C@@H]3COP(=O)([O-])O[C@H]3[C@@H](O)[C@H](n4cnc5c(=O)[nH]c(N)nc54)O[C@@H]3CO)[C@@H](O)[C@H]2O)c(=O)[nH]1,[H][O][C]([H])([H])[C@@]1([H])[O][C@@]([H])([N]2[C]([H])=[N][C]3=[C]2[N]=[C]([N]([H])[H])[N]([H])[C]3=[O])[C@]([H])([O][H])[C@]1([H])[O][P](=[O])([O-])[O][C]([H])([H])[C@@]1([H])[O][C@@]([H])([N]2[C](=[O])[N]([H])[C](=[O])[C]([H])=[C]2[H])[C@]([H])([O][H])[C@]1([H])[O][P](=[O])([O-])[O][C]([H])([H])[C@@]1([H])[O][C@@]([H])([N]2[C]([H])=[N][C]3=[C]2[N]=[C]([N]([H])[H])[N]([H])[C]3=[O])[C@]([H])([O][H])[C@]1([H])[O][H],[O:1]([H:2])[C:3]([H:4])([H:5])[C@@:6]1([H:7])[O:8][C@@:16]([H:17])([N:18]2[C:19]([H:20])=[N:21][C:22]3=[C:32]2[N:31]=[C:27]([N:28]([H:29])[H:30])[N:25]([H:26])[C:23]3=[O:24])[C@:12]([H:13])([O:14][H:15])[C@:9]1([H:10])[O:11][P:33]([O-:34])(=[O:35])[O:36][C:37]([H:38])([H:39])[C@@:40]1([H:41])[O:42][C@@:50]([H:51])([N:52]2[C:53](=[O:54])[N:55]([H:56])[C:57](=[O:58])[C:59]([H:60])=[C:61]2[H:62])[C@:46]([H:47])([O:48][H:49])[C@:43]1([H:44])[O:45][P:63]([O-:64])(=[O:65])[O:66][C:67]([H:68])([H:69])[C@@:70]1([H:71])[O:72][C@@:81]([H:82])([N:83]2[C:84]([H:85])=[N:86][C:87]3=[C:97]2[N:96]=[C:92]([N:93]([H:94])[H:95])[N:90]([H:91])[C:88]3=[O:89])[C@:77]([H:78])([O:79][H:80])[C@:73]1([H:74])[O:75][H:76],97,unassigned_atom_type,32;33;34;62;63;64,"Atoms 32, 33, 34, 62, 63, 64 could not be assigned a bond charge correction atom type."
rna-trinucleotide,51.npz,Nc1nc2c(ncn2[C@@H]2O[C@H](COP(=O)([O-])O[C@H]3[C@@H](O)[C@H](n4cnc5c(=O)[nH]c(N)nc54)O[C@@H]3COP(=O)([O-])O[C@H]3[C@@H](O)[C@H](n4cnc5c(=O)[nH]c(N)nc54)O[C@@H]3CO)[C@@H](O)[C@H]2O)c(=O)[nH]1,[H][O][C]([H])([H])[C@@]1([H])[O][C@@]([H])([N]2[C]([H])=[N][C]3=[C]2[N]=[C]([N]([H])[H])[N]([H])[C]3=[O])[C@]([H])([O][H])[C@]1([H])[O][P](=[O])([O-])[O][C]([H])([H])[C@@]1([H])[O][C@@]([H])([N]2[C]([H])=[N][C]3=[C]2[N]=[C]([N]([H])[H])[N]([H])[C]3=[O])[C@]([H])([O][H])[C@]1([H])[O][P](=[O])([O-])[O][C]([H])([H])[C@@]1([H])[O][C@@]([H])([N]2[C]([H])=[N][C]3=[C]2[N]=[C]([N]([H])[H])[N]([H])[C]3=[O])[C@]([H])([O][H])[C@]1([H])[O][H],[O:1]([H:2])[C:3]([H:4])([H:5])[C@@:6]1([H:7])[O:8][C@@:16]([H:17])([N:18]2[C:19]([H:20])=[N:21][C:22]3=[C:32]2[N:31]=[C:27]([N:28]([H:29])[H:30])[N:25]([H:26])[C:23]3=[O:24])[C@:12]([H:13])([O:14][H:15])[C@:9]1([H:10])[O:11][P:33]([O-:34])(=[O:35])[O:36][C:37]([H:38])([H:39])[C@@:40]1([H:41])[O:42][C@@:50]([H:51])([N:52]2[C:53]([H:54])=[N:55][C:56]3=[C:66]2[N:65]=[C:61]([N:62]([H:63])[H:64])[N:59]([H:60])[C:57]3=[O:58])[C@:46]([H:47])([O:48][H:49])[C@:43]1([H:44])[O:45][P:67]([O-:68])(=[O:69])[O:70][C:71]([H:72])([H:73])[C@@:74]1([H:75])[O:76][C@@:85]([H:86])([N:87]2[C:88]([H:89])=[N:90][C:91]3=[C:101]2[N:100]=[C:96]([N:97]([H:98])[H:99])[N:94]([H:95])[C:92]3=[O:93])[C@:81]([H:82])([O:83][H:84])[C@:77]1([H:78])[O:79][H:80],101,unassigned_atom_type,32;33;34;66;67;68,"Atoms 32, 33, 34, 66, 67, 68 could not be assigned a bond charge correction atom type."
rna-trinucleotide,52.npz,Nc1nc2c(ncn2[C@@H]2O[C@H](COP(=O)([O-])O[C@H]3[C@@H](O)[C@H](n4cnc5c(N)ncnc54)O[C@@H]3COP(=O)([O-])O[C@H]3[C@@H](O)[C@H](n4cnc5c(=O)[nH]c(N)nc54)O[C@@H]3CO)[C@@H](O)[C@H]2O)c(=O)[nH]1,[H][O][C]([H])([H])[C@@]1([H])[O][C@@]([H])([N]2[C]([H])=[N][C]3=[C]2[N]=[C]([N]([H])[H])[N]([H])[C]3=[O])[C@]([H])([O][H])[C@]1([H])[O][P](=[O])([O-])[O][C]([H])([H])[C@@]1([H])[O][C@@]([H])([N]2[C]([H])=[N][c]3[c]([N]([H])[H])[n][c]([H])[n][c]32)[C@]([H])([O][H])[C@]1([H])[O][P](=[O])([O-])[O][C]([H])([H])[C@@]1([H])[O][C@@]([H])([N]2[C]([H])=[N][C]3=[C]2[N]=[C]([N]([H])[H])[N]([H])[C]3=[O])[C@]([H])([O][H])[C@]1([H])[O][H],[O:1]([H:2])[C:3]([H:4])([H:5])[C@@:6]1([H:7])[O:8][C@@:16]([H:17])([N:18]2[C:19]([H:20])=[N:21][C:22]3=[C:32]2[N:31]=[C:27]([N:28]([H:29])[H:30])[N:25]([H:26])[C:23]3=[O:24])[C@:12]([H:13])([O:14][H:15])[C@:9]1([H:10])[O:11][P:33]([O-:34])(=[O:35])[O:36][C:37]([H:38])([H:39])[C@@:40]1([H:41])[O:42][C@@:50]([H:51])([N:52]2[C:53]([H:54])=[N:55][c:56]3[c:57]([N:58]([H:59])[H:60])[n:61][c:62]([H:63])[n:64][c:65]32)[C@:46]([H:47])([O:48][H:49])[C@:43]1([H:44])[O:45][P:66]([O-:67])(=[O:68])[O:69][C:70]([H:71])([H:72])[C@@:73]1([H:74])[O:75][C@@:84]([H:85])([N:86]2[C:87]([H:88])=[N:89][C:90]3=[C:100]2[N:99]=[C:95]([N:96]([H:97])[H:98])[N:93]([H:94])[C:91]3=[O:92])[C@:80]([H:81])([O:82][H:83])[C@:76]1([H:77])[O:78][H:79],100,unassigned_atom_type,32;33;34;65;66;67,"Atoms 32, 33, 34, 65, 66, 67 could not be assigned a bond charge correction atom type."
rna-trinucleotide,53.npz,Nc1nc2c(ncn2[C@@H]2O[C@H](COP(=O)([O-])O[C@H]3[C@@H](O)[C@H](n4ccc(=O)[nH]c4=O)O[C@@H]3COP(=O)([O-])O[C@H]3[C@@H](O)[C@H](n4cnc5c(N)ncnc54)O[C@@H]3CO)[C@@H](O)[C@H]2O)c(=O)[nH]1,[H][O][C]([H])([H])[C@@]1([H])[O][C@@]([H])([N]2[C]([H])=[N][c]3[c]([N]([H])[H])[n][c]([H])[n][c]32)[C@]([H])([O][H])[C@]1([H])[O][P](=[O])([O-])[O][C]([H])([H])[C@@]1([H])[O][C@@]([H])([N]2[C](=[O])[N]([H])[C](=[O])[C]([H])=[C]2[H])[C@]([H])([O][H])[C@]1([H])[O][P](=[O])([O-])[O][C]([H])([H])[C@@]1([H])[O][C@@]([H])([N]2[C]([H])=[N][C]3=[C]2[N]=[C]([N]([H])[H])[N]([H])[C]3=[O])[C@]([H])([O][H])[C@]1([H])[O][H],[O:1]([H:2])[C:3]([H:4])([H:5])[C@@:6]1([H:7])[O:8][C@@:16]([H:17])([N:18]2[C:19]([H:20])=[N:21][c:22]3[c:23]([N:24]([H:25])[H:26])[n:27][c:28]([H:29])[n:30][c:31]32)[C@:12]([H:13])([O:14][H:15])[C@:9]1([H:10])[O:11][P:32]([O-:33])(=[O:34])[O:35][C:36]([H:37])([H:38])[C@@:39]1([H:40])[O:41][C@@:49]([H:50])([N:51]2[C:52](=[O:53])[N:54]([H:55])[C:56](=[O:57])[C:58]([H:59])=[C:60]2[H:61])[C@:45]([H:46])([O:47][H:48])[C@:42]1([H:43])[O:44][P:62]([O-:63])(=[O:64])[O:65][C:66]([H:67])([H:68])[C@@:69]1([H:70])[O:71][C@@:80]([H:81])([N:82]2[C:83]([H:84])=[N:85][C:86]3=[C:96]2[N:95]=[C:91]([N:92]([H:93])[H:94])[N:89]([H:90])[C:87]3=[O:88])[C@:76]([H:77])([O:78][H:79])[C@:72]1([H:73])[O:74][H:75],96,unassigned_atom_type,31;32;33;61;62;63,"Atoms 31, 32, 33, 61, 62, 63 could not be assigned a bond charge correction atom type."
rna-trinucleotide,54.npz,Nc1nc2c(ncn2[C@@H]2O[C@H](COP(=O)([O-])O[C@H]3[C@@H](O)[C@H](n4cnc5c(=O)[nH]c(N)nc54)O[C@@H]3COP(=O)([O-])O[C@H]3[C@@H](O)[C@H](n4cnc5c(N)ncnc54)O[C@@H]3CO)[C@@H](O)[C@H]2O)c(=O)[nH]1,[H][O][C]([H])([H])[C@@]1([H])[O][C@@]([H])([N]2[C]([H])=[N][c]3[c]([N]([H])[H])[n][c]([H])[n][c]32)[C@]([H])([O][H])[C@]1([H])[O][P](=[O])([O-])[O][C]([H])([H])[C@@]1([H])[O][C@@]([H])([N]2[C]([H])=[N][C]3=[C]2[N]=[C]([N]([H])[H])[N]([H])[C]3=[O])[C@]([H])([O][H])[C@]1([H])[O][P](=[O])([O-])[O][C]([H])([H])[C@@]1([H])[O][C@@]([H])([N]2[C]([H])=[N][C]3=[C]2[N]=[C]([N]([H])[H])[N]([H])[C]3=[O])[C@]([H])([O][H])[C@]1([H])[O][H],[O:1]([H:2])[C:3]([H:4])([H:5])[C@@:6]1([H:7])[O:8][C@@:16]([H:17])([N:18]2[C:19]([H:20])=[N:21][c:22]3[c:23]([N:24]([H:25])[H:26])[n:27][c:28]([H:29])[n:30][c:31]32)[C@:12]([H:13])([O:14][H:15])[C@:9]1([H:10])[O:11][P:32]([O-:33])(=[O:34])[O:35][C:36]([H:37])([H:38])[C@@:39]1([H:40])[O:41][C@@:49]([H:50])([N:51]2[C:52]([H:53])=[N:54][C:55]3=[C:65]2[N:64]=[C:60]([N:61]([H:62])[H:63])[N:58]([H:59])[C:56]3=[O:57])[C@:45]([H:46])([O:47][H:48])[C@:42]1([H:43])[O:44][P:66]([O-:67])(=[O:68])[O:69][C:70]([H:71])([H:72])[C@@:73]1([H:74])[O:75][C@@:84]([H:85])([N:86]2[C:87]([H:88])=[N:89][C:90]3=[C:100]2[N:99]=[C:95]([N:96]([H:97])[H:98])[N:93]([H:94])[C:91]3=[O:92])[C@:80]([H:81])([O:82][H:83])[C@:76]1([H:77])[O:78][H:79],100,unassigned_atom_type,31;32;33;65;66;67,"Atoms 31, 32, 33, 65, 66, 67 could not be assigned a bond charge correction atom type."
rna-trinucleotide,55.npz,Nc1nc2c(ncn2[C@@H]2O[C@H](COP(=O)([O-])O[C@H]3[C@@H](O)[C@H](n4cnc5c(N)ncnc54)O[C@@H]3COP(=O)([O-])O[C@H]3[C@@H](O)[C@H](n4cnc5c(N)ncnc54)O[C@@H]3CO)[C@@H](O)[C@H]2O)c(=O)[nH]1,[H][O][C]([H])([H])[C@@]1([H])[O][C@@]([H])([N]2[C]([H])=[N][c]3[c]([N]([H])[H])[n][c]([H])[n][c]32)[C@]([H])([O][H])[C@]1([H])[O][P](=[O])([O-])[O][C]([H])([H])[C@@]1([H])[O][C@@]([H])([N]2[C]([H])=[N][c]3[c]([N]([H])[H])[n][c]([H])[n][c]32)[C@]([H])([O][H])[C@]1([H])[O][P](=[O])([O-])[O][C]([H])([H])[C@@]1([H])[O][C@@]([H])([N]2[C]([H])=[N][C]3=[C]2[N]=[C]([N]([H])[H])[N]([H])[C]3=[O])[C@]([H])([O][H])[C@]1([H])[O][H],[O:1]([H:2])[C:3]([H:4])([H:5])[C@@:6]1([H:7])[O:8][C@@:16]([H:17])([N:18]2[C:19]([H:20])=[N:21][c:22]3[c:23]([N:24]([H:25])[H:26])[n:27][c:28]([H:29])[n:30][c:31]32)[C@:12]([H:13])([O:14][H:15])[C@:9]1([H:10])[O:11][P:32]([O-:33])(=[O:34])[O:35][C:36]([H:37])([H:38])[C@@:39]1([H:40])[O:41][C@@:49]([H:50])([N:51]2[C:52]([H:53])=[N:54][c:55]3[c:56]([N:57]([H:58])[H:59])[n:60][c:61]([H:62])[n:63][c:64]32)[C@:45]([H:46])([O:47][H:48])[C@:42]1([H:43])[O:44][P:65]([O-:66])(=[O:67])[O:68][C:69]([H:70])([H:71])[C@@:72]1([H:73])[O:74][C@@:83]([H:84])([N:85]2[C:86]([H:87])=[N:88][C:89]3=[C:99]2[N:98]=[C:94]([N:95]([H:96])[H:97])[N:92]([H:93])[C:90]3=[O:91])[C@:79]([H:80])([O:81][H:82])[C@:75]1([H:76])[O:77][H:78],99,unassigned_atom_type,31;32;33;64;65;66,"Atoms 31, 32, 33, 64, 65, 66 could not be assigned a bond charge correction atom type."
rna-trinucleotide,56.npz,Nc1ncnc2c1ncn2[C@@H]1O[C@H](CO)[C@@H](OP(=O)([O-])OC[C@H]2O[C@@H](n3ccc(=O)[nH]c3=O)[C@H](O)[C@@H]2OP(=O)([O-])OC[C@H]2O[C@@H](n3ccc(=O)[nH]c3=O)[C@H](O)[C@@H]2O)[C@H]1O,[H][O][C]([H])([H])[C@@]1([H])[O][C@@]([H])([N]2[C]([H])=[N][c]3[c]([N]([H])[H])[n][c]([H])[n][c]32)[C@]([H])([O][H])[C@]1([H])[O][P](=[O])([O-])[O][C]([H])([H])[C@@]1([H])[O][C@@]([H])([N]2[C](=[O])[N]([H])[C](=[O])[C]([H])=[C]2[H])[C@]([H])([O][H])[C@]1([H])[O][P](=[O])([O-])[O][C]([H])([H])[C@@]1([H])[O][C@@]([H])([N]2[C](=[O])[N]([H])[C](=[O])[C]([H])=[C]2[H])[C@]([H])([O][H])[C@]1([H])[O][H],[O:1]([H:2])[C:3]([H:4])([H:5])[C@@:6]1([H:7])[O:8][C@@:16]([H:17])([N:18]2[C:19]([H:20])=[N:21][c:22]3[c:23]([N:24]([H:25])[H:26])[n:27][c:28]([H:29])[n:30][c:31]32)[C@:12]([H:13])([O:14][H:15])[C@:9]1([H:10])[O:11][P:32]([O-:33])(=[O:34])[O:35][C:36]([H:37])([H:38])[C@@:39]1([H:40])[O:41][C@@:49]([H:50])([N:51]2[C:52](=[O:53])[N:54]([H:55])[C:56](=[O:57])[C:58]([H:59])=[C:60]2[H:61])[C@:45]([H:46])([O:47][H:48])[C@:42]1([H:43])[O:44][P:62]([O-:63])(=[O:64])[O:65][C:66]([H:67])([H:68])[C@@:69]1([H:70])[O:71][C@@:80]([H:81])([N:82]2[C:83](=[O:84])[N:85]([H:86])[C:87](=[O:88])[C:89]([H:90])=[C:91]2[H:92])[C@:76]([H:77])([O:78][H:79])[C@:72]1([H:73])[O:74][H:75],92,unassigned_atom_type,31;32;33;61;62;63,"Atoms 31, 32, 33, 61, 62, 63 could not be assigned a bond charge correction atom type."
rna-trinucleotide,57.npz,Nc1ncnc2c1ncn2[C@@H]1O[C@H](CO)[C@@H](OP(=O)([O-])OC[C@H]2O[C@@H](n3cnc4c(N)ncnc43)[C@H](O)[C@@H]2OP(=O)([O-])OC[C@H]2O[C@@H](n3ccc(=O)[nH]c3=O)[C@H](O)[C@@H]2O)[C@H]1O,[H][O][C]([H])([H])[C@@]1([H])[O][C@@]([H])([N]2[C]([H])=[N][c]3[c]([N]([H])[H])[n][c]([H])[n][c]32)[C@]([H])([O][H])[C@]1([H])[O][P](=[O])([O-])[O][C]([H])([H])[C@@]1([H])[O][C@@]([H])([N]2[C]([H])=[N][c]3[c]([N]([H])[H])[n][c]([H])[n][c]32)[C@]([H])([O][H])[C@]1([H])[O][P](=[O])([O-])[O][C]([H])([H])[C@@]1([H])[O][C@@]([H])([N]2[C](=[O])[N]([H])[C](=[O])[C]([H])=[C]2[H])[C@]([H])([O][H])[C@]1([H])[O][H],[O:1]([H:2])[C:3]([H:4])([H:5])[C@@:6]1([H:7])[O:8][C@@:16]([H:17])([N:18]2[C:19]([H:20])=[N:21][c:22]3[c:23]([N:24]([H:25])[H:26])[n:27][c:28]([H:29])[n:30][c:31]32)[C@:12]([H:13])([O:14][H:15])[C@:9]1([H:10])[O:11][P:32]([O-:33])(=[O:34])[O:35][C:36]([H:37])([H:38])[C@@:39]1([H:40])[O:41][C@@:49]([H:50])([N:51]2[C:52]([H:53])=[N:54][c:55]3[c:56]([N:57]([H:58])[H:59])[n:60][c:61]([H:62])[n:63][c:64]32)[C@:45]([H:46])([O:47][H:48])[C@:42]1([H:43])[O:44][P:65]([O-:66])(=[O:67])[O:68][C:69]([H:70])([H:71])[C@@:72]1([H:73])[O:74][C@@:83]([H:84])([N:85]2[C:86](=[O:87])[N:88]([H:89])[C:90](=[O:91])[C:92]([H:93])=[C:94]2[H:95])[C@:79]([H:80])([O:81][H:82])[C@:75]1([H:76])[O:77][H:78],95,unassigned_atom_type,31;32;33;64;65;66,"Atoms 31, 32, 33, 64, 65, 66 could not be assigned a bond charge correction atom type."
rna-trinucleotide,58.npz,Nc1ncnc2c1ncn2[C@@H]1O[C@H](COP(=O)([O-])O[C@H]2[C@@H](O)[C@H](n3ccc(=O)[nH]c3=O)O[C@@H]2CO)[C@@H](OP(=O)([O-])OC[C@H]2O[C@@H](n3ccc(=O)[nH]c3=O)[C@H](O)[C@@H]2O)[C@H]1O,[H][O][C]([H])([H])[C@@]1([H])[O][C@@]([H])([N]2[C](=[O])[N]([H])[C](=[O])[C]([H])=[C]2[H])[C@]([H])([O][H])[C@]1([H])[O][P](=[O])([O-])[O][C]([H])([H])[C@@]1([H])[O][C@@]([H])([N]2[C]([H])=[N][c]3[c]([N]([H])[H])[n][c]([H])[n][c]32)[C@]([H])([O][H])[C@]1([H])[O][P](=[O])([O-])[O][C]([H])([H])[C@@]1([H])[O][C@@]([H])([N]2[C](=[O])[N]([H])[C](=[O])[C]([H])=[C]2[H])[C@]([H])([O][H])[C@]1([H])[O][H],[O:1]([H:2])[C:3]([H:4])([H:5])[C@@:6]1([H:7])[O:8][C@@:16]([H:17])([N:18]2[C:19](=[O:20])[N:21]([H:22])[C:23](=[O:24])[C:25]([H:26])=[C:27]2[H:28])[C@:12]([H:13])([O:14][H:15])[C@:9]1([H:10])[O:11][P:29]([O-:30])(=[O:31])[O:32][C:33]([H:34])([H:35])[C@@:36]1([H:37])[O:38][C@@:46]([H:47])([N:48]2[C:49]([H:50])=[N:51][c:52]3[c:53]([N:54]([H:55])[H:56])[n:57][c:58]([H:59])[n:60][c:61]32)[C@:42]([H:43])([O:44][H:45])[C@:39]1([H:40])[O:41][P:62]([O-:63])(=[O:64])[O:65][C:66]([H:67])([H:68])[C@@:69]1([H:70])[O:71][C@@:80]([H:81])([N:82]2[C:83](=[O:84])[N:85]([H:86])[C:87](=[O:88])[C:89]([H:90])=[C:91]2[H:92])[C@:76]([H:77])([O:78][H:79])[C@:72]1([H:73])[O:74][H:75],92,unassigned_atom_type,28;29;30;61;62;63,"Atoms 28, 29, 30, 61, 62, 63 could not be assigned a bond charge correction atom type."
rna-trinucleotide,59.npz,Nc1ncnc2c1ncn2[C@@H]1O[C@H](COP(=O)([O-])O[C@H]2[C@@H](O)[C@H](n3ccc(=O)[nH]c3=O)O[C@@H]2COP(=O)([O-])O[C@H]2[C@@H](O)[C@H](n3ccc(=O)[nH]c3=O)O[C@@H]2CO)[C@@H](O)[C@H]1O,[H][O][C]([H])([H])[C@@]1([H])[O][C@@]([H])([N]2[C](=[O])[N]([H])[C](=[O])[C]([H])=[C]2[H])[C@]([H])([O][H])[C@]1([H])[O][P](=[O])([O-])[O][C]([H])([H])[C@@]1([H])[O][C@@]([H])([N]2[C](=[O])[N]([H])[C](=[O])[C]([H])=[C]2[H])[C@]([H])([O][H])[C@]1([H])[O][P](=[O])([O-])[O][C]([H])([H])[C@@]1([H])[O][C@@]([H])([N]2[C]([H])=[N][c]3[c]([N]([H])[H])[n][c]([H])[n][c]32)[C@]([H])([O][H])[C@]1([H])[O][H],[O:1]([H:2])[C:3]([H:4])([H:5])[C@@:6]1([H:7])[O:8][C@@:16]([H:17])([N:18]2[C:19](=[O:20])[N:21]([H:22])[C:23](=[O:24])[C:25]([H:26])=[C:27]2[H:28])[C@:12]([H:13])([O:14][H:15])[C@:9]1([H:10])[O:11][P:29]([O-:30])(=[O:31])[O:32][C:33]([H:34])([H:35])[C@@:36]1([H:37])[O:38][C@@:46]([H:47])([N:48]2[C:49](=[O:50])[N:51]([H:52])[C:53](=[O:54])[C:55]([H:56])=[C:57]2[H:58])[C@:42]([H:43])([O:44][H:45])[C@:39]1([H:40])[O:41][P:59]([O-:60])(=[O:61])[O:62][C:63]([H:64])([H:65])[C@@:66]1([H:67])[O:68][C@@:77]([H:78])([N:79]2[C:80]([H:81])=[N:82][c:83]3[c:84]([N:85]([H:86])[H:87])[n:88][c:89]([H:90])[n:91][c:92]32)[C@:73]([H:74])([O:75][H:76])[C@:69]1([H:70])[O:71][H:72],92,unassigned_atom_type,28;29;30;58;59;60,"Atoms 28, 29, 30, 58, 59, 60 could not be assigned a bond charge correction atom type."
rna-trinucleotide,6.npz,Nc1ccn([C@@H]2O[C@H](CO)[C@@H](OP(=O)([O-])OC[C@H]3O[C@@H](n4cnc5c(=O)[nH]c(N)nc54)[C@H](O)[C@@H]3OP(=O)([O-])OC[C@H]3O[C@@H](n4ccc(=O)[nH]c4=O)[C@H](O)[C@@H]3O)[C@H]2O)c(=O)n1,[H][O][C]([H])([H])[C@@]1([H])[O][C@@]([H])([N]2[C](=[O])[N]=[C]([N]([H])[H])[C]([H])=[C]2[H])[C@]([H])([O][H])[C@]1([H])[O][P](=[O])([O-])[O][C]([H])([H])[C@@]1([H])[O][C@@]([H])([N]2[C]([H])=[N][C]3=[C]2[N]=[C]([N]([H])[H])[N]([H])[C]3=[O])[C@]([H])([O][H])[C@]1([H])[O][P](=[O])([O-])[O][C]([H])([H])[C@@]1([H])[O][C@@]([H])([N]2[C](=[O])[N]([H])[C](=[O])[C]([H])=[C]2[H])[C@]([H])([O][H])[C@]1([H])[O][H],[O:1]([H:2])[C:3]([H:4])([H:5])[C@@:6]1([H:7])[O:8][C@@:16]([H:17])([N:18]2[C:19](=[O:20])[N:21]=[C:22]([N:23]([H:24])[H:25])[C:26]([H:27])=[C:28]2[H:29])[C@:12]([H:13])([O:14][H:15])[C@:9]1([H:10])[O:11][P:30]([O-:31])(=[O:32])[O:33][C:34]([H:35])([H:36])[C@@:37]1([H:38])[O:39][C@@:47]([H:48])([N:49]2[C:50]([H:51])=[N:52][C:53]3=[C:63]2[N:62]=[C:58]([N:59]([H:60])[H:61])[N:56]([H:57])[C:54]3=[O:55])[C@:43]([H:44])([O:45][H:46])[C@:40]1([H:41])[O:42][P:64]([O-:65])(=[O:66])[O:67][C:68]([H:69])([H:70])[C@@:71]1([H:72])[O:73][C@@:82]([H:83])([N:84]2[C:85](=[O:86])[N:87]([H:88])[C:89](=[O:90])[C:91]([H:92])=[C:93]2[H:94])[C@:78]([H:79])([O:80][H:81])[C@:74]1([H:75])[O:76][H:77],94,unassigned_atom_type,29;30;31;63;64;65,"Atoms 29, 30, 31, 63, 64, 65 could not be assigned a bond charge correction atom type."
rna-trinucleotide,60.npz,Nc1ncnc2c1ncn2[C@@H]1O[C@H](COP(=O)([O-])O[C@H]2[C@@H](O)[C@H](n3cnc4c(N)ncnc43)O[C@@H]2COP(=O)([O-])O[C@H]2[C@@H](O)[C@H](n3ccc(=O)[nH]c3=O)O[C@@H]2CO)[C@@H](O)[C@H]1O,[H][O][C]([H])([H])[C@@]1([H])[O][C@@]([H])([N]2[C](=[O])[N]([H])[C](=[O])[C]([H])=[C]2[H])[C@]([H])([O][H])[C@]1([H])[O][P](=[O])([O-])[O][C]([H])([H])[C@@]1([H])[O][C@@]([H])([N]2[C]([H])=[N][c]3[c]([N]([H])[H])[n][c]([H])[n][c]32)[C@]([H])([O][H])[C@]1([H])[O][P](=[O])([O-])[O][C]([H])([H])[C@@]1([H])[O][C@@]([H])([N]2[C]([H])=[N][c]3[c]([N]([H])[H])[n][c]([H])[n][c]32)[C@]([H])([O][H])[C@]1([H])[O][H],[O:1]([H:2])[C:3]([H:4])([H:5])[C@@:6]1([H:7])[O:8][C@@:16]([H:17])([N:18]2[C:19](=[O:20])[N:21]([H:22])[C:23](=[O:24])[C:25]([H:26])=[C:27]2[H:28])[C@:12]([H:13])([O:14][H:15])[C@:9]1([H:10])[O:11][P:29]([O-:30])(=[O:31])[O:32][C:33]([H:34])([H:35])[C@@:36]1([H:37])[O:38][C@@:46]([H:47])([N:48]2[C:49]([H:50])=[N:51][c:52]3[c:53]([N:54]([H:55])[H:56])[n:57][c:58]([H:59])[n:60][c:61]32)[C@:42]([H:43])([O:44][H:45])[C@:39]1([H:40])[O:41][P:62]([O-:63])(=[O:64])[O:65][C:66]([H:67])([H:68])[C@@:69]1([H:70])[O:71][C@@:80]([H:81])([N:82]2[C:83]([H:84])=[N:85][c:86]3[c:87]([N:88]([H:89])[H:90])[n:91][c:92]([H:93])[n:94][c:95]32)[C@:76]([H:77])([O:78][H:79])[C@:72]1([H:73])[O:74][H:75],95,unassigned_atom_type,28;29;30;61;62;63,"Atoms 28, 29, 30, 61, 62, 63 could not be assigned a bond charge correction atom type."
rna-trinucleotide,61.npz,Nc1ncnc2c1ncn2[C@@H]1O[C@H](COP(=O)([O-])O[C@H]2[C@@H](O)[C@H](n3ccc(=O)[nH]c3=O)O[C@@H]2COP(=O)([O-])O[C@H]2[C@@H](O)[C@H](n3cnc4c(N)ncnc43)O[C@@H]2CO)[C@@H](O)[C@H]1O,[H][O][C]([H])([H])[C@@]1([H])[O][C@@]([H])([N]2[C]([H])=[N][c]3[c]([N]([H])[H])[n][c]([H])[n][c]32)[C@]([H])([O][H])[C@]1([H])[O][P](=[O])([O-])[O][C]([H])([H])[C@@]1([H])[O][C@@]([H])([N]2[C](=[O])[N]([H])[C](=[O])[C]([H])=[C]2[H])[C@]([H])([O][H])[C@]1([H])[O][P](=[O])([O-])[O][C]([H])([H])[C@@]1([H])[O][C@@]([H])([N]2[C]([H])=[N][c]3[c]([N]([H])[H])[n][c]([H])[n][c]32)[C@]([H])([O][H])[C@]1([H])[O][H],[O:1]([H:2])[C:3]([H:4])([H:5])[C@@:6]1([H:7])[O:8][C@@:16]([H:17])([N:18]2[C:19]([H:20])=[N:21][c:22]3[c:23]([N:24]([H:25])[H:26])[n:27][c:28]([H:29])[n:30][c:31]32)[C@:12]([H:13])([O:14][H:15])[C@:9]1([H:10])[O:11][P:32]([O-:33])(=[O:34])[O:35][C:36]([H:37])([H:38])[C@@:39]1([H:40])[O:41][C@@:49]([H:50])([N:51]2[C:52](=[O:53])[N:54]([H:55])[C:56](=[O:57])[C:58]([H:59])=[C:60]2[H:61])[C@:45]([H:46])([O:47][H:48])[C@:42]1([H:43])[O:44][P:62]([O-:63])(=[O:64])[O:65][C:66]([H:67])([H:68])[C@@:69]1([H:70])[O:71][C@@:80]([H:81])([N:82]2[C:83]([H:84])=[N:85][c:86]3[c:87]([N:88]([H:89])[H:90])[n:91][c:92]([H:93])[n:94][c:95]32)[C@:76]([H:77])([O:78][H:79])[C@:72]1([H:73])[O:74][H:75],95,unassigned_atom_type,31;32;33;61;62;63,"Atoms 31, 32, 33, 61, 62, 63 could not be assigned a bond charge correction atom type."
rna-trinucleotide,62.npz,Nc1ncnc2c1ncn2[C@@H]1O[C@H](COP(=O)([O-])O[C@H]2[C@@H](O)[C@H](n3cnc4c(N)ncnc43)O[C@@H]2COP(=O)([O-])O[C@H]2[C@@H](O)[C@H](n3cnc4c(N)ncnc43)O[C@@H]2CO)[C@@H](O)[C@H]1O,[H][O][C]([H])([H])[C@@]1([H])[O][C@@]([H])([N]2[C]([H])=[N][c]3[c]([N]([H])[H])[n][c]([H])[n][c]32)[C@]([H])([O][H])[C@]1([H])[O][P](=[O])([O-])[O][C]([H])([H])[C@@]1([H])[O][C@@]([H])([N]2[C]([H])=[N][c]3[c]([N]([H])[H])[n][c]([H])[n][c]32)[C@]([H])([O][H])[C@]1([H])[O][P](=[O])([O-])[O][C]([H])([H])[C@@]1([H])[O][C@@]([H])([N]2[C]([H])=[N][c]3[c]([N]([H])[H])[n][c]([H])[n][c]32)[C@]([H])([O][H])[C@]1([H])[O][H],[O:1]([H:2])[C:3]([H:4])([H:5])[C@@:6]1([H:7])[O:8][C@@:16]([H:17])([N:18]2[C:19]([H:20])=[N:21][c:22]3[c:23]([N:24]([H:25])[H:26])[n:27][c:28]([H:29])[n:30][c:31]32)[C@:12]([H:13])([O:14][H:15])[C@:9]1([H:10])[O:11][P:32]([O-:33])(=[O:34])[O:35][C:36]([H:37])([H:38])[C@@:39]1([H:40])[O:41][C@@:49]([H:50])([N:51]2[C:52]([H:53])=[N:54][c:55]3[c:56]([N:57]([H:58])[H:59])[n:60][c:61]([H:62])[n:63][c:64]32)[C@:45]([H:46])([O:47][H:48])[C@:42]1([H:43])[O:44][P:65]([O-:66])(=[O:67])[O:68][C:69]([H:70])([H:71])[C@@:72]1([H:73])[O:74][C@@:83]([H:84])([N:85]2[C:86]([H:87])=[N:88][c:89]3[c:90]([N:91]([H:92])[H:93])[n:94][c:95]([H:96])[n:97][c:98]32)[C@:79]([H:80])([O:81][H:82])[C@:75]1([H:76])[O:77][H:78],98,unassigned_atom_type,31;32;33;64;65;66,"Atoms 31, 32, 33, 64, 65, 66 could not be assigned a bond charge correction atom type."
rna-trinucleotide,63.npz,O=c1ccn([C@@H]2O[C@H](COP(=O)([O-])O[C@H]3[C@@H](O)[C@H](n4ccc(=O)[nH]c4=O)O[C@@H]3COP(=O)([O-])O[C@H]3[C@@H](O)[C@H](n4ccc(=O)[nH]c4=O)O[C@@H]3CO)[C@@H](O)[C@H]2O)c(=O)[nH]1,[H][O][C]([H])([H])[C@@]1([H])[O][C@@]([H])([N]2[C](=[O])[N]([H])[C](=[O])[C]([H])=[C]2[H])[C@]([H])([O][H])[C@]1([H])[O][P](=[O])([O-])[O][C]([H])([H])[C@@]1([H])[O][C@@]([H])([N]2[C](=[O])[N]([H])[C](=[O])[C]([H])=[C]2[H])[C@]([H])([O][H])[C@]1([H])[O][P](=[O])([O-])[O][C]([H])([H])[C@@]1([H])[O][C@@]([H])([N]2[C](=[O])[N]([H])[C](=[O])[C]([H])=[C]2[H])[C@]([H])([O][H])[C@]1([H])[O][H],[O:1]([H:2])[C:3]([H:4])([H:5])[C@@:6]1([H:7])[O:8][C@@:16]([H:17])([N:18]2[C:19](=[O:20])[N:21]([H:22])[C:23](=[O:24])[C:25]([H:26])=[C:27]2[H:28])[C@:12]([H:13])([O:14][H:15])[C@:9]1([H:10])[O:11][P:29]([O-:30])(=[O:31])[O:32][C:33]([H:34])([H:35])[C@@:36]1([H:37])[O:38][C@@:46]([H:47])([N:48]2[C:49](=[O:50])[N:51]([H:52])[C:53](=[O:54])[C:55]([H:56])=[C:57]2[H:58])[C@:42]([H:43])([O:44][H:45])[C@:39]1([H:40])[O:41][P:59]([O-:60])(=[O:61])[O:62][C:63]([H:64])([H:65])[C@@:66]1([H:67])[O:68][C@@:77]([H:78])([N:79]2[C:80](=[O:81])[N:82]([H:83])[C:84](=[O:85])[C:86]([H:87])=[C:88]2[H:89])[C@:73]([H:74])([O:75][H:76])[C@:69]1([H:70])[O:71][H:72],89,unassigned_atom_type,28;29;30;58;59;60,"Atoms 28, 29, 30, 58, 59, 60 could not be assigned a bond charge correction atom type."
rna-trinucleotide,7.npz,Nc1ccn([C@@H]2O[C@H](CO)[C@@H](OP(=O)([O-])OC[C@H]3O[C@@H](n4cnc5c(=O)[nH]c(N)nc54)[C@H](O)[C@@H]3OP(=O)([O-])OC[C@H]3O[C@@H](n4cnc5c(=O)[nH]c(N)nc54)[C@H](O)[C@@H]3O)[C@H]2O)c(=O)n1,[H][O][C]([H])([H])[C@@]1([H])[O][C@@]([H])([N]2[C](=[O])[N]=[C]([N]([H])[H])[C]([H])=[C]2[H])[C@]([H])([O][H])[C@]1([H])[O][P](=[O])([O-])[O][C]([H])([H])[C@@]1([H])[O][C@@]([H])([N]2[C]([H])=[N][C]3=[C]2[N]=[C]([N]([H])[H])[N]([H])[C]3=[O])[C@]([H])([O][H])[C@]1([H])[O][P](=[O])([O-])[O][C]([H])([H])[C@@]1([H])[O][C@@]([H])([N]2[C]([H])=[N][C]3=[C]2[N]=[C]([N]([H])[H])[N]([H])[C]3=[O])[C@]([H])([O][H])[C@]1([H])[O][H],[O:1]([H:2])[C:3]([H:4])([H:5])[C@@:6]1([H:7])[O:8][C@@:16]([H:17])([N:18]2[C:19](=[O:20])[N:21]=[C:22]([N:23]([H:24])[H:25])[C:26]([H:27])=[C:28]2[H:29])[C@:12]([H:13])([O:14][H:15])[C@:9]1([H:10])[O:11][P:30]([O-:31])(=[O:32])[O:33][C:34]([H:35])([H:36])[C@@:37]1([H:38])[O:39][C@@:47]([H:48])([N:49]2[C:50]([H:51])=[N:52][C:53]3=[C:63]2[N:62]=[C:58]([N:59]([H:60])[H:61])[N:56]([H:57])[C:54]3=[O:55])[C@:43]([H:44])([O:45][H:46])[C@:40]1([H:41])[O:42][P:64]([O-:65])(=[O:66])[O:67][C:68]([H:69])([H:70])[C@@:71]1([H:72])[O:73][C@@:82]([H:83])([N:84]2[C:85]([H:86])=[N:87][C:88]3=[C:98]2[N:97]=[C:93]([N:94]([H:95])[H:96])[N:91]([H:92])[C:89]3=[O:90])[C@:78]([H:79])([O:80][H:81])[C@:74]1([H:75])[O:76][H:77],98,unassigned_atom_type,29;30;31;63;64;65,"Atoms 29, 30, 31, 63, 64, 65 could not be assigned a bond charge correction atom type."
rna-trinucleotide,8.npz,Nc1ccn([C@@H]2O[C@H](CO)[C@@H](OP(=O)([O-])OC[C@H]3O[C@@H](n4cnc5c(=O)[nH]c(N)nc54)[C@H](O)[C@@H]3OP(=O)([O-])OC[C@H]3O[C@@H](n4cnc5c(N)ncnc54)[C@H](O)[C@@H]3O)[C@H]2O)c(=O)n1,[H][O][C]([H])([H])[C@@]1([H])[O][C@@]([H])([N]2[C](=[O])[N]=[C]([N]([H])[H])[C]([H])=[C]2[H])[C@]([H])([O][H])[C@]1([H])[O][P](=[O])([O-])[O][C]([H])([H])[C@@]1([H])[O][C@@]([H])([N]2[C]([H])=[N][C]3=[C]2[N]=[C]([N]([H])[H])[N]([H])[C]3=[O])[C@]([H])([O][H])[C@]1([H])[O][P](=[O])([O-])[O][C]([H])([H])[C@@]1([H])[O][C@@]([H])([N]2[C]([H])=[N][c]3[c]([N]([H])[H])[n][c]([H])[n][c]32)[C@]([H])([O][H])[C@]1([H])[O][H],[O:1]([H:2])[C:3]([H:4])([H:5])[C@@:6]1([H:7])[O:8][C@@:16]([H:17])([N:18]2[C:19](=[O:20])[N:21]=[C:22]([N:23]([H:24])[H:25])[C:26]([H:27])=[C:28]2[H:29])[C@:12]([H:13])([O:14][H:15])[C@:9]1([H:10])[O:11][P:30]([O-:31])(=[O:32])[O:33][C:34]([H:35])([H:36])[C@@:37]1([H:38])[O:39][C@@:47]([H:48])([N:49]2[C:50]([H:51])=[N:52][C:53]3=[C:63]2[N:62]=[C:58]([N:59]([H:60])[H:61])[N:56]([H:57])[C:54]3=[O:55])[C@:43]([H:44])([O:45][H:46])[C@:40]1([H:41])[O:42][P:64]([O-:65])(=[O:66])[O:67][C:68]([H:69])([H:70])[C@@:71]1([H:72])[O:73][C@@:82]([H:83])([N:84]2[C:85]([H:86])=[N:87][c:88]3[c:89]([N:90]([H:91])[H:92])[n:93][c:94]([H:95])[n:96][c:97]32)[C@:78]([H:79])([O:80][H:81])[C@:74]1([H:75])[O:76][H:77],97,unassigned_atom_type,29;30;31;63;64;65,"Atoms 29, 30, 31, 63, 64, 65 could not be assigned a bond charge correction atom type."
rna-trinucleotide,9.npz,Nc1ccn([C@@H]2O[C@H](CO)[C@@H](OP(=O)([O-])OC[C@H]3O[C@@H](n4cnc5c(N)ncnc54)[C@H](O)[C@@H]3OP(=O)([O-])OC[C@H]3O[C@@H](n4ccc(=O)[nH]c4=O)[C@H](O)[C@@H]3O)[C@H]2O)c(=O)n1,[H][O][C]([H])([H])[C@@]1([H])[O][C@@]([H])([N]2[C](=[O])[N]=[C]([N]([H])[H])[C]([H])=[C]2[H])[C@]([H])([O][H])[C@]1([H])[O][P](=[O])([O-])[O][C]([H])([H])[C@@]1([H])[O][C@@]([H])([N]2[C]([H])=[N][c]3[c]([N]([H])[H])[n][c]([H])[n][c]32)[C@]([H])([O][H])[C@]1([H])[O][P](=[O])([O-])[O][C]([H])([H])[C@@]1([H])[O][C@@]([H])([N]2[C](=[O])[N]([H])[C](=[O])[C]([H])=[C]2[H])[C@]([H])([O][H])[C@]1([H])[O][H],[O:1]([H:2])[C:3]([H:4])([H:5])[C@@:6]1([H:7])[O:8][C@@:16]([H:17])([N:18]2[C:19](=[O:20])[N:21]=[C:22]([N:23]([H:24])[H:25])[C:26]([H:27])=[C:28]2[H:29])[C@:12]([H:13])([O:14][H:15])[C@:9]1([H:10])[O:11][P:30]([O-:31])(=[O:32])[O:33][C:34]([H:35])([H:36])[C@@:37]1([H:38])[O:39][C@@:47]([H:48])([N:49]2[C:50]([H:51])=[N:52][c:53]3[c:54]([N:55]([H:56])[H:57])[n:58][c:59]([H:60])[n:61][c:62]32)[C@:43]([H:44])([O:45][H:46])[C@:40]1([H:41])[O:42][P:63]([O-:64])(=[O:65])[O:66][C:67]([H:68])([H:69])[C@@:70]1([H:71])[O:72][C@@:81]([H:82])([N:83]2[C:84](=[O:85])[N:86]([H:87])[C:88](=[O:89])[C:90]([H:91])=[C:92]2[H:93])[C@:77]([H:78])([O:79][H:80])[C@:73]1([H:74])[O:75][H:76],93,unassigned_atom_type,29;30;31;62;63;64,"Atoms 29, 30, 31, 62, 63, 64 could not be assigned a bond charge correction atom type."
spice-des-monomers,148.npz,CCOP(=O)([O-])OC,[H][C]([H])([H])[O][P](=[O])([O-])[O][C]([H])([H])[C]([H])([H])[H],[O:1]=[P:8]([O-:2])([O:3][C:5]([H:9])([H:10])[H:11])[O:4][C:7]([C:6]([H:12])([H:13])[H:14])([H:15])[H:16],16,unassigned_atom_type,0;1;7,"Atoms 0, 1, 7 could not be assigned a bond charge correction atom type."
spice-des-monomers,149.npz,CCOP(=O)(O)OC,[H][O][P](=[O])([O][C]([H])([H])[H])[O][C]([H])([H])[C]([H])([H])[H],[O:1]=[P:8]([O:2][H:9])([O:3][C:5]([H:10])([H:11])[H:12])[O:4][C:7]([C:6]([H:13])([H:14])[H:15])([H:16])[H:17],17,unassigned_atom_type,0;7,"Atoms 0, 7 could not be assigned a bond charge correction atom type."
spice-des-monomers,150.npz,CCOP(=O)(OC)OC,[H][C]([H])([H])[O][P](=[O])([O][C]([H])([H])[H])[O][C]([H])([H])[C]([H])([H])[H],[O:1]=[P:9]([O:2][C:5]([H:10])([H:11])[H:12])([O:3][C:6]([H:13])([H:14])[H:15])[O:4][C:8]([C:7]([H:16])([H:17])[H:18])([H:19])[H:20],20,unassigned_atom_type,0;8,"Atoms 0, 8 could not be assigned a bond charge correction atom type."
spice-des-monomers,248.npz,COP(=O)(O)O,[H][O][P](=[O])([O][H])[O][C]([H])([H])[H],[O:1]=[P:6]([O:2][H:7])([O:3][H:8])[O:4][C:5]([H:9])([H:10])[H:11],11,unassigned_atom_type,0;5,"Atoms 0, 5 could not be assigned a bond charge correction atom type."
spice-des-monomers,249.npz,COP(=O)([O-])OC,[H][C]([H])([H])[O][P](=[O])([O-])[O][C]([H])([H])[H],[O:1]=[P:7]([O-:2])([O:3][C:5]([H:8])([H:9])[H:10])[O:4][C:6]([H:11])([H:12])[H:13],13,unassigned_atom_type,0;1;6,"Atoms 0, 1, 6 could not be assigned a bond charge correction atom type."
spice-des-monomers,250.npz,COP(=O)(O)OC,[H][O][P](=[O])([O][C]([H])([H])[H])[O][C]([H])([H])[H],[O:1]=[P:7]([O:2][H:8])([O:3][C:5]([H:9])([H:10])[H:11])[O:4][C:6]([H:12])([H:13])[H:14],14,unassigned_atom_type,0;6,"Atoms 0, 6 could not be assigned a bond charge correction atom type."
spice-des-monomers,251.npz,COP(=O)(OC)OC,[H][C]([H])([H])[O][P](=[O])([O][C]([H])([H])[H])[O][C]([H])([H])[H],[O:1]=[P:8]([O:2][C:5]([H:9])([H:10])[H:11])([O:3][C:6]([H:12])([H:13])[H:14])[O:4][C:7]([H:15])([H:16])[H:17],17,unassigned_atom_type,0;7,"Atoms 0, 7 could not be assigned a bond charge correction atom type."
spice-des-monomers,252.npz,COP(=O)([O-])OP(=O)(O)O,[H][O][P](=[O])([O][H])[O][P](=[O])([O-])[O][C]([H])([H])[H],[O:1]=[P:9]([O-:3])([O:4][C:8]([H:13])([H:14])[H:15])[O:7][P:10](=[O:2])([O:5][H:11])[O:6][H:12],15,unassigned_atom_type,0;1;2;6;8;9,"Atoms 0, 1, 2, 6, 8, 9 could not be assigned a bond charge correction atom type."
spice-des-monomers,358.npz,O=P(O)(O)O,[H][O][P](=[O])([O][H])[O][H],[O:1]=[P:5]([O:2][H:6])([O:3][H:7])[O:4][H:8],8,unassigned_atom_type,0;4,"Atoms 0, 4 could not be assigned a bond charge correction atom type."
spice-des-monomers,4.npz,COP(=O)(O)OP(=O)([O-])O,[H][O][P](=[O])([O-])[O][P](=[O])([O][H])[O][C]([H])([H])[H],[O:1]=[P:9]([O-:3])([O:4][H:11])[O:7][P:10](=[O:2])([O:5][H:12])[O:6][C:8]([H:13])([H:14])[H:15],15,unassigned_atom_type,0;1;2;6;8;9,"Atoms 0, 1, 2, 6, 8, 9 could not be assigned a bond charge correction atom type."
spice-pubchem,10.npz,Nc1ccn([C@@H]2O[C@H](COP(=O)(S)NC(=O)c3cccnc3)[C@@H](O)C2(F)F)c(=O)n1,[H][O][C@@]1([H])[C]([F])([F])[C@]([H])([N]2[C](=[O])[N]=[C]([N]([H])[H])[C]([H])=[C]2[H])[O][C@]1([H])[C]([H])([H])[O][P](=[O])([S][H])[N]([H])[C](=[O])[c]1[c]([H])[n][c]([H])[c]([H])[c]1[H],[O:1]=[C:12]1[N:6]=[C:14]([N:22]([H:39])[H:40])[C:15]([H:33])=[C:16]([H:34])[N:23]1[C@:27]1([H:44])[O:8][C@@:28]([C:25]([O:10][P:30](=[O:3])([S:11][H:32])[N:24]([C:13](=[O:2])[c:21]2[c:18]([H:36])[n:7][c:17]([H:35])[c:19]([H:37])[c:20]2[H:38])[H:41])([H:42])[H:43])([H:45])[C@:29]([O:9][H:31])([H:46])[C:26]1([F:4])[F:5],46,unassigned_atom_type,2;29,"Atoms 2, 29 could not be assigned a bond charge correction atom type."
spice-pubchem,1007.npz,NC(=O)OP(=O)([O-])[O-],[H][N]([H])[C](=[O])[O][P](=[O])([O-])[O-],[O:1]=[C:6]([O:5][P:8](=[O:2])([O-:3])[O-:4])[N:7]([H:9])[H:10],10,unassigned_atom_type,1;2;3;7,"Atoms 1, 2, 3, 7 could not be assigned a bond charge correction atom type."
spice-pubchem,10086.npz,CN1CCn2cnc3ccccc3[c+]21,[H][C]1=[N][c]2[c]([H])[c]([H])[c]([H])[c]([H])[c]2[C+]2[N]1[C]([H])([H])[C]([H])([H])[N]2[C]([H])([H])[H],[N:1]1=[C:2]([H:15])[N:10]2[C+:9]([c:8]3[c:6]([H:19])[c:4]([H:17])[c:3]([H:16])[c:5]([H:18])[c:7]31)[N:11]([C:12]([H:20])([H:21])[H:22])[C:14]([H:25])([H:26])[C:13]2([H:23])[H:24],26,unassigned_atom_type,8,Atoms 8 could not be assigned a bond charge correction atom type.
spice-pubchem,10087.npz,Oc1ccc(/C=N/NP(=S)(c2ccccc2)c2ccccc2)c(O)c1O,[H][O][c]1[c]([H])[c]([H])[c](/[C]([H])=[N]/[N]([H])[P](=[S])([c]2[c]([H])[c]([H])[c]([H])[c]([H])[c]2[H])[c]2[c]([H])[c]([H])[c]([H])[c]([H])[c]2[H])[c]([O][H])[c]1[O][H],[S:1]=[P:26]([c:23]1[c:15]([H:39])[c:9]([H:33])[c:7]([H:31])[c:10]([H:34])[c:16]1[H:40])([c:24]1[c:17]([H:41])[c:11]([H:35])[c:8]([H:32])[c:12]([H:36])[c:18]1[H:42])[N:25](/[N:2]=[C:6](/[c:22]1[c:14]([H:38])[c:13]([H:37])[c:19]([O:3][H:27])[c:20]([O:4][H:28])[c:21]1[O:5][H:29])[H:30])[H:43],43,unassigned_atom_type,0;25,"Atoms 0, 25 could not be assigned a bond charge correction atom type."
spice-pubchem,10190.npz,CCCCOP(=O)(c1ccc(N(C)C)cc1)C(O)c1ccccc1F,[H][O][C]([H])([c]1[c]([H])[c]([H])[c]([H])[c]([H])[c]1[F])[P](=[O])([O][C]([H])([H])[C]([H])([H])[C]([H])([H])[C]([H])([H])[H])[c]1[c]([H])[c]([H])[c]([N]([C]([H])([H])[H])[C]([H])([H])[H])[c]([H])[c]1[H],[O:1]=[P:25]([O:4][C:21]([C:23]([C:22]([C:20]([H:41])([H:42])[H:43])([H:46])[H:47])([H:48])[H:49])([H:44])[H:45])([c:16]1[c:11]([H:33])[c:8]([H:30])[c:14]([N:17]([C:18]([H:35])([H:36])[H:37])[C:19]([H:38])([H:39])[H:40])[c:9]([H:31])[c:12]1[H:34])[C:24]([O:3][H:26])([c:15]1[c:10]([H:32])[c:6]([H:28])[c:5]([H:27])[c:7]([H:29])[c:13]1[F:2])[H:50],50,unassigned_atom_type,0;24,"Atoms 0, 24 could not be assigned a bond charge correction atom type."
spice-pubchem,1031.npz,O=c1[nH]c(=[OH+])[n-]c(Cn2cnc([N+](=O)[O-])c2)c1Br,[H][O+]=[C]1[N-][C]([C]([H])([H])[N]2[C]([H])=[N][C]([N+](=[O])[O-])=[C]2[H])=[C]([Br])[C](=[O])[N]1[H],[O:1]=[C:8]1[C:11]([Br:4])=[C:14]([C:18]([N:16]2[C:9]([H:20])=[N:5][C:13]([N+:17](=[O:2])[O-:3])=[C:12]2[H:21])([H:23])[H:24])[N-:6][C:10](=[O+:7][H:19])[N:15]1[H:22],24,incomplete_bond_assignment,5;9,Bond charge corrections could not be applied to all bonds in the molecule: | atom 5: expected=2 assigned=1.0 | atom 9: expected=3 assigned=2.0
spice-pubchem,10331.npz,COP(=O)(OC)c1nc(-c2cccc3ccccc23)oc1NCc1ccccc1,[H][c]1[c]([H])[c]([H])[c]([C]([H])([H])[N]([H])[C]2=[C]([P](=[O])([O][C]([H])([H])[H])[O][C]([H])([H])[H])[N]=[C]([c]3[c]([H])[c]([H])[c]([H])[c]4[c]([H])[c]([H])[c]([H])[c]([H])[c]34)[O]2)[c]([H])[c]1[H],[O:1]=[P:29]([O:4][C:26]([H:43])([H:44])[H:45])([O:5][C:27]([H:46])([H:47])[H:48])[C:8]1=[C:7]([N:25]([C:28]([c:18]2[c:12]([H:33])[c:10]([H:31])[c:9]([H:30])[c:11]([H:32])[c:13]2[H:34])([H:49])[H:50])[H:42])[O:3][C:6]([c:22]2[c:17]([H:38])[c:15]([H:36])[c:20]([H:40])[c:23]3[c:19]([H:39])[c:14]([H:35])[c:16]([H:37])[c:21]([H:41])[c:24]23)=[N:2]1,50,unassigned_atom_type,0;28,"Atoms 0, 28 could not be assigned a bond charge correction atom type."
spice-pubchem,10427.npz,CCOP1(=S)c2c(C)nn(CCC#N)c2N=C(c2ccc(F)cc2)N1C,[H][c]1[c]([H])[c]([C]2=[N][C]3=[C]([C]([C]([H])([H])[H])=[N][N]3[C]([H])([H])[C]([H])([H])[C]#[N])[P](=[S])([O][C]([H])([H])[C]([H])([H])[H])[N]2[C]([H])([H])[H])[c]([H])[c]([H])[c]1[F],[N:1]#[C:4][C:23]([C:25]([N:18]1[N:6]=[C:9]([C:20]([H:31])([H:32])[H:33])[C:11]2=[C:10]1[N:5]=[C:8]([c:17]1[c:14]([H:29])[c:12]([H:27])[c:16]([F:2])[c:13]([H:28])[c:15]1[H:30])[N:19]([C:21]([H:34])([H:35])[H:36])[P:26]2(=[S:3])[O:7][C:24]([C:22]([H:37])([H:38])[H:39])([H:42])[H:43])([H:44])[H:45])([H:40])[H:41],45,unassigned_atom_type,2;25,"Atoms 2, 25 could not be assigned a bond charge correction atom type."
spice-pubchem,10475.npz,O=C(CN1CCn2c(-c3cccs3)cs[c+]21)c1ccc(Br)cc1,[H][C]1=[C]([H])[C]([H])=[C]([C]2=[C]([H])[S][C+]3[N]2[C]([H])([H])[C]([H])([H])[N]3[C]([H])([H])[C](=[O])[c]2[c]([H])[c]([H])[c]([Br])[c]([H])[c]2[H])[S]1,[O:1]=[C:5]([c:17]1[c:14]([H:30])[c:12]([H:28])[c:16]([Br:2])[c:13]([H:29])[c:15]1[H:31])[C:21]([N:20]1[C+:18]2[S:4][C:7]([H:25])=[C:11]([C:10]3=[C:9]([H:27])[C:8]([H:26])=[C:6]([H:24])[S:3]3)[N:19]2[C:22]([H:34])([H:35])[C:23]1([H:36])[H:37])([H:32])[H:33],37,unassigned_atom_type,17,Atoms 17 could not be assigned a bond charge correction atom type.
spice-pubchem,10491.npz,C=Cn1ccnc1P(=S)(c1c(C)nn(-c2ccccc2)c1C)c1nccn1C=C,[H][C]([H])=[C]([H])[N]1[C]([P](=[S])([C]2=[N][C]([H])=[C]([H])[N]2[C]([H])=[C]([H])[H])[C]2=[C]([C]([H])([H])[H])[N]([c]3[c]([H])[c]([H])[c]([H])[c]([H])[c]3[H])[N]=[C]2[C]([H])([H])[H])=[N][C]([H])=[C]1[H],[S:1]=[P:29]([C:6]1=[N:3][C:10]([H:34])=[C:14]([H:38])[N:24]1[C:12](=[C:8]([H:30])[H:31])[H:36])([C:7]1=[N:4][C:11]([H:35])=[C:15]([H:39])[N:25]1[C:13](=[C:9]([H:32])[H:33])[H:37])[C:17]1=[C:16]([C:28]([H:48])([H:49])[H:50])[N:26]([c:23]2[c:21]([H:43])[c:19]([H:41])[c:18]([H:40])[c:20]([H:42])[c:22]2[H:44])[N:2]=[C:5]1[C:27]([H:45])([H:46])[H:47],50,unassigned_atom_type,0;28,"Atoms 0, 28 could not be assigned a bond charge correction atom type."
spice-pubchem,10520.npz,O=P(c1ccccc1)(c1ccccc1)c1cc(S(=O)(=O)[O-])ccc1O,[H][O][c]1[c]([H])[c]([H])[c]([S](=[O])(=[O])[O-])[c]([H])[c]1[P](=[O])([c]1[c]([H])[c]([H])[c]([H])[c]([H])[c]1[H])[c]1[c]([H])[c]([H])[c]([H])[c]([H])[c]1[H],[O:1]=[P:24]([c:20]1[c:13]([H:34])[c:8]([H:29])[c:6]([H:27])[c:9]([H:30])[c:14]1[H:35])([c:21]1[c:15]([H:36])[c:10]([H:31])[c:7]([H:28])[c:11]([H:32])[c:16]1[H:37])[c:22]1[c:18]([H:39])[c:23]([S:25](=[O:2])(=[O:3])[O-:4])[c:17]([H:38])[c:12]([H:33])[c:19]1[O:5][H:26],39,unassigned_atom_type,0;23,"Atoms 0, 23 could not be assigned a bond charge correction atom type."
spice-pubchem,10624.npz,CCn1cc[n+](C)c1P(c1ccccc1)c1ccccc1,[H][C]1=[C]([H])[N+]([C]([H])([H])[H])=[C]([P]([c]2[c]([H])[c]([H])[c]([H])[c]([H])[c]2[H])[c]2[c]([H])[c]([H])[c]([H])[c]([H])[c]2[H])[N]1[C]([H])([H])[C]([H])([H])[H],[C:1]1([H:22])=[C:2]([H:23])[N+:17]([C:19]([H:34])([H:35])[H:36])=[C:3]([P:18]([c:14]2[c:10]([H:30])[c:6]([H:26])[c:4]([H:24])[c:7]([H:27])[c:11]2[H:31])[c:15]2[c:12]([H:32])[c:8]([H:28])[c:5]([H:25])[c:9]([H:29])[c:13]2[H:33])[N:16]1[C:21]([C:20]([H:37])([H:38])[H:39])([H:40])[H:41],41,unassigned_atom_type,17,Atoms 17 could not be assigned a bond charge correction atom type.
spice-pubchem,10656.npz,CC(C)CNP(=S)(c1ccccc1)C(C)(C)C,[H][c]1[c]([H])[c]([H])[c]([P](=[S])([N]([H])[C]([H])([H])[C]([H])([C]([H])([H])[H])[C]([H])([H])[H])[C]([C]([H])([H])[H])([C]([H])([H])[H])[C]([H])([H])[H])[c]([H])[c]1[H],[S:1]=[P:17]([c:7]1[c:5]([H:21])[c:3]([H:19])[c:2]([H:18])[c:4]([H:20])[c:6]1[H:22])([N:8]([C:14]([C:15]([C:9]([H:24])([H:25])[H:26])([C:10]([H:27])([H:28])[H:29])[H:41])([H:39])[H:40])[H:23])[C:16]([C:11]([H:30])([H:31])[H:32])([C:12]([H:33])([H:34])[H:35])[C:13]([H:36])([H:37])[H:38],41,unassigned_atom_type,0;16,"Atoms 0, 16 could not be assigned a bond charge correction atom type."
spice-pubchem,10659.npz,CNP(=O)(Oc1ccccc1)OC12CC3CC(CC(C3)C1)C2,[H][c]1[c]([H])[c]([H])[c]([O][P](=[O])([O][C]23[C]([H])([H])[C]4([H])[C]([H])([H])[C]([H])([C]([H])([H])[C]([H])([C]4([H])[H])[C]2([H])[H])[C]3([H])[H])[N]([H])[C]([H])([H])[H])[c]([H])[c]1[H],[O:1]=[P:22]([O:2][c:9]1[c:7]([H:26])[c:5]([H:24])[c:4]([H:23])[c:6]([H:25])[c:8]1[H:27])([O:3][C:21]12[C:15]([H:38])([H:39])[C:18]3([H:44])[C:12]([H:32])([H:33])[C:19]([H:45])([C:14]([H:36])([H:37])[C:20]([H:46])([C:13]3([H:34])[H:35])[C:17]1([H:42])[H:43])[C:16]2([H:40])[H:41])[N:10]([C:11]([H:29])([H:30])[H:31])[H:28],46,unassigned_atom_type,0;21,"Atoms 0, 21 could not be assigned a bond charge correction atom type."
spice-pubchem,10700.npz,O=P1(O)C=C(c2ccccc2)OC(c2ccccc2)=C1,[H][O][P]1(=[O])[C]([H])=[C]([c]2[c]([H])[c]([H])[c]([H])[c]([H])[c]2[H])[O][C]([c]2[c]([H])[c]([H])[c]([H])[c]([H])[c]2[H])=[C]1[H],[O:1]=[P:20]1([O:3][H:21])[C:6]([H:22])=[C:4]([c:18]2[c:14]([H:30])[c:10]([H:26])[c:8]([H:24])[c:11]([H:27])[c:15]2[H:31])[O:2][C:5]([c:19]2[c:16]([H:32])[c:12]([H:28])[c:9]([H:25])[c:13]([H:29])[c:17]2[H:33])=[C:7]1[H:23],33,unassigned_atom_type,0;19,"Atoms 0, 19 could not be assigned a bond charge correction atom type."
spice-pubchem,10702.npz,Cc1cc2c(cc1C)NP(=S)(c1ccccc1)N2,[H][c]1[c]([H])[c]([H])[c]([P]2(=[S])[N]([H])[c]3[c]([H])[c]([C]([H])([H])[H])[c]([C]([H])([H])[H])[c]([H])[c]3[N]2[H])[c]([H])[c]1[H],[S:1]=[P:18]1([c:13]2[c:7]([H:24])[c:3]([H:20])[c:2]([H:19])[c:4]([H:21])[c:8]2[H:25])[N:14]([H:26])[c:9]2[c:5]([H:22])[c:11]([C:16]([H:28])([H:29])[H:30])[c:12]([C:17]([H:31])([H:32])[H:33])[c:6]([H:23])[c:10]2[N:15]1[H:27],33,unassigned_atom_type,0;17,"Atoms 0, 17 could not be assigned a bond charge correction atom type."
spice-pubchem,1072.npz,O=P([O-])(O)C(O)(C[n+]1cccc2cc(Cl)ccc21)P(=O)(O)O,[H][O][C]([C]([H])([H])[n+]1[c]([H])[c]([H])[c]([H])[c]2[c]([H])[c]([Cl])[c]([H])[c]([H])[c]21)([P](=[O])([O-])[O][H])[P](=[O])([O][H])[O][H],[O:1]=[P:21]([O-:3])([O:6][H:24])[C:20]([O:5][H:23])([C:19]([n+:18]1[c:15]([H:32])[c:10]([H:28])[c:12]([H:29])[c:16]2[c:13]([H:30])[c:11]([Cl:4])[c:9]([H:27])[c:14]([H:31])[c:17]21)([H:33])[H:34])[P:22](=[O:2])([O:7][H:25])[O:8][H:26],34,unassigned_atom_type,0;1;2;20;21,"Atoms 0, 1, 2, 20, 21 could not be assigned a bond charge correction atom type."
spice-pubchem,10729.npz,O=P(O)(O)C(C[n+]1ccc(-c2cccc3c2oc2ccccc23)cc1)P(=O)(O)O,[H][O][P](=[O])([O][H])[C]([H])([C]([H])([H])[n+]1[c]([H])[c]([H])[c](-[c]2[c]([H])[c]([H])[c]([H])[c]3[c]2[O][c]2[c]([H])[c]([H])[c]([H])[c]([H])[c]2-3)[c]([H])[c]1[H])[P](=[O])([O][H])[O][H],[O:1]=[P:28]([O:4][H:30])([O:5][H:31])[C:27]([C:26]([n+:25]1[c:23]([H:43])[c:15]([H:41])[c:19](-[c:20]2[c:12]([H:38])[c:10]([H:36])[c:14]([H:40])[c:22]3[c:18]2[O:3][c:17]2[c:11]([H:37])[c:8]([H:34])[c:9]([H:35])[c:13]([H:39])[c:21]2-3)[c:16]([H:42])[c:24]1[H:44])([H:45])[H:46])([P:29](=[O:2])([O:6][H:32])[O:7][H:33])[H:47],47,unassigned_atom_type,0;1;27;28,"Atoms 0, 1, 27, 28 could not be assigned a bond charge correction atom type."
spice-pubchem,10769.npz,C1COP(OCCOP2OCCO2)O1,[H][C]1([H])[O][P]([O][C]([H])([H])[C]([H])([H])[O][P]2[O][C]([H])([H])[C]([H])([H])[O]2)[O][C]1([H])[H],[O:1]1[P:7]([O:3][C:11]([C:12]([O:4][P:8]2[O:5][C:13]([H:23])([H:24])[C:14]([H:25])([H:26])[O:6]2)([H:21])[H:22])([H:19])[H:20])[O:2][C:10]([H:17])([H:18])[C:9]1([H:15])[H:16],26,unassigned_atom_type,6;7,"Atoms 6, 7 could not be assigned a bond charge correction atom type."
spice-pubchem,10776.npz,O=P1([O-])Oc2ccc3ccccc3c2-c2c(ccc3ccccc23)O1,[H][c]1[c]([H])[c]([H])[c]2[c]3[c]([c]([H])[c]([H])[c]2[c]1[H])[O][P](=[O])([O-])[O][c]1[c]([H])[c]([H])[c]2[c]([H])[c]([H])[c]([H])[c]([H])[c]2[c]1-3,[O:1]=[P:25]1([O-:2])[O:3][c:11]2[c:7]([H:28])[c:15]([H:34])[c:21]3[c:13]([H:32])[c:5]([H:26])[c:9]([H:30])[c:17]([H:36])[c:23]3[c:19]2-[c:20]2[c:12]([c:8]([H:29])[c:16]([H:35])[c:22]3[c:14]([H:33])[c:6]([H:27])[c:10]([H:31])[c:18]([H:37])[c:24]23)[O:4]1,37,unassigned_atom_type,0;1;24,"Atoms 0, 1, 24 could not be assigned a bond charge correction atom type."
spice-pubchem,10853.npz,CC(C)c1cc(-c2nnc(O)n2-c2ccc3c(ccn3C)c2)c(O)cc1OP(=O)([O-])[O-],[H][O][C]1=[N][N]=[C]([c]2[c]([H])[c]([C]([H])([C]([H])([H])[H])[C]([H])([H])[H])[c]([O][P](=[O])([O-])[O-])[c]([H])[c]2[O][H])[N]1[c]1[c]([H])[c]([H])[c]2[c]([c]1[H])[C]([H])=[C]([H])[N]2[C]([H])([H])[H],[O:1]=[P:31]([O-:2])([O-:3])[O:8][c:19]1[c:13]([H:36])[c:18]([O:7][H:33])[c:20]([C:10]2=[N:5][N:4]=[C:9]([O:6][H:32])[N:25]2[c:22]2[c:14]([H:37])[c:16]([H:39])[c:23]3[c:21]([c:15]2[H:38])[C:11]([H:34])=[C:12]([H:35])[N:26]3[C:27]([H:41])([H:42])[H:43])[c:17]([H:40])[c:24]1[C:30]([C:28]([H:44])([H:45])[H:46])([C:29]([H:47])([H:48])[H:49])[H:50],50,unassigned_atom_type,0;1;2;30,"Atoms 0, 1, 2, 30 could not be assigned a bond charge correction atom type."
spice-pubchem,1087.npz,N=C(COP(=O)(O)O)NO,[H][N]=[C]([N]([H])[O][H])[C]([H])([H])[O][P](=[O])([O][H])[O][H],[O:1]=[P:10]([O:4][H:13])([O:5][H:14])[O:6][C:9]([C:7](=[N:2][H:11])[N:8]([O:3][H:12])[H:15])([H:16])[H:17],17,unassigned_atom_type,0;9,"Atoms 0, 9 could not be assigned a bond charge correction atom type."
spice-pubchem,11097.npz,CO[P@](=O)(c1cc(C)cc(/C=C/C#N)c1)c1c(C(N)=O)[nH]c2ccc(Cl)cc12,[H]/[C]([C]#[N])=[C](/[H])[c]1[c]([H])[c]([C]([H])([H])[H])[c]([H])[c]([P@@](=[O])([O][C]([H])([H])[H])[C]2=[C]([C](=[O])[N]([H])[H])[N]([H])[c]3[c]([H])[c]([H])[c]([Cl])[c]([H])[c]32)[c]1[H],[N:1]#[C:5]/[C:10](=[C:11](/[c:20]1[c:15]([H:34])[c:22]([C:27]([H:43])([H:44])[H:45])[c:17]([H:36])[c:23]([P@@:28](=[O:3])([O:6][C:26]([H:40])([H:41])[H:42])[C:9]2=[C:8]([C:7](=[O:2])[N:24]([H:37])[H:38])[N:25]([H:39])[c:21]3[c:14]([H:33])[c:12]([H:31])[c:18]([Cl:4])[c:13]([H:32])[c:19]32)[c:16]1[H:35])[H:30])[H:29],45,unassigned_atom_type,2;27,"Atoms 2, 27 could not be assigned a bond charge correction atom type."
spice-pubchem,11118.npz,COC(=O)CCN(CCN1C=NC2C(=O)N=CN=C21)CCP(=O)(O)O,[H][O][P](=[O])([O][H])[C]([H])([H])[C]([H])([H])[N]([C]([H])([H])[C]([H])([H])[C](=[O])[O][C]([H])([H])[H])[C]([H])([H])[C]([H])([H])[N]1[C]([H])=[N][C]2([H])[C](=[O])[N]=[C]([H])[N]=[C]12,[O:1]=[C:10]1[N:4]=[C:12]([H:28])[N:6]=[C:14]2[N:15]([C:21]([C:22]([N:16]([C:20]([C:19]([C:11](=[O:2])[O:7][C:17]([H:30])([H:31])[H:32])([H:34])[H:35])([H:36])[H:37])[C:23]([C:24]([P:25](=[O:3])([O:8][H:26])[O:9][H:27])([H:44])[H:45])([H:42])[H:43])([H:40])[H:41])([H:38])[H:39])[C:13]([H:29])=[N:5][C:18]12[H:33],45,unassigned_atom_type,2;24,"Atoms 2, 24 could not be assigned a bond charge correction atom type."
spice-pubchem,11131.npz,N[C@H](CCP(=O)(O)C(O)c1ccc(/C=C/C(=O)O)cc1)C(=O)O,[H][O][C](=[O])/[C]([H])=[C](\[H])[c]1[c]([H])[c]([H])[c]([C]([H])([O][H])[P](=[O])([O][H])[C]([H])([H])[C]([H])([H])[C@]([H])([C](=[O])[O][H])[N]([H])[H])[c]([H])[c]1[H],[O:1]=[C:8]([O:4][H:24])/[C:10](=[C:11](/[c:16]1[c:12]([H:30])[c:14]([H:32])[c:17]([C:20]([O:6][H:26])([P:23](=[O:3])([O:7][H:27])[C:21]([C:19]([C@:22]([C:9](=[O:2])[O:5][H:25])([N:18]([H:34])[H:35])[H:41])([H:36])[H:37])([H:39])[H:40])[H:38])[c:15]([H:33])[c:13]1[H:31])[H:29])[H:28],41,unassigned_atom_type,2;22,"Atoms 2, 22 could not be assigned a bond charge correction atom type."
spice-pubchem,1119.npz,CC(=O)N[C@H](C(=O)N1CC=C[C@H]1C(N)=O)[C@@H](C)OP(=O)(O)O,[H][O][P](=[O])([O][H])[O][C@]([H])([C]([H])([H])[H])[C@@]([H])([C](=[O])[N]1[C]([H])([H])[C]([H])=[C]([H])[C@@]1([H])[C](=[O])[N]([H])[H])[N]([H])[C](=[O])[C]([H])([H])[H],[O:1]=[C:8]([N:15]([C@:20]([C:10](=[O:3])[N:14]1[C:17]([H:33])([H:34])[C:11]([H:25])=[C:12]([H:26])[C@:19]1([C:9](=[O:2])[N:13]([H:27])[H:28])[H:38])([C@:21]([O:7][P:22](=[O:4])([O:5][H:23])[O:6][H:24])([C:18]([H:35])([H:36])[H:37])[H:40])[H:39])[H:29])[C:16]([H:30])([H:31])[H:32],40,unassigned_atom_type,3;21,"Atoms 3, 21 could not be assigned a bond charge correction atom type."
spice-pubchem,11297.npz,O=C1CC2C(=O)N3[C@H](COP(=O)(O)O)C(O)C(O)[C@@H]3CN2C(=O)N1,[H][O][C]1([H])[C]([H])([O][H])[C@@]([H])([C]([H])([H])[O][P](=[O])([O][H])[O][H])[N]2[C](=[O])[C]3([H])[N]([C](=[O])[N]([H])[C](=[O])[C]3([H])[H])[C]([H])([H])[C@]21[H],[O:1]=[C:10]1[N:13]([H:29])[C:11](=[O:2])[C:16]([H:30])([H:31])[C:17]2([H:32])[C:12](=[O:3])[N:15]3[C@@:22]([H:39])([C:18]([H:33])([H:34])[N:14]12)[C:19]([O:5][H:25])([H:35])[C:21]([O:6][H:26])([H:38])[C@:23]3([C:20]([O:9][P:24](=[O:4])([O:7][H:27])[O:8][H:28])([H:36])[H:37])[H:40],40,unassigned_atom_type,3;23,"Atoms 3, 23 could not be assigned a bond charge correction atom type."
spice-pubchem,11299.npz,O=C(O)c1ccncc1[C@@H]1[NH2+][C@H](COP(=O)(O)O)C(O)C1O,[H][O][C](=[O])[c]1[c]([H])[c]([H])[n][c]([H])[c]1[C@@]1([H])[C]([H])([O][H])[C]([H])([O][H])[C@@]([H])([C]([H])([H])[O][P](=[O])([O][H])[O][H])[N+]1([H])[H],[O:1]=[C:10]([O:4][H:23])[c:14]1[c:13]([H:30])[c:11]([H:28])[n:3][c:12]([H:29])[c:15]1[C@@:19]1([H:35])[C:16]([O:5][H:24])([H:31])[C:18]([O:6][H:25])([H:34])[C@:20]([C:17]([O:9][P:22](=[O:2])([O:7][H:26])[O:8][H:27])([H:32])[H:33])([H:36])[N+:21]1([H:37])[H:38],38,unassigned_atom_type,1;21,"Atoms 1, 21 could not be assigned a bond charge correction atom type."
spice-pubchem,1135.npz,CCOP(=O)(c1ccc(C)cc1)N1Cc2ccccc2C[C@@H]1C(=O)NO,[H][O][N]([H])[C](=[O])[C@]1([H])[N]([P](=[O])([O][C]([H])([H])[C]([H])([H])[H])[c]2[c]([H])[c]([H])[c]([C]([H])([H])[H])[c]([H])[c]2[H])[C]([H])([H])[c]2[c]([H])[c]([H])[c]([H])[c]([H])[c]2[C]1([H])[H],[O:1]=[C:5]([N:18]([O:3][H:27])[H:36])[C@:25]1([H:49])[N:19]([P:26](=[O:2])([O:4][C:23]([C:22]([H:42])([H:43])[H:44])([H:45])[H:46])[c:17]2[c:12]([H:34])[c:8]([H:30])[c:14]([C:20]([H:37])([H:38])[H:39])[c:9]([H:31])[c:13]2[H:35])[C:21]([H:40])([H:41])[c:15]2[c:10]([H:32])[c:6]([H:28])[c:7]([H:29])[c:11]([H:33])[c:16]2[C:24]1([H:47])[H:48],49,unassigned_atom_type,1;25,"Atoms 1, 25 could not be assigned a bond charge correction atom type."
spice-pubchem,11389.npz,COC(=O)c1cc([C@H](Nc2nc3cc(F)ccc3s2)P(=O)(OC)OC)ccc1O,[H][O][c]1[c]([H])[c]([H])[c]([C@]([H])([N]([H])[C]2=[N][c]3[c]([H])[c]([F])[c]([H])[c]([H])[c]3[S]2)[P](=[O])([O][C]([H])([H])[H])[O][C]([H])([H])[H])[c]([H])[c]1[C](=[O])[O][C]([H])([H])[H],[O:1]=[C:10]([O:6][C:25]([H:38])([H:39])[H:40])[c:22]1[c:17]([H:36])[c:23]([C@:28]([N:24]([C:11]2=[N:4][c:19]3[c:13]([H:32])[c:18]([F:3])[c:12]([H:31])[c:15]([H:34])[c:21]3[S:9]2)[H:37])([P:29](=[O:2])([O:7][C:26]([H:41])([H:42])[H:43])[O:8][C:27]([H:44])([H:45])[H:46])[H:47])[c:16]([H:35])[c:14]([H:33])[c:20]1[O:5][H:30],47,unassigned_atom_type,1;28,"Atoms 1, 28 could not be assigned a bond charge correction atom type."
spice-pubchem,11518.npz,CC(C)OP1(=O)OC[C@H]2O[C@@H](c3cnn4c(N)ncnc34)[C@](C)(N)[C@@H]2O1,[H][C]1=[N][C]2=[C]([C@]3([H])[O][C@]4([H])[C]([H])([H])[O][P](=[O])([O][C]([H])([C]([H])([H])[H])[C]([H])([H])[H])[O][C@@]4([H])[C@]3([N]([H])[H])[C]([H])([H])[H])[C]([H])=[N][N]2[C]([N]([H])[H])=[N]1,[O:1]=[P:26]1([O:6][C:19]([C:17]([H:33])([H:34])[H:35])([C:18]([H:36])([H:37])[H:38])[H:39])[O:7][C:21]([H:43])([H:44])[C@@:25]2([H:47])[O:5][C@:22]([C:13]3=[C:12]4[N:2]=[C:9]([H:27])[N:4]=[C:11]([N:14]([H:29])[H:30])[N:15]4[N:3]=[C:10]3[H:28])([H:45])[C@@:23]([N:16]([H:31])[H:32])([C:20]([H:40])([H:41])[H:42])[C@:24]2([H:46])[O:8]1,47,unassigned_atom_type,0;25,"Atoms 0, 25 could not be assigned a bond charge correction atom type."
spice-pubchem,11587.npz,NC1=NC(=O)C2N=C(Sc3ccc(Cl)cc3)N([C@@H]3O[C@@H]4COP(=O)(O)O[C@H]4[C@H]3O)C2=N1,[H][O][C@]1([H])[C@]2([H])[O][P](=[O])([O][H])[O][C]([H])([H])[C@@]2([H])[O][C@@]1([H])[N]1[C]([S][c]2[c]([H])[c]([H])[c]([Cl])[c]([H])[c]2[H])=[N][C]2([H])[C](=[O])[N]=[C]([N]([H])[H])[N]=[C]12,[O:1]=[C:13]1[N:4]=[C:14]([N:23]([H:38])[H:39])[N:6]=[C:16]2[N:24]([C@:29]3([H:45])[O:7][C@:28]4([H:44])[C:26]([H:41])([H:42])[O:10][P:31](=[O:2])([O:9][H:33])[O:11][C@@:27]4([H:43])[C@:30]3([O:8][H:32])[H:46])[C:15]([S:12][c:22]3[c:19]([H:36])[c:17]([H:34])[c:21]([Cl:3])[c:18]([H:35])[c:20]3[H:37])=[N:5][C:25]12[H:40],46,unassigned_atom_type,1;30,"Atoms 1, 30 could not be assigned a bond charge correction atom type."
spice-pubchem,11626.npz,OC[P+](CO)(CO)CO,[H][O][C]([H])([H])[P+]([C]([H])([H])[O][H])([C]([H])([H])[O][H])[C]([H])([H])[O][H],[O:1]([C:5]([P+:9]([C:6]([O:2][H:11])([H:16])[H:17])([C:7]([O:3][H:12])([H:18])[H:19])[C:8]([O:4][H:13])([H:20])[H:21])([H:14])[H:15])[H:10],21,unassigned_atom_type,8,Atoms 8 could not be assigned a bond charge correction atom type.
spice-pubchem,11675.npz,O=C1[C@@H](P(=O)(O)O)C[C@H](O)N1O,[H][O][N]1[C](=[O])[C@@]([H])([P](=[O])([O][H])[O][H])[C]([H])([H])[C@]1([H])[O][H],[O:1]=[C:7]1[N:8]([O:3][H:13])[C@:10]([O:4][H:14])([H:19])[C:9]([H:17])([H:18])[C@@:11]1([P:12](=[O:2])([O:5][H:15])[O:6][H:16])[H:20],20,unassigned_atom_type,1;11,"Atoms 1, 11 could not be assigned a bond charge correction atom type."
spice-pubchem,11793.npz,O=P(O)(O)C(F)(F)c1cccc(C(F)(F)P(=O)(O)O)n1,[H][O][P](=[O])([O][H])[C]([F])([F])[c]1[n][c]([C]([F])([F])[P](=[O])([O][H])[O][H])[c]([H])[c]([H])[c]1[H],[O:1]=[P:19]([O:8][H:21])([O:9][H:22])[C:17]([F:3])([F:4])[c:12]1[n:7][c:13]([C:18]([F:5])([F:6])[P:20](=[O:2])([O:10][H:23])[O:11][H:24])[c:15]([H:26])[c:16]([H:27])[c:14]1[H:25],27,unassigned_atom_type,0;1;18;19,"Atoms 0, 1, 18, 19 could not be assigned a bond charge correction atom type."
spice-pubchem,1181.npz,Cc1cccc2c1NP(=O)(COCCn1cnc3c(N)ncnc31)OC2,[H][C]1=[N][c]2[c]([N]([H])[H])[n][c]([H])[n][c]2[N]1[C]([H])([H])[C]([H])([H])[O][C]([H])([H])[P]1(=[O])[O][C]([H])([H])[c]2[c]([H])[c]([H])[c]([H])[c]([C]([H])([H])[H])[c]2[N]1[H],[O:1]=[P:26]1([C:25]([O:5][C:23]([C:24]([N:19]2[C:7]([H:27])=[N:2][c:14]3[c:9]([N:18]([H:32])[H:33])[n:3][c:8]([H:28])[n:4][c:10]32)([H:42])[H:43])([H:40])[H:41])([H:44])[H:45])[O:6][C:22]([H:38])([H:39])[c:17]2[c:13]([H:31])[c:11]([H:29])[c:12]([H:30])[c:16]([C:21]([H:35])([H:36])[H:37])[c:15]2[N:20]1[H:34],45,unassigned_atom_type,0;25,"Atoms 0, 25 could not be assigned a bond charge correction atom type."
spice-pubchem,11820.npz,CCOP(=O)(CO[C@@H]1C=C[C@H](n2cc(C#N)c3c(Cl)nc(C)nc32)O1)OCC,[H][C]1=[C]([C]#[N])[c]2[c]([Cl])[n][c]([C]([H])([H])[H])[n][c]2[N]1[C@]1([H])[O][C@]([H])([O][C]([H])([H])[P](=[O])([O][C]([H])([H])[C]([H])([H])[H])[O][C]([H])([H])[C]([H])([H])[H])[C]([H])=[C]1[H],[N:1]#[C:4][C:11]1=[C:12]([H:29])[N:19]([C@:27]2([H:48])[O:8][C@@:26]([O:7][C:25]([P:28](=[O:2])([O:9][C:23]([C:21]([H:35])([H:36])[H:37])([H:41])[H:42])[O:10][C:24]([C:22]([H:38])([H:39])[H:40])([H:43])[H:44])([H:45])[H:46])([H:47])[C:13]([H:30])=[C:14]2[H:31])[c:17]2[n:6][c:15]([C:20]([H:32])([H:33])[H:34])[n:5][c:16]([Cl:3])[c:18]21,48,unassigned_atom_type,1;27,"Atoms 1, 27 could not be assigned a bond charge correction atom type."
spice-pubchem,11821.npz,Cc1nc(N)c2c(C(N)=O)cn(C[C@@H](CO)OCP(=O)(O)O)c2n1,[H][O][C]([H])([H])[C@@]([H])([O][C]([H])([H])[P](=[O])([O][H])[O][H])[C]([H])([H])[N]1[C]([H])=[C]([C](=[O])[N]([H])[H])[c]2[c]([N]([H])[H])[n][c]([C]([H])([H])[H])[n][c]21,[O:1]=[C:9]([C:10]1=[C:11]([H:28])[N:18]([C:21]([C@:23]([O:6][C:22]([P:24](=[O:2])([O:7][H:26])[O:8][H:27])([H:40])[H:41])([C:20]([O:5][H:25])([H:36])[H:37])[H:42])([H:38])[H:39])[c:14]2[n:4][c:12]([C:19]([H:33])([H:34])[H:35])[n:3][c:13]([N:17]([H:31])[H:32])[c:15]21)[N:16]([H:29])[H:30],42,unassigned_atom_type,1;23,"Atoms 1, 23 could not be assigned a bond charge correction atom type."
spice-pubchem,11824.npz,C[C@H](NC(=O)c1cc2cc(OP(=O)(O)O)ccc2[nH]1)c1nc(Cc2ccc(Cl)c(Cl)c2)no1,[H][O][P](=[O])([O][H])[O][c]1[c]([H])[c]([H])[c]2[c]([c]1[H])[C]([H])=[C]([C](=[O])[N]([H])[C@]([H])([C]1=[N][C]([C]([H])([H])[c]3[c]([H])[c]([H])[c]([Cl])[c]([Cl])[c]3[H])=[N][O]1)[C]([H])([H])[H])[N]2[H],[O:1]=[C:11]([C:15]1=[C:14]([H:36])[c:25]2[c:18]([H:39])[c:24]([O:10][P:33](=[O:2])([O:8][H:34])[O:9][H:35])[c:17]([H:38])[c:19]([H:40])[c:26]2[N:28]1[H:43])[N:29]([C@:32]([C:13]1=[N:6][C:12]([C:30]([c:27]2[c:20]([H:41])[c:16]([H:37])[c:22]([Cl:3])[c:23]([Cl:4])[c:21]2[H:42])([H:45])[H:46])=[N:5][O:7]1)([C:31]([H:47])([H:48])[H:49])[H:50])[H:44],50,unassigned_atom_type,1;32,"Atoms 1, 32 could not be assigned a bond charge correction atom type."
spice-pubchem,11896.npz,Nc1ccn(CC2COP(=O)(O)CO2)c(=O)n1,[H][O][P]1(=[O])[O][C]([H])([H])[C]([H])([C]([H])([H])[N]2[C](=[O])[N]=[C]([N]([H])[H])[C]([H])=[C]2[H])[O][C]1([H])[H],[O:1]=[C:7]1[N:3]=[C:8]([N:11]([H:21])[H:22])[C:9]([H:19])=[C:10]([H:20])[N:12]1[C:14]([C:15]1([H:27])[O:4][C:16]([H:28])([H:29])[P:17](=[O:2])([O:5][H:18])[O:6][C:13]1([H:23])[H:24])([H:25])[H:26],29,unassigned_atom_type,1;16,"Atoms 1, 16 could not be assigned a bond charge correction atom type."
spice-pubchem,11988.npz,CCCC[P+](C)(CCCC)CCCC,[H][C]([H])([H])[C]([H])([H])[C]([H])([H])[C]([H])([H])[P+]([C]([H])([H])[H])([C]([H])([H])[C]([H])([H])[C]([H])([H])[C]([H])([H])[H])[C]([H])([H])[C]([H])([H])[C]([H])([H])[C]([H])([H])[H],[C:1]([C:4]([C:7]([C:11]([P+:14]([C:10]([H:36])([H:37])[H:38])([C:12]([C:8]([C:5]([C:2]([H:18])([H:19])[H:20])([H:26])[H:27])([H:32])[H:33])([H:41])[H:42])[C:13]([C:9]([C:6]([C:3]([H:21])([H:22])[H:23])([H:28])[H:29])([H:34])[H:35])([H:43])[H:44])([H:39])[H:40])([H:30])[H:31])([H:24])[H:25])([H:15])([H:16])[H:17],44,unassigned_atom_type,13,Atoms 13 could not be assigned a bond charge correction atom type.
spice-pubchem,11990.npz,O=P(O)(C(F)(F)C(F)(F)C(F)(F)C(F)(F)F)C(F)(F)C(F)(F)C(F)(F)C(F)(F)F,[H][O][P](=[O])([C]([F])([F])[C]([F])([F])[C]([F])([F])[C]([F])([F])[F])[C]([F])([F])[C]([F])([F])[C]([F])([F])[C]([F])([F])[F],[O:1]=[P:29]([O:20][H:30])([C:27]([F:16])([F:17])[C:25]([F:12])([F:13])[C:23]([F:8])([F:9])[C:21]([F:2])([F:3])[F:4])[C:28]([F:18])([F:19])[C:26]([F:14])([F:15])[C:24]([F:10])([F:11])[C:22]([F:5])([F:6])[F:7],30,unassigned_atom_type,0;28,"Atoms 0, 28 could not be assigned a bond charge correction atom type."
spice-pubchem,11997.npz,C=C(C)CN1C(=O)C(C)SC1=NN=C1SC(OP(=O)(O)OC)C(=O)N1C,[H][O][P](=[O])([O][C]([H])([H])[H])[O][C]1([H])[S][C](=[N][N]=[C]2[S][C]([H])([C]([H])([H])[H])[C](=[O])[N]2[C]([H])([H])[C](=[C]([H])[H])[C]([H])([H])[H])[N]([C]([H])([H])[H])[C]1=[O],[O:1]=[C:11]1[N:17]([C:22]([H:37])([H:38])[H:39])[C:13](=[N:4][N:5]=[C:14]2[S:10][C:25]([C:24]([H:42])([H:43])[H:44])([H:45])[C:12](=[O:2])[N:18]2[C:23]([C:16](=[C:15]([H:28])[H:29])[C:20]([H:33])([H:34])[H:35])([H:40])[H:41])[S:9][C:21]1([O:8][P:26](=[O:3])([O:6][H:27])[O:7][C:19]([H:30])([H:31])[H:32])[H:36],45,unassigned_atom_type,2;25,"Atoms 2, 25 could not be assigned a bond charge correction atom type."
spice-pubchem,12145.npz,N#CCc1cc2cc(C(F)(F)P(=O)(O)O)c(Br)cc2s1,[H][O][P](=[O])([O][H])[C]([F])([F])[c]1[c]([H])[c]2[c]([c]([H])[c]1[Br])[S][C]([C]([H])([H])[C]#[N])=[C]2[H],[N:1]#[C:6][C:18]([C:11]1=[C:10]([H:23])[c:16]2[c:13]([H:25])[c:17]([C:19]([F:3])([F:4])[P:20](=[O:2])([O:7][H:21])[O:8][H:22])[c:14]([Br:5])[c:12]([H:24])[c:15]2[S:9]1)([H:26])[H:27],27,unassigned_atom_type,1;19,"Atoms 1, 19 could not be assigned a bond charge correction atom type."
spice-pubchem,1224.npz,CCc1c(C)c2c(c(O)c1/C=C/C(C)CP(=O)(O)O)C(=O)OC2,[H][O][c]1[c]2[c]([c]([C]([H])([H])[H])[c]([C]([H])([H])[C]([H])([H])[H])[c]1/[C]([H])=[C](\[H])[C]([H])([C]([H])([H])[H])[C]([H])([H])[P](=[O])([O][H])[O][H])[C]([H])([H])[O][C]2=[O],[O:1]=[C:7]1[O:4][C:17]([H:32])([H:33])[c:14]2[c:11]1[c:10]([O:3][H:24])[c:12](/[C:8](=[C:9](/[C:21]([C:19]([H:37])([H:38])[H:39])([C:22]([P:23](=[O:2])([O:5][H:25])[O:6][H:26])([H:43])[H:44])[H:42])[H:28])[H:27])[c:15]([C:20]([C:18]([H:34])([H:35])[H:36])([H:40])[H:41])[c:13]2[C:16]([H:29])([H:30])[H:31],44,unassigned_atom_type,1;22,"Atoms 1, 22 could not be assigned a bond charge correction atom type."
spice-pubchem,12399.npz,NC1=NC(=O)C2N=NN([C@@H]3O[C@H](COP(=O)([O-])OP(=O)([O-])OP(=O)([O-])O)[C@@H](CO)[C@H]3O)C2=N1,[H][O][C]([H])([H])[C@@]1([H])[C@@]([H])([O][H])[C@]([H])([N]2[N]=[N][C]3([H])[C](=[O])[N]=[C]([N]([H])[H])[N]=[C]23)[O][C@]1([H])[C]([H])([H])[O][P](=[O])([O-])[O][P](=[O])([O-])[O][P](=[O])([O-])[O][H],[O:1]=[C:19]1[N:10]=[C:20]([N:22]([H:37])[H:38])[N:11]=[C:21]2[N:23]([C@:29]3([H:46])[O:13][C@@:27]([C:25]([O:16][P:32](=[O:3])([O-:6])[O:18][P:33](=[O:4])([O-:7])[O:17][P:31](=[O:2])([O-:5])[O:15][H:36])([H:40])[H:41])([H:44])[C@:28]([C:26]([O:12][H:34])([H:42])[H:43])([H:45])[C@:30]3([O:14][H:35])[H:47])[N:8]=[N:9][C:24]12[H:39],47,unassigned_atom_type,1;2;3;4;5;6;16;17;30;31;32,"Atoms 1, 2, 3, 4, 5, 6, 16, 17, 30, 31, 32 could not be assigned a bond charge correction atom type."
spice-pubchem,12531.npz,O=P(O)(O)[C@H](O)c1ccc(-c2cccc(Cc3cc(Cl)c(Cl)cc3Cl)c2F)cc1,[H][O][C@]([H])([c]1[c]([H])[c]([H])[c](-[c]2[c]([H])[c]([H])[c]([H])[c]([C]([H])([H])[c]3[c]([H])[c]([Cl])[c]([Cl])[c]([H])[c]3[Cl])[c]2[F])[c]([H])[c]1[H])[P](=[O])([O][H])[O][H],[O:1]=[P:29]([O:7][H:31])([O:8][H:32])[C@:28]([O:6][H:30])([c:26]1[c:16]([H:40])[c:11]([H:35])[c:22](-[c:23]2[c:13]([H:37])[c:9]([H:33])[c:14]([H:38])[c:24]([C:27]([c:25]3[c:15]([H:39])[c:20]([Cl:4])[c:19]([Cl:3])[c:10]([H:34])[c:21]3[Cl:5])([H:42])[H:43])[c:18]2[F:2])[c:12]([H:36])[c:17]1[H:41])[H:44],44,unassigned_atom_type,0;28,"Atoms 0, 28 could not be assigned a bond charge correction atom type."
spice-pubchem,12578.npz,Nc1nc(=O)c2c([nH]1)N[C@@H]1O[C@H](COP(=O)(O)O)C(S)=C(S)[C@@H]1N2,[H][O][P](=[O])([O][H])[O][C]([H])([H])[C@@]1([H])[O][C@@]2([H])[N]([H])[C]3=[C]([C](=[O])[N]=[C]([N]([H])[H])[N]3[H])[N]([H])[C@@]2([H])[C]([S][H])=[C]1[S][H],[O:1]=[C:10]1[N:3]=[C:11]([N:16]([H:29])[H:30])[N:17]([H:31])[C:12]2=[C:13]1[N:19]([H:33])[C@@:23]1([H:38])[C:15]([S:9][H:28])=[C:14]([S:8][H:27])[C@:21]([C:20]([O:7][P:24](=[O:2])([O:5][H:25])[O:6][H:26])([H:34])[H:35])([H:36])[O:4][C@@:22]1([H:37])[N:18]2[H:32],38,unassigned_atom_type,1;23,"Atoms 1, 23 could not be assigned a bond charge correction atom type."
spice-pubchem,12743.npz,Cc1cc(C2CCCCC2)n(OCOP(=O)(O)O)c(=O)c1,[H][O][P](=[O])([O][H])[O][C]([H])([H])[O][N]1[C](=[O])[C]([H])=[C]([C]([H])([H])[H])[C]([H])=[C]1[C]1([H])[C]([H])([H])[C]([H])([H])[C]([H])([H])[C]([H])([H])[C]1([H])[H],[O:1]=[C:7]1[C:8]([H:24])=[C:10]([C:14]([H:28])([H:29])[H:30])[C:9]([H:25])=[C:11]([C:20]2([H:41])[C:18]([H:37])([H:38])[C:16]([H:33])([H:34])[C:15]([H:31])([H:32])[C:17]([H:35])([H:36])[C:19]2([H:39])[H:40])[N:12]1[O:3][C:13]([O:6][P:21](=[O:2])([O:4][H:22])[O:5][H:23])([H:26])[H:27],41,unassigned_atom_type,1;20,"Atoms 1, 20 could not be assigned a bond charge correction atom type."
spice-pubchem,1281.npz,CCOP(=O)(Nc1ccc2c(c1)/C(=N\NC(N)=S)c1ccccc1-2)OCC,[H][c]1[c]([H])[c]([H])[c]2[c]([c]1[H])/[C](=[N]/[N]([H])[C](=[S])[N]([H])[H])[c]1[c]([H])[c]([N]([H])[P](=[O])([O][C]([H])([H])[C]([H])([H])[H])[O][C]([H])([H])[C]([H])([H])[H])[c]([H])[c]([H])[c]1-2,[O:1]=[P:27]([O:4][C:25]([C:23]([H:39])([H:40])[H:41])([H:45])[H:46])([O:5][C:26]([C:24]([H:42])([H:43])[H:44])([H:47])[H:48])[N:22]([c:19]1[c:13]([H:33])[c:12]([H:32])[c:18]2[c:16]([c:14]1[H:34])/[C:7](=[N:3]\[N:21]([C:6](=[S:2])[N:20]([H:35])[H:36])[H:37])[c:15]1[c:10]([H:30])[c:8]([H:28])[c:9]([H:29])[c:11]([H:31])[c:17]1-2)[H:38],48,unassigned_atom_type,0;26,"Atoms 0, 26 could not be assigned a bond charge correction atom type."
spice-pubchem,12945.npz,COCc1ccc(-c2ccc(S(=O)(=O)NC(C(C)C)P(=O)(O)O)cc2)s1,[H][O][P](=[O])([O][H])[C]([H])([N]([H])[S](=[O])(=[O])[c]1[c]([H])[c]([H])[c]([C]2=[C]([H])[C]([H])=[C]([C]([H])([H])[O][C]([H])([H])[H])[S]2)[c]([H])[c]1[H])[C]([H])([C]([H])([H])[H])[C]([H])([H])[H],[O:1]=[P:25]([O:5][H:27])([O:6][H:28])[C:24]([N:18]([S:26](=[O:2])(=[O:3])[c:17]1[c:14]([H:33])[c:12]([H:31])[c:16]([C:10]2=[C:8]([H:29])[C:9]([H:30])=[C:11]([C:20]([O:4][C:19]([H:36])([H:37])[H:38])([H:39])[H:40])[S:7]2)[c:13]([H:32])[c:15]1[H:34])[H:35])([C:23]([C:21]([H:41])([H:42])[H:43])([C:22]([H:44])([H:45])[H:46])[H:47])[H:48],48,unassigned_atom_type,0;24,"Atoms 0, 24 could not be assigned a bond charge correction atom type."
spice-pubchem,13036.npz,COC(=O)CNP(=O)(CC/C=C(\C)CO)Oc1ccc2ccccc2c1,[H][O][C]([H])([H])/[C](=[C](\[H])[C]([H])([H])[C]([H])([H])[P](=[O])([O][c]1[c]([H])[c]([H])[c]2[c]([H])[c]([H])[c]([H])[c]([H])[c]2[c]1[H])[N]([H])[C]([H])([H])[C](=[O])[O][C]([H])([H])[H])[C]([H])([H])[H],[O:1]=[C:6]([O:3][C:20]([H:37])([H:38])[H:39])[C:23]([N:19]([P:26](=[O:2])([O:5][c:12]1[c:10]([H:30])[c:14]([H:33])[c:17]2[c:13]([H:32])[c:9]([H:29])[c:11]([H:31])[c:15]([H:34])[c:18]2[c:16]1[H:35])[C:25]([C:24](/[C:8](=[C:7](\[C:21]([H:40])([H:41])[H:42])[C:22]([O:4][H:27])([H:43])[H:44])[H:28])([H:47])[H:48])([H:49])[H:50])[H:36])([H:45])[H:46],50,unassigned_atom_type,1;25,"Atoms 1, 25 could not be assigned a bond charge correction atom type."
spice-pubchem,13103.npz,O=P(O)(O)CO[C@H]1CNC[C@H]1n1cnc2c(O)ncnc21,[H][O][c]1[n][c]([H])[n][c]2[c]1[N]=[C]([H])[N]2[C@]1([H])[C]([H])([H])[N]([H])[C]([H])([H])[C@]1([H])[O][C]([H])([H])[P](=[O])([O][H])[O][H],[O:1]=[P:21]([O:7][H:23])([O:8][H:24])[C:18]([O:6][C@@:19]1([H:34])[C:16]([H:28])([H:29])[N:14]([H:27])[C:17]([H:30])([H:31])[C@:20]1([N:15]1[C:9]([H:25])=[N:2][c:13]2[c:11]([O:5][H:22])[n:3][c:10]([H:26])[n:4][c:12]21)[H:35])([H:32])[H:33],35,unassigned_atom_type,0;20,"Atoms 0, 20 could not be assigned a bond charge correction atom type."
spice-pubchem,13144.npz,Nc1nc(S)c2c(ncn2CCOCP(=O)(O)O)n1,[H][O][P](=[O])([O][H])[C]([H])([H])[O][C]([H])([H])[C]([H])([H])[N]1[C]([H])=[N][c]2[n][c]([N]([H])[H])[n][c]([S][H])[c]21,[O:1]=[P:19]([O:6][H:20])([O:7][H:21])[C:18]([O:5][C:16]([C:17]([N:15]1[C:9]([H:23])=[N:2][c:11]2[n:3][c:10]([N:14]([H:24])[H:25])[n:4][c:12]([S:8][H:22])[c:13]21)([H:28])[H:29])([H:26])[H:27])([H:30])[H:31],31,unassigned_atom_type,0;18,"Atoms 0, 18 could not be assigned a bond charge correction atom type."
spice-pubchem,13244.npz,COP(=O)(F)CCCCN=[N+]=[N-],[H][C]([H])([H])[O][P](=[O])([F])[C]([H])([H])[C]([H])([H])[C]([H])([H])[C]([H])([H])[N]=[N+]=[N-],[N-:1]=[N+:5]=[N:4][C:8]([C:9]([C:10]([C:11]([P:12](=[O:2])([F:3])[O:6][C:7]([H:13])([H:14])[H:15])([H:22])[H:23])([H:20])[H:21])([H:18])[H:19])([H:16])[H:17],23,unassigned_atom_type,1;2;11,"Atoms 1, 2, 11 could not be assigned a bond charge correction atom type."
spice-pubchem,13303.npz,C#CCCCOP(=O)(O)OP(=O)(O)O,[H][C]#[C][C]([H])([H])[C]([H])([H])[C]([H])([H])[O][P](=[O])([O][H])[O][P](=[O])([O][H])[O][H],[O:1]=[P:13]([O:5][H:16])([O:6][H:17])[O:9][P:14](=[O:2])([O:7][H:18])[O:8][C:11]([C:12]([C:10]([C:4]#[C:3][H:15])([H:19])[H:20])([H:23])[H:24])([H:21])[H:22],24,unassigned_atom_type,0;1;8;12;13,"Atoms 0, 1, 8, 12, 13 could not be assigned a bond charge correction atom type."
spice-pubchem,13319.npz,CCC1=C(Cl)C(Cl)N(CC)C(OP(=O)(O)O)=C1Cl,[H][O][P](=[O])([O][H])[O][C]1=[C]([Cl])[C]([C]([H])([H])[C]([H])([H])[H])=[C]([Cl])[C]([H])([Cl])[N]1[C]([H])([H])[C]([H])([H])[H],[O:1]=[P:18]([O:5][H:19])([O:6][H:20])[O:7][C:9]1=[C:8]([Cl:2])[C:11]([C:16]([C:14]([H:22])([H:23])[H:24])([H:28])[H:29])=[C:10]([Cl:3])[C:13]([Cl:4])([H:21])[N:12]1[C:17]([C:15]([H:25])([H:26])[H:27])([H:30])[H:31],31,unassigned_atom_type,0;17,"Atoms 0, 17 could not be assigned a bond charge correction atom type."
spice-pubchem,1339.npz,CP(=O)(O)C(C(=O)N/C=C/c1cccc(Cl)c1)c1csc2ccc(Cl)cc12,[H][O][P](=[O])([C]([H])([H])[H])[C]([H])([C](=[O])[N]([H])/[C]([H])=[C](\[H])[c]1[c]([H])[c]([H])[c]([H])[c]([Cl])[c]1[H])[C]1=[C]([H])[S][c]2[c]([H])[c]([H])[c]([Cl])[c]([H])[c]21,[O:1]=[C:7]([N:24](/[C:11](=[C:10](/[c:23]1[c:17]([H:37])[c:12]([H:32])[c:14]([H:34])[c:20]([Cl:4])[c:18]1[H:38])[H:30])[H:31])[H:39])[C:26]([C:9]1=[C:8]([H:29])[S:6][c:21]2[c:15]([H:35])[c:13]([H:33])[c:19]([Cl:3])[c:16]([H:36])[c:22]21)([P:27](=[O:2])([O:5][H:28])[C:25]([H:40])([H:41])[H:42])[H:43],43,unassigned_atom_type,1;26,"Atoms 1, 26 could not be assigned a bond charge correction atom type."
spice-pubchem,13434.npz,CC(C)OC(=O)CCCCP(=O)(c1ccccc1)c1ccccc1,[H][c]1[c]([H])[c]([H])[c]([P](=[O])([c]2[c]([H])[c]([H])[c]([H])[c]([H])[c]2[H])[C]([H])([H])[C]([H])([H])[C]([H])([H])[C]([H])([H])[C](=[O])[O][C]([H])([C]([H])([H])[H])[C]([H])([H])[H])[c]([H])[c]1[H],[O:1]=[C:4]([O:3][C:22]([C:17]([H:35])([H:36])[H:37])([C:18]([H:38])([H:39])[H:40])[H:47])[C:19]([C:20]([C:21]([C:23]([P:24](=[O:2])([c:15]1[c:11]([H:31])[c:7]([H:27])[c:5]([H:25])[c:8]([H:28])[c:12]1[H:32])[c:16]1[c:13]([H:33])[c:9]([H:29])[c:6]([H:26])[c:10]([H:30])[c:14]1[H:34])([H:48])[H:49])([H:45])[H:46])([H:43])[H:44])([H:41])[H:42],49,unassigned_atom_type,1;23,"Atoms 1, 23 could not be assigned a bond charge correction atom type."
spice-pubchem,13464.npz,COC1=CC2=NC(=O)C=C(CP(=O)(O)O)C2C(C)=C1,[H][O][P](=[O])([O][H])[C]([H])([H])[C]1=[C]([H])[C](=[O])[N]=[C]2[C]([H])=[C]([O][C]([H])([H])[H])[C]([H])=[C]([C]([H])([H])[H])[C]21[H],[O:1]=[C:7]1[N:3]=[C:8]2[C:9]([H:22])=[C:12]([O:4][C:15]([H:25])([H:26])[H:27])[C:10]([H:23])=[C:13]([C:16]([H:28])([H:29])[H:30])[C:17]2([H:31])[C:14]([C:18]([P:19](=[O:2])([O:5][H:20])[O:6][H:21])([H:32])[H:33])=[C:11]1[H:24],33,unassigned_atom_type,1;18,"Atoms 1, 18 could not be assigned a bond charge correction atom type."
spice-pubchem,13526.npz,O=P(O)(S)O[C@H]1CCO[C@@H]1CO,[H][O][C]([H])([H])[C@@]1([H])[O][C]([H])([H])[C]([H])([H])[C@]1([H])[O][P](=[O])([O][H])[S][H],[O:1]=[P:12]([O:4][H:14])([O:5][C@@:10]1([H:22])[C:8]([H:18])([H:19])[C:7]([H:16])([H:17])[O:3][C@@:11]1([C:9]([O:2][H:13])([H:20])[H:21])[H:23])[S:6][H:15],23,unassigned_atom_type,0;11,"Atoms 0, 11 could not be assigned a bond charge correction atom type."
spice-pubchem,13572.npz,O=c1ccn(COCCOP(=S)(S)OP(=O)(O)O)c(=O)[nH]1,[H][O][P](=[O])([O][H])[O][P](=[S])([O][C]([H])([H])[C]([H])([H])[O][C]([H])([H])[N]1[C](=[O])[N]([H])[C](=[O])[C]([H])=[C]1[H])[S][H],[O:1]=[C:11]1[C:13]([H:25])=[C:14]([H:26])[N:16]([C:17]([O:5][C:18]([C:19]([O:8][P:21](=[S:4])([O:9][P:20](=[O:3])([O:6][H:22])[O:7][H:23])[S:10][H:24])([H:32])[H:33])([H:30])[H:31])([H:28])[H:29])[C:12](=[O:2])[N:15]1[H:27],33,unassigned_atom_type,2;3;8;19;20,"Atoms 2, 3, 8, 19, 20 could not be assigned a bond charge correction atom type."
spice-pubchem,13584.npz,CC(=O)N1CCC(CP(=O)(O)[C@H](C)N)(C(=O)N[C@@H](C)C(=O)O)CC1,[H][O][C](=[O])[C@@]([H])([N]([H])[C](=[O])[C]1([C]([H])([H])[P](=[O])([O][H])[C@@]([H])([N]([H])[H])[C]([H])([H])[H])[C]([H])([H])[C]([H])([H])[N]([C](=[O])[C]([H])([H])[H])[C]([H])([H])[C]1([H])[H])[C]([H])([H])[H],[O:1]=[C:7]([N:10]1[C:14]([H:33])([H:34])[C:16]([H:37])([H:38])[C:18]([C:8](=[O:2])[N:11]([C@:22]([C:9](=[O:3])[O:5][H:25])([C:19]([H:41])([H:42])[H:43])[H:49])[H:27])([C:21]([P:24](=[O:4])([O:6][H:26])[C@@:23]([N:12]([H:28])[H:29])([C:20]([H:44])([H:45])[H:46])[H:50])([H:47])[H:48])[C:17]([H:39])([H:40])[C:15]1([H:35])[H:36])[C:13]([H:30])([H:31])[H:32],50,unassigned_atom_type,3;23,"Atoms 3, 23 could not be assigned a bond charge correction atom type."
spice-pubchem,13618.npz,Cn1c(Cn2ccc(C(F)(F)F)c(Oc3cc(Cl)cc(C#N)c3)c2=O)nn(COP(=O)(O)O)c1=O,[H][O][P](=[O])([O][H])[O][C]([H])([H])[N]1[N]=[C]([C]([H])([H])[N]2[C](=[O])[C]([O][c]3[c]([H])[c]([Cl])[c]([H])[c]([C]#[N])[c]3[H])=[C]([C]([F])([F])[F])[C]([H])=[C]2[H])[N]([C]([H])([H])[H])[C]1=[O],[N:1]#[C:9][c:26]1[c:22]([H:40])[c:25]([Cl:8])[c:23]([H:41])[c:27]([O:11][C:19]2=[C:21]([C:31]([F:5])([F:6])[F:7])[C:18]([H:38])=[C:20]([H:39])[N:30]([C:34]([C:17]3=[N:10][N:29]([C:33]([O:14][P:35](=[O:4])([O:12][H:36])[O:13][H:37])([H:46])[H:47])[C:15](=[O:2])[N:28]3[C:32]([H:43])([H:44])[H:45])([H:48])[H:49])[C:16]2=[O:3])[c:24]1[H:42],49,unassigned_atom_type,3;34,"Atoms 3, 34 could not be assigned a bond charge correction atom type."
spice-pubchem,13687.npz,CCOP(=O)(OCC)C1N=CC2C(=O)N(C3CCCCC3)C(=O)C21,[H][C]1=[N][C]([H])([P](=[O])([O][C]([H])([H])[C]([H])([H])[H])[O][C]([H])([H])[C]([H])([H])[H])[C]2([H])[C](=[O])[N]([C]3([H])[C]([H])([H])[C]([H])([H])[C]([H])([H])[C]([H])([H])[C]3([H])[H])[C](=[O])[C]12[H],[O:1]=[C:7]1[N:10]([C:22]2([H:48])[C:19]([H:43])([H:44])[C:17]([H:39])([H:40])[C:16]([H:37])([H:38])[C:18]([H:41])([H:42])[C:20]2([H:45])[H:46])[C:8](=[O:2])[C:21]2([H:47])[C:15]1([H:36])[C:9]([H:25])=[N:4][C:23]2([P:24](=[O:3])([O:5][C:13]([C:11]([H:26])([H:27])[H:28])([H:32])[H:33])[O:6][C:14]([C:12]([H:29])([H:30])[H:31])([H:34])[H:35])[H:49],49,unassigned_atom_type,2;23,"Atoms 2, 23 could not be assigned a bond charge correction atom type."
spice-pubchem,13794.npz,C#CCO[P@@](=O)(Oc1ccc(S(N)(=O)=O)cc1)c1ccccc1,[H][C]#[C][C]([H])([H])[O][P@@](=[O])([O][c]1[c]([H])[c]([H])[c]([S](=[O])(=[O])[N]([H])[H])[c]([H])[c]1[H])[c]1[c]([H])[c]([H])[c]([H])[c]([H])[c]1[H],[O:1]=[P@@:22]([O:6][c:17]1[c:11]([H:28])[c:15]([H:32])[c:19]([S:23](=[O:2])(=[O:3])[N:20]([H:34])[H:35])[c:16]([H:33])[c:12]1[H:29])([O:7][C:21]([C:5]#[C:4][H:24])([H:36])[H:37])[c:18]1[c:13]([H:30])[c:9]([H:26])[c:8]([H:25])[c:10]([H:27])[c:14]1[H:31],37,unassigned_atom_type,0;21,"Atoms 0, 21 could not be assigned a bond charge correction atom type."
spice-pubchem,13799.npz,CN(O)C(=O)CS(=O)(=O)C(c1cc(F)cc(F)c1)P(=O)(O)O,[H][O][N]([C](=[O])[C]([H])([H])[S](=[O])(=[O])[C]([H])([c]1[c]([H])[c]([F])[c]([H])[c]([F])[c]1[H])[P](=[O])([O][H])[O][H])[C]([H])([H])[H],[O:1]=[C:10]([N:17]([O:7][H:23])[C:18]([H:29])([H:30])[H:31])[C:19]([S:22](=[O:3])(=[O:4])[C:20]([c:16]1[c:12]([H:27])[c:14]([F:5])[c:11]([H:26])[c:15]([F:6])[c:13]1[H:28])([P:21](=[O:2])([O:8][H:24])[O:9][H:25])[H:34])([H:32])[H:33],34,unassigned_atom_type,1;20,"Atoms 1, 20 could not be assigned a bond charge correction atom type."
spice-pubchem,13802.npz,COP(C)(=O)NCCNc1nonc1/C(=N/O)Nc1ccc(F)c(C(F)(F)F)c1,[H][O]/[N]=[C](/[C]1=[N][O][N]=[C]1[N]([H])[C]([H])([H])[C]([H])([H])[N]([H])[P](=[O])([O][C]([H])([H])[H])[C]([H])([H])[H])[N]([H])[c]1[c]([H])[c]([H])[c]([F])[c]([C]([F])([F])[F])[c]1[H],[O:1]=[P:29]([O:11][C:24]([H:37])([H:38])[H:39])([N:23]([C:27]([C:26]([N:22]([C:13]1=[N:7][O:9][N:6]=[C:12]1/[C:14](=[N:8]/[O:10][H:30])[N:21]([c:19]1[c:16]([H:32])[c:15]([H:31])[c:18]([F:2])[c:20]([C:25]([F:3])([F:4])[F:5])[c:17]1[H:33])[H:34])[H:35])([H:40])[H:41])([H:42])[H:43])[H:36])[C:28]([H:44])([H:45])[H:46],46,unassigned_atom_type,0;28,"Atoms 0, 28 could not be assigned a bond charge correction atom type."
spice-pubchem,13897.npz,O=P(O)(O)CC1CCC(c2ccc(-n3cnc4c(Cl)ncnc43)cc2)CC1,[H][O][P](=[O])([O][H])[C]([H])([H])[C]1([H])[C]([H])([H])[C]([H])([H])[C]([H])([c]2[c]([H])[c]([H])[c]([N]3[C]([H])=[N][c]4[c]([Cl])[n][c]([H])[n][c]43)[c]([H])[c]2[H])[C]([H])([H])[C]1([H])[H],[O:1]=[P:27]([O:6][H:28])([O:7][H:29])[C:26]([C:25]1([H:45])[C:22]([H:40])([H:41])[C:20]([H:36])([H:37])[C:24]([c:18]2[c:14]([H:34])[c:12]([H:32])[c:17]([N:19]3[C:8]([H:30])=[N:3][c:16]4[c:10]([Cl:2])[n:4][c:9]([H:31])[n:5][c:11]43)[c:13]([H:33])[c:15]2[H:35])([H:44])[C:21]([H:38])([H:39])[C:23]1([H:42])[H:43])([H:46])[H:47],47,unassigned_atom_type,0;26,"Atoms 0, 26 could not be assigned a bond charge correction atom type."
spice-pubchem,14022.npz,CC1(O)[C@H]2OP(=O)(Oc3ccccc3)OC[C@H]2O[C@H]1N1CCC(=O)NC1=O,[H][O][C]1([C]([H])([H])[H])[C@]([H])([N]2[C](=[O])[N]([H])[C](=[O])[C]([H])([H])[C]2([H])[H])[O][C@]2([H])[C]([H])([H])[O][P](=[O])([O][c]3[c]([H])[c]([H])[c]([H])[c]([H])[c]3[H])[O][C@]12[H],[O:1]=[C:9]1[N:17]([H:34])[C:10](=[O:2])[C:20]([H:38])([H:39])[C:21]([H:40])([H:41])[N:18]1[C@:25]1([H:45])[O:5][C@:26]2([H:46])[C:23]([H:42])([H:43])[O:7][P:27](=[O:3])([O:6][c:16]3[c:14]([H:32])[c:12]([H:30])[c:11]([H:29])[c:13]([H:31])[c:15]3[H:33])[O:8][C@:24]2([H:44])[C:22]1([O:4][H:28])[C:19]([H:35])([H:36])[H:37],46,unassigned_atom_type,2;26,"Atoms 2, 26 could not be assigned a bond charge correction atom type."
spice-pubchem,14126.npz,CCP(=O)(OC)c1ccc2oc(-c3ccc(Cl)s3)nc2c1,[H][C]1=[C]([Cl])[S][C]([C]2=[N][c]3[c]([H])[c]([P](=[O])([O][C]([H])([H])[H])[C]([H])([H])[C]([H])([H])[H])[c]([H])[c]([H])[c]3[O]2)=[C]1[H],[O:1]=[P:21]([O:5][C:18]([H:27])([H:28])[H:29])([c:17]1[c:13]([H:25])[c:12]([H:24])[c:16]2[c:15]([c:14]1[H:26])[N:3]=[C:7]([C:11]1=[C:10]([H:23])[C:9]([H:22])=[C:8]([Cl:2])[S:6]1)[O:4]2)[C:20]([C:19]([H:30])([H:31])[H:32])([H:33])[H:34],34,unassigned_atom_type,0;20,"Atoms 0, 20 could not be assigned a bond charge correction atom type."
spice-pubchem,1419.npz,CN(CCOP(=O)([O-])N[C@@H](CCC(=O)[O-])C(=O)[O-])C(=O)c1ccccc1,[H][c]1[c]([H])[c]([H])[c]([C](=[O])[N]([C]([H])([H])[H])[C]([H])([H])[C]([H])([H])[O][P](=[O])([O-])[N]([H])[C@]([H])([C](=[O])[O-])[C]([H])([H])[C]([H])([H])[C](=[O])[O-])[c]([H])[c]1[H],[O:1]=[C:9]([c:17]1[c:15]([H:30])[c:13]([H:28])[c:12]([H:27])[c:14]([H:29])[c:16]1[H:31])[N:18]([C:20]([H:33])([H:34])[H:35])[C:23]([C:21]([O:8][P:26](=[O:4])([O-:7])[N:19]([C@:25]([C:11](=[O:3])[O-:6])([C:24]([C:22]([C:10](=[O:2])[O-:5])([H:38])[H:39])([H:42])[H:43])[H:44])[H:32])([H:36])[H:37])([H:40])[H:41],44,unassigned_atom_type,3;6;25,"Atoms 3, 6, 25 could not be assigned a bond charge correction atom type."
spice-pubchem,14271.npz,CS[C@@H]1O[C@H](CO)[C@H](O)[C@H](NC(=O)c2ccc(C)cc2)[C@H]1O[PH](=O)O,[H][O][C]([H])([H])[C@@]1([H])[O][C@@]([H])([S][C]([H])([H])[H])[C@]([H])([O][P]([H])(=[O])[O][H])[C@@]([H])([N]([H])[C](=[O])[c]2[c]([H])[c]([H])[c]([C]([H])([H])[H])[c]([H])[c]2[H])[C@@]1([H])[O][H],[O:1]=[C:9]([c:14]1[c:10]([H:29])[c:12]([H:31])[c:15]([C:18]([H:37])([H:38])[H:39])[c:13]([H:32])[c:11]1[H:30])[N:16]([C@:21]1([H:43])[C@:22]([O:7][P:25](=[O:2])([O:6][H:28])[H:47])([H:44])[C@@:20]([S:8][C:17]([H:34])([H:35])[H:36])([H:42])[O:4][C@@:23]([C:19]([O:3][H:26])([H:40])[H:41])([H:45])[C@@:24]1([O:5][H:27])[H:46])[H:33],47,unassigned_atom_type,1;24;46,"Atoms 1, 24, 46 could not be assigned a bond charge correction atom type."
spice-pubchem,14292.npz,CP(=O)(O)CNC(=O)CN,[H][O][P](=[O])([C]([H])([H])[H])[C]([H])([H])[N]([H])[C](=[O])[C]([H])([H])[N]([H])[H],[O:1]=[C:4]([N:6]([C:9]([P:10](=[O:2])([O:3][H:11])[C:8]([H:17])([H:18])[H:19])([H:20])[H:21])[H:14])[C:7]([N:5]([H:12])[H:13])([H:15])[H:16],21,unassigned_atom_type,1;9,"Atoms 1, 9 could not be assigned a bond charge correction atom type."
spice-pubchem,1464.npz,CP(=O)(O)C1=CC[C@H](N)C1,[H][O][P](=[O])([C]1=[C]([H])[C]([H])([H])[C@]([H])([N]([H])[H])[C]1([H])[H])[C]([H])([H])[H],[O:1]=[P:10]([O:2][H:11])([C:4]1=[C:3]([H:12])[C:6]([H:15])([H:16])[C@@:9]([N:5]([H:13])[H:14])([H:22])[C:7]1([H:17])[H:18])[C:8]([H:19])([H:20])[H:21],22,unassigned_atom_type,0;9,"Atoms 0, 9 could not be assigned a bond charge correction atom type."
spice-pubchem,156.npz,N[C@@]1(C(=O)O)CC[C@@H](P(=O)(O)O)C1,[H][O][C](=[O])[C@]1([N]([H])[H])[C]([H])([H])[C]([H])([H])[C@@]([H])([P](=[O])([O][H])[O][H])[C]1([H])[H],[O:1]=[C:6]([O:3][H:14])[C@:11]1([N:7]([H:17])[H:18])[C:8]([H:19])([H:20])[C:9]([H:21])([H:22])[C@:12]([P:13](=[O:2])([O:4][H:15])[O:5][H:16])([H:25])[C:10]1([H:23])[H:24],25,unassigned_atom_type,1;12,"Atoms 1, 12 could not be assigned a bond charge correction atom type."
spice-pubchem,1577.npz,N[C@H]1CCCCN(P(N)(=O)NS(=O)(=O)O)C1=O,[H][O][S](=[O])(=[O])[N]([H])[P](=[O])([N]([H])[H])[N]1[C](=[O])[C@@]([H])([N]([H])[H])[C]([H])([H])[C]([H])([H])[C]([H])([H])[C]1([H])[H],[O:1]=[C:6]1[N:9]([P:16](=[O:2])([N:8]([H:21])[H:22])[N:10]([S:17](=[O:3])(=[O:4])[O:5][H:18])[H:23])[C:11]([H:24])([H:25])[C:12]([H:26])([H:27])[C:13]([H:28])([H:29])[C:14]([H:30])([H:31])[C@@:15]1([N:7]([H:19])[H:20])[H:32],32,unassigned_atom_type,1;15,"Atoms 1, 15 could not be assigned a bond charge correction atom type."
spice-pubchem,1636.npz,CC(C)(C)Cn1c(-c2oc(P(=O)(O)O)c(Cl)c2Cl)nc2c(N)ncnc21,[H][O][P](=[O])([O][H])[C]1=[C]([Cl])[C]([Cl])=[C]([C]2=[N][c]3[c]([N]([H])[H])[n][c]([H])[n][c]3[N]2[C]([H])([H])[C]([C]([H])([H])[H])([C]([H])([H])[H])[C]([H])([H])[H])[O]1,[O:1]=[P:26]([O:8][H:27])([O:9][H:28])[C:14]1=[C:12]([Cl:3])[C:11]([Cl:2])=[C:13]([C:10]2=[N:4][c:18]3[c:16]([N:19]([H:30])[H:31])[n:5][c:15]([H:29])[n:6][c:17]3[N:20]2[C:24]([C:25]([C:21]([H:32])([H:33])[H:34])([C:22]([H:35])([H:36])[H:37])[C:23]([H:38])([H:39])[H:40])([H:41])[H:42])[O:7]1,42,unassigned_atom_type,0;25,"Atoms 0, 25 could not be assigned a bond charge correction atom type."
spice-pubchem,164.npz,CC(N)P(O)O,[H][O][P]([O][H])[C]([H])([N]([H])[H])[C]([H])([H])[H],[O:1]([P:4]([O:2][H:8])[C:6]([N:3]([H:9])[H:10])([C:5]([H:11])([H:12])[H:13])[H:14])[H:7],14,unassigned_atom_type,3,Atoms 3 could not be assigned a bond charge correction atom type.
spice-pubchem,1649.npz,COP(=O)(C(Cc1ccccc1)NC(=O)C(F)(F)F)N1CCC[C@H]1C(N)=O,[H][c]1[c]([H])[c]([H])[c]([C]([H])([H])[C]([H])([N]([H])[C](=[O])[C]([F])([F])[F])[P](=[O])([O][C]([H])([H])[H])[N]2[C]([H])([H])[C]([H])([H])[C]([H])([H])[C@@]2([H])[C](=[O])[N]([H])[H])[c]([H])[c]1[H],[O:1]=[C:8]([N:17]([C:25]([C:21]([c:15]1[c:13]([H:31])[c:11]([H:29])[c:10]([H:28])[c:12]([H:30])[c:14]1[H:32])([H:39])[H:40])([P:27](=[O:3])([O:7][C:19]([H:36])([H:37])[H:38])[N:18]1[C:22]([H:41])([H:42])[C:23]([H:43])([H:44])[C:24]([H:45])([H:46])[C@:26]1([C:9](=[O:2])[N:16]([H:33])[H:34])[H:48])[H:47])[H:35])[C:20]([F:4])([F:5])[F:6],48,unassigned_atom_type,2;26,"Atoms 2, 26 could not be assigned a bond charge correction atom type."
spice-pubchem,1650.npz,O=P([O-])([O-])OC1C(O)C(OP(=O)([O-])[O-])C(F)(F)C(O)C1OP(=O)([O-])[O-],[H][O][C]1([H])[C]([F])([F])[C]([H])([O][P](=[O])([O-])[O-])[C]([H])([O][H])[C]([H])([O][P](=[O])([O-])[O-])[C]1([H])[O][P](=[O])([O-])[O-],[O:1]=[P:23]([O-:4])([O-:5])[O:14][C:18]1([H:28])[C:17]([F:10])([F:11])[C:19]([O:12][H:26])([H:29])[C:21]([O:15][P:24](=[O:2])([O-:6])[O-:7])([H:31])[C:22]([O:16][P:25](=[O:3])([O-:8])[O-:9])([H:32])[C:20]1([O:13][H:27])[H:30],32,unassigned_atom_type,0;1;2;3;4;5;6;7;8;22;23;24,"Atoms 0, 1, 2, 3, 4, 5, 6, 7, 8, 22, 23, 24 could not be assigned a bond charge correction atom type."
spice-pubchem,1663.npz,Nc1nc2c(ncn2Cc2ccccc2/C=C/P(=O)([O-])[O-])c(=O)[nH]1,[H][C]1=[N][C]2=[C]([N]=[C]([N]([H])[H])[N]([H])[C]2=[O])[N]1[C]([H])([H])[c]1[c]([H])[c]([H])[c]([H])[c]([H])[c]1/[C]([H])=[C](\[H])[P](=[O])([O-])[O-],[O:1]=[C:7]1[C:10]2=[C:11]([N:5]=[C:8]([N:20]([H:32])[H:33])[N:21]1[H:34])[N:22]([C:23]([c:19]1[c:17]([H:31])[c:15]([H:29])[c:14]([H:28])[c:16]([H:30])[c:18]1/[C:12](=[C:13](/[P:24](=[O:2])([O-:3])[O-:4])[H:27])[H:26])([H:35])[H:36])[C:9]([H:25])=[N:6]2,36,unassigned_atom_type,1;2;3;23,"Atoms 1, 2, 3, 23 could not be assigned a bond charge correction atom type."
spice-pubchem,1676.npz,O=C(O)C/N=C/P(O)O,[H][O][C](=[O])[C]([H])([H])/[N]=[C](\[H])[P]([O][H])[O][H],[O:1]=[C:6]([O:3][H:10])[C:9](/[N:2]=[C:7](/[P:8]([O:4][H:11])[O:5][H:12])[H:13])([H:14])[H:15],15,unassigned_atom_type,7,Atoms 7 could not be assigned a bond charge correction atom type.
spice-pubchem,1677.npz,O=P(O)(O)C(Cc1ccccc1)(O[C@@H]1CC[C@@H](O)C[C@@H]1O)P(=O)(O)O,[H][O][C@]1([H])[C]([H])([H])[C]([H])([H])[C@@]([H])([O][C]([C]([H])([H])[c]2[c]([H])[c]([H])[c]([H])[c]([H])[c]2[H])([P](=[O])([O][H])[O][H])[P](=[O])([O][H])[O][H])[C@@]([H])([O][H])[C]1([H])[H],[O:1]=[P:24]([O:6][H:28])([O:7][H:29])[C:20]([O:5][C@:23]1([H:47])[C:19]([H:43])([H:44])[C:17]([H:39])([H:40])[C@:22]([O:4][H:27])([H:46])[C:18]([H:41])([H:42])[C@@:21]1([O:3][H:26])[H:45])([C:16]([c:15]1[c:13]([H:35])[c:11]([H:33])[c:10]([H:32])[c:12]([H:34])[c:14]1[H:36])([H:37])[H:38])[P:25](=[O:2])([O:8][H:30])[O:9][H:31],47,unassigned_atom_type,0;1;23;24,"Atoms 0, 1, 23, 24 could not be assigned a bond charge correction atom type."
spice-pubchem,1683.npz,C=C(O[C@@H]1CC(C(=O)[O-])=C[C@@H](OP(=O)([O-])O)[C@H]1O)C(=O)[O-],[H][O][C@]1([H])[C@]([H])([O][P](=[O])([O-])[O][H])[C]([H])=[C]([C](=[O])[O-])[C]([H])([H])[C@@]1([H])[O][C]([C](=[O])[O-])=[C]([H])[H],[O:1]=[C:11]([O-:4])[C:14]([O:8][C@:20]1([H:31])[C:17]([H:27])([H:28])[C:15]([C:12](=[O:2])[O-:5])=[C:16]([H:26])[C@:19]([O:10][P:21](=[O:3])([O-:6])[O:9][H:23])([H:30])[C@:18]1([O:7][H:22])[H:29])=[C:13]([H:24])[H:25],31,unassigned_atom_type,2;5;20,"Atoms 2, 5, 20 could not be assigned a bond charge correction atom type."
spice-pubchem,1684.npz,O=C(O)C1=CC(OCP(=O)(O)O)CCC1,[H][O][C](=[O])[C]1=[C]([H])[C]([H])([O][C]([H])([H])[P](=[O])([O][H])[O][H])[C]([H])([H])[C]([H])([H])[C]1([H])[H],[O:1]=[C:7]([O:3][H:16])[C:8]1=[C:9]([H:19])[C:11]([O:4][C:14]([P:15](=[O:2])([O:5][H:17])[O:6][H:18])([H:27])[H:28])([H:22])[C:13]([H:25])([H:26])[C:12]([H:23])([H:24])[C:10]1([H:20])[H:21],28,unassigned_atom_type,1;14,"Atoms 1, 14 could not be assigned a bond charge correction atom type."
spice-pubchem,1689.npz,CC[C@@H](C)[C@H](NP(=O)([O-])[O-])C(=O)N[C@@H](Cc1c[nH]c2ccccc12)C(=O)[O-],[H][C]1=[C]([C]([H])([H])[C@@]([H])([C](=[O])[O-])[N]([H])[C](=[O])[C@@]([H])([N]([H])[P](=[O])([O-])[O-])[C@]([H])([C]([H])([H])[H])[C]([H])([H])[C]([H])([H])[H])[c]2[c]([H])[c]([H])[c]([H])[c]([H])[c]2[N]1[H],[O:1]=[C:7]([O-:4])[C@@:24]([N:18]([C:8](=[O:2])[C@@:25]([N:19]([P:27](=[O:3])([O-:5])[O-:6])[H:35])([C@:26]([C:22]([H:41])([H:42])[H:43])([C:23]([C:20]([H:36])([H:37])[H:38])([H:44])[H:45])[H:48])[H:47])[H:34])([C:21]([C:10]1=[C:9]([H:28])[N:17]([H:33])[c:16]2[c:14]([H:32])[c:12]([H:30])[c:11]([H:29])[c:13]([H:31])[c:15]21)([H:39])[H:40])[H:46],48,unassigned_atom_type,2;4;5;26,"Atoms 2, 4, 5, 26 could not be assigned a bond charge correction atom type."
spice-pubchem,1695.npz,O=C([O-])c1cc(OC(C(=O)[O-])P(=O)([O-])O)cc(OP(=O)([O-])O)c1,[H][O][P](=[O])([O-])[O][c]1[c]([H])[c]([O][C]([H])([C](=[O])[O-])[P](=[O])([O-])[O][H])[c]([H])[c]([C](=[O])[O-])[c]1[H],[O:1]=[C:13]([O-:5])[c:20]1[c:16]([H:27])[c:18]([O:9][C:21]([C:14](=[O:2])[O-:6])([P:23](=[O:4])([O-:8])[O:12][H:25])[H:29])[c:15]([H:26])[c:19]([O:11][P:22](=[O:3])([O-:7])[O:10][H:24])[c:17]1[H:28],29,unassigned_atom_type,2;3;6;7;21;22,"Atoms 2, 3, 6, 7, 21, 22 could not be assigned a bond charge correction atom type."
spice-pubchem,1727.npz,O=C([O-])CSCCOP(=O)([O-])OP(=O)([O-])[O-],[H][C]([H])([S][C]([H])([H])[C]([H])([H])[O][P](=[O])([O-])[O][P](=[O])([O-])[O-])[C](=[O])[O-],[O:1]=[C:11]([O-:4])[C:12]([S:10][C:14]([C:13]([O:8][P:16](=[O:3])([O-:7])[O:9][P:15](=[O:2])([O-:5])[O-:6])([H:19])[H:20])([H:21])[H:22])([H:17])[H:18],22,unassigned_atom_type,1;2;4;5;6;8;14;15,"Atoms 1, 2, 4, 5, 6, 8, 14, 15 could not be assigned a bond charge correction atom type."
spice-pubchem,1735.npz,C/N=C(\N)NCCCC(N)P(=O)(O)O,[H][O][P](=[O])([O][H])[C]([H])([N]([H])[H])[C]([H])([H])[C]([H])([H])[C]([H])([H])[N]([H])/[C](=[N]/[C]([H])([H])[H])[N]([H])[H],[O:1]=[P:14]([O:3][H:15])([O:4][H:16])[C:13]([N:8]([H:20])[H:21])([C:12]([C:11]([C:10]([N:7](/[C:5](=[N:2]/[C:9]([H:22])([H:23])[H:24])[N:6]([H:17])[H:18])[H:19])([H:25])[H:26])([H:27])[H:28])([H:29])[H:30])[H:31],31,unassigned_atom_type,0;13,"Atoms 0, 13 could not be assigned a bond charge correction atom type."
spice-pubchem,174.npz,CC(C)CC([NH3+])P(=O)(O)C(=O)N[C@@H](CC(C)C)C(=O)[O-],[H][O][P](=[O])([C](=[O])[N]([H])[C@]([H])([C](=[O])[O-])[C]([H])([H])[C]([H])([C]([H])([H])[H])[C]([H])([H])[H])[C]([H])([C]([H])([H])[C]([H])([C]([H])([H])[H])[C]([H])([H])[H])[N+]([H])([H])[H],[O:1]=[C:6]([O-:4])[C@@:18]([N:8]([C:7](=[O:2])[P:20](=[O:3])([O:5][H:21])[C:17]([C:13]([C:14]([C:9]([H:23])([H:24])[H:25])([C:10]([H:26])([H:27])[H:28])[H:37])([H:35])[H:36])([N+:19]([H:43])([H:44])[H:45])[H:41])[H:22])([C:16]([C:15]([C:11]([H:29])([H:30])[H:31])([C:12]([H:32])([H:33])[H:34])[H:38])([H:39])[H:40])[H:42],45,unassigned_atom_type,2;19,"Atoms 2, 19 could not be assigned a bond charge correction atom type."
spice-pubchem,1760.npz,O=P([O-])([O-])C(CCCc1cccc(Cc2ccccc2)c1)S(=O)(=O)[O-],[H][c]1[c]([H])[c]([H])[c]([C]([H])([H])[c]2[c]([H])[c]([H])[c]([H])[c]([C]([H])([H])[C]([H])([H])[C]([H])([H])[C]([H])([P](=[O])([O-])[O-])[S](=[O])(=[O])[O-])[c]2[H])[c]([H])[c]1[H],[O:1]=[P:24]([O-:4])([O-:5])[C:23]([C:22]([C:21]([C:20]([c:18]1[c:14]([H:33])[c:10]([H:29])[c:13]([H:32])[c:17]([C:19]([c:16]2[c:11]([H:30])[c:8]([H:27])[c:7]([H:26])[c:9]([H:28])[c:12]2[H:31])([H:35])[H:36])[c:15]1[H:34])([H:37])[H:38])([H:39])[H:40])([H:41])[H:42])([S:25](=[O:2])(=[O:3])[O-:6])[H:43],43,unassigned_atom_type,0;3;4;23,"Atoms 0, 3, 4, 23 could not be assigned a bond charge correction atom type."
spice-pubchem,1766.npz,C[C@H](CN1c2nc(N)[nH]c(=O)c2NC1Br)OCP(=O)(O)O,[H][O][P](=[O])([O][H])[C]([H])([H])[O][C@]([H])([C]([H])([H])[H])[C]([H])([H])[N]1[C]2=[C]([C](=[O])[N]([H])[C]([N]([H])[H])=[N]2)[N]([H])[C]1([H])[Br],[O:1]=[C:8]1[C:10]2=[C:11]([N:4]=[C:9]([N:12]([H:24])[H:25])[N:13]1[H:26])[N:15]([C:18]([C@:20]([O:5][C:19]([P:21](=[O:2])([O:6][H:22])[O:7][H:23])([H:34])[H:35])([C:17]([H:29])([H:30])[H:31])[H:36])([H:32])[H:33])[C:16]([Br:3])([H:28])[N:14]2[H:27],36,unassigned_atom_type,1;20,"Atoms 1, 20 could not be assigned a bond charge correction atom type."
spice-pubchem,1781.npz,Cc1cc(C)n2[c+](c1)NCC(C(=O)c1ccc(-c3ccc(Br)cc3)cc1)C2,[H][C]1=[C]([C]([H])([H])[H])[N]2[C+]([C]([H])=[C]1[C]([H])([H])[H])[N]([H])[C]([H])([H])[C]([H])([C](=[O])[c]1[c]([H])[c]([H])[c](-[c]3[c]([H])[c]([H])[c]([Br])[c]([H])[c]3[H])[c]([H])[c]1[H])[C]2([H])[H],[O:1]=[C:3]([c:17]1[c:10]([H:32])[c:14]([H:36])[c:19](-[c:18]2[c:12]([H:34])[c:8]([H:30])[c:16]([Br:2])[c:9]([H:31])[c:13]2[H:35])[c:15]([H:37])[c:11]1[H:33])[C:27]1([H:49])[C:25]([H:45])([H:46])[N:21]([H:38])[C+:20]2[C:5]([H:29])=[C:6]([C:23]([H:39])([H:40])[H:41])[C:4]([H:28])=[C:7]([C:24]([H:42])([H:43])[H:44])[N:22]2[C:26]1([H:47])[H:48],49,unassigned_atom_type,19,Atoms 19 could not be assigned a bond charge correction atom type.
spice-pubchem,1844.npz,O=P(O)(O)c1cc(F)ccc1S,[H][O][P](=[O])([O][H])[c]1[c]([H])[c]([F])[c]([H])[c]([H])[c]1[S][H],[O:1]=[P:12]([O:3][H:13])([O:4][H:14])[c:11]1[c:8]([H:18])[c:9]([F:2])[c:6]([H:16])[c:7]([H:17])[c:10]1[S:5][H:15],18,unassigned_atom_type,0;11,"Atoms 0, 11 could not be assigned a bond charge correction atom type."
spice-pubchem,1871.npz,O=P([O-])(O)OC1CC(c2ccccc2F)=Nc2cc3c(cc21)OCO3,[H][O][P](=[O])([O-])[O][C]1([H])[c]2[c]([H])[c]3[c]([c]([H])[c]2[N]=[C]([c]2[c]([H])[c]([H])[c]([H])[c]([H])[c]2[F])[C]1([H])[H])[O][C]([H])([H])[O]3,[O:1]=[P:25]([O-:2])([O:7][H:26])[O:8][C:24]1([H:37])[c:21]2[c:15]([H:32])[c:19]3[c:18]([c:13]([H:30])[c:17]2[N:4]=[C:9]([c:20]2[c:14]([H:31])[c:11]([H:28])[c:10]([H:27])[c:12]([H:29])[c:16]2[F:3])[C:23]1([H:35])[H:36])[O:5][C:22]([H:33])([H:34])[O:6]3,37,unassigned_atom_type,0;1;24,"Atoms 0, 1, 24 could not be assigned a bond charge correction atom type."
spice-pubchem,1889.npz,[O-][n+]1onc(OCCCCC([P+]([O-])(O)O)[P+]([O-])(O)O)c1-c1ccccc1,[H][O][P+]([O-])([O][H])[C]([H])([C]([H])([H])[C]([H])([H])[C]([H])([H])[C]([H])([H])[O][C]1=[N][O][N+]([O-])=[C]1[c]1[c]([H])[c]([H])[c]([H])[c]([H])[c]1[H])[P+]([O-])([O][H])[O][H],[O-:1][N+:19]1=[C:12]([c:18]2[c:16]([H:34])[c:14]([H:32])[c:13]([H:31])[c:15]([H:33])[c:17]2[H:35])[C:11]([O:6][C:20]([C:21]([C:22]([C:23]([C:24]([P+:25]([O-:2])([O:7][H:27])[O:8][H:28])([P+:26]([O-:3])([O:9][H:29])[O:10][H:30])[H:44])([H:42])[H:43])([H:40])[H:41])([H:38])[H:39])([H:36])[H:37])=[N:4][O:5]1,44,unassigned_atom_type,1;2;24;25,"Atoms 1, 2, 24, 25 could not be assigned a bond charge correction atom type."
spice-pubchem,1896.npz,Cc1cc(OC[P@@]2(=O)OCC[C@@H](c3cccnc3)O2)c2c(c1C)Cc1scnc1-2,[H][C]1=[N][C]2=[C]([S]1)[C]([H])([H])[c]1[c]2[c]([O][C]([H])([H])[P@@]2(=[O])[O][C]([H])([H])[C]([H])([H])[C@@]([H])([c]3[c]([H])[n][c]([H])[c]([H])[c]3[H])[O]2)[c]([H])[c]([C]([H])([H])[H])[c]1[C]([H])([H])[H],[O:1]=[P@:29]1([C:27]([O:4][c:16]2[c:14]([H:34])[c:18]([C:22]([H:36])([H:37])[H:38])[c:19]([C:23]([H:39])([H:40])[H:41])[c:20]3[c:17]2[C:9]2=[C:10]([S:7][C:8]([H:30])=[N:2]2)[C:24]3([H:42])[H:43])([H:48])[H:49])[O:5][C:25]([H:44])([H:45])[C:26]([H:46])([H:47])[C@:28]([c:21]2[c:12]([H:32])[n:3][c:11]([H:31])[c:13]([H:33])[c:15]2[H:35])([H:50])[O:6]1,50,unassigned_atom_type,0;28,"Atoms 0, 28 could not be assigned a bond charge correction atom type."
spice-pubchem,196.npz,O=C([O-])P(=O)([O-])Oc1ccc2c(c1)CCC2,[H][c]1[c]([H])[c]2[c]([c]([H])[c]1[O][P](=[O])([O-])[C](=[O])[O-])[C]([H])([H])[C]([H])([H])[C]2([H])[H],[O:1]=[C:6]([O-:3])[P:16](=[O:2])([O-:4])[O:5][c:10]1[c:7]([H:17])[c:8]([H:18])[c:11]2[c:12]([c:9]1[H:19])[C:14]([H:22])([H:23])[C:15]([H:24])([H:25])[C:13]2([H:20])[H:21],25,unassigned_atom_type,1;3;15,"Atoms 1, 3, 15 could not be assigned a bond charge correction atom type."
spice-pubchem,2006.npz,COP1(=O)CCCC(CO)=C(C)O1,[H][O][C]([H])([H])[C]1=[C]([C]([H])([H])[H])[O][P](=[O])([O][C]([H])([H])[H])[C]([H])([H])[C]([H])([H])[C]1([H])[H],[O:1]=[P:13]1([O:4][C:7]([H:15])([H:16])[H:17])[O:3][C:5]([C:8]([H:18])([H:19])[H:20])=[C:6]([C:9]([O:2][H:14])([H:21])[H:22])[C:10]([H:23])([H:24])[C:11]([H:25])([H:26])[C:12]1([H:27])[H:28],28,unassigned_atom_type,0;12,"Atoms 0, 12 could not be assigned a bond charge correction atom type."
spice-pubchem,2008.npz,COP(=O)(OC)O/C(C)=C1\CCOC1=O,[H][C]([H])([H])[O][P](=[O])([O]/[C](=[C]1/[C](=[O])[O][C]([H])([H])[C]1([H])[H])[C]([H])([H])[H])[O][C]([H])([H])[H],[O:1]=[C:7]1[O:3][C:13]([H:25])([H:26])[C:14]([H:27])([H:28])/[C:9]1=[C:8](\[O:4][P:15](=[O:2])([O:5][C:10]([H:16])([H:17])[H:18])[O:6][C:11]([H:19])([H:20])[H:21])[C:12]([H:22])([H:23])[H:24],28,unassigned_atom_type,1;14,"Atoms 1, 14 could not be assigned a bond charge correction atom type."
spice-pubchem,2016.npz,CCS(=O)(=O)OC[C@H]1OC(O)[C@H](OP(=O)(O)O)[C@@H](O)[C@@H]1OP(=O)(O)O,[H][O][C]1([H])[O][C@]([H])([C]([H])([H])[O][S](=[O])(=[O])[C]([H])([H])[C]([H])([H])[H])[C@@]([H])([O][P](=[O])([O][H])[O][H])[C@]([H])([O][H])[C@@]1([H])[O][P](=[O])([O][H])[O][H],[O:1]=[P:23]([O:8][H:28])([O:9][H:29])[O:12][C@@:19]1([H:40])[C@@:20]([O:6][H:27])([H:41])[C@:22]([O:13][P:24](=[O:2])([O:10][H:30])[O:11][H:31])([H:43])[C:17]([O:5][H:26])([H:37])[O:7][C@@:21]1([C:16]([O:14][S:25](=[O:3])(=[O:4])[C:18]([C:15]([H:32])([H:33])[H:34])([H:38])[H:39])([H:35])[H:36])[H:42],43,unassigned_atom_type,0;1;22;23,"Atoms 0, 1, 22, 23 could not be assigned a bond charge correction atom type."
spice-pubchem,207.npz,CCc1c(C)[n-]c(=[OH+])c([N+](=O)[O-])c1Sc1cc(C)cc(C)c1,[H][O+]=[C]1[N-][C]([C]([H])([H])[H])=[C]([C]([H])([H])[C]([H])([H])[H])[C]([S][c]2[c]([H])[c]([C]([H])([H])[H])[c]([H])[c]([C]([H])([H])[H])[c]2[H])=[C]1[N+](=[O])[O-],[O:1]=[N+:17]([O-:2])[C:8]1=[C:7]([S:5][c:14]2[c:11]([H:24])[c:15]([C:19]([H:30])([H:31])[H:32])[c:13]([H:26])[c:16]([C:20]([H:33])([H:34])[H:35])[c:12]2[H:25])[C:10]([C:22]([C:21]([H:36])([H:37])[H:38])([H:39])[H:40])=[C:9]([C:18]([H:27])([H:28])[H:29])[N-:3][C:6]1=[O+:4][H:23],40,incomplete_bond_assignment,2;5,Bond charge corrections could not be applied to all bonds in the molecule: | atom 2: expected=2 assigned=1.0 | atom 5: expected=3 assigned=2.0
spice-pubchem,2147.npz,O=c1[nH]c(=O)n(CCCCCCCCP(=O)(O)O)c2c[nH]cc12,[H][O][P](=[O])([O][H])[C]([H])([H])[C]([H])([H])[C]([H])([H])[C]([H])([H])[C]([H])([H])[C]([H])([H])[C]([H])([H])[C]([H])([H])[N]1[C](=[O])[N]([H])[C](=[O])[C]2=[C]([H])[N]([H])[C]([H])=[C]21,[O:1]=[C:6]1[C:8]2=[C:9]([H:26])[N:13]([H:29])[C:10]([H:27])=[C:11]2[N:14]([C:15]([C:16]([C:17]([C:18]([C:19]([C:20]([C:21]([C:22]([P:23](=[O:3])([O:4][H:24])[O:5][H:25])([H:44])[H:45])([H:42])[H:43])([H:40])[H:41])([H:38])[H:39])([H:36])[H:37])([H:34])[H:35])([H:32])[H:33])([H:30])[H:31])[C:7](=[O:2])[N:12]1[H:28],45,unassigned_atom_type,2;22,"Atoms 2, 22 could not be assigned a bond charge correction atom type."
spice-pubchem,2165.npz,Nc1nc(-c2ccc(P(=O)(O)O)o2)c(-c2ccc(-c3ccccc3)cc2)s1,[H][O][P](=[O])([O][H])[C]1=[C]([H])[C]([H])=[C]([C]2=[C]([c]3[c]([H])[c]([H])[c](-[c]4[c]([H])[c]([H])[c]([H])[c]([H])[c]4[H])[c]([H])[c]3[H])[S][C]([N]([H])[H])=[N]2)[O]1,[O:1]=[P:27]([O:4][H:28])([O:5][H:29])[C:13]1=[C:9]([H:31])[C:8]([H:30])=[C:11]([C:10]2=[C:12]([c:23]3[c:17]([H:35])[c:21]([H:39])[c:25](-[c:24]4[c:19]([H:37])[c:15]([H:33])[c:14]([H:32])[c:16]([H:34])[c:20]4[H:38])[c:22]([H:40])[c:18]3[H:36])[S:6][C:7]([N:26]([H:41])[H:42])=[N:2]2)[O:3]1,42,unassigned_atom_type,0;26,"Atoms 0, 26 could not be assigned a bond charge correction atom type."
spice-pubchem,2166.npz,CCCc1sc(N)nc1C(=O)OCP(=O)(O)O,[H][O][P](=[O])([O][H])[C]([H])([H])[O][C](=[O])[C]1=[C]([C]([H])([H])[C]([H])([H])[C]([H])([H])[H])[S][C]([N]([H])[H])=[N]1,[O:1]=[C:8]([O:4][C:16]([P:17](=[O:2])([O:5][H:18])[O:6][H:19])([H:29])[H:30])[C:10]1=[C:11]([C:14]([C:15]([C:13]([H:22])([H:23])[H:24])([H:27])[H:28])([H:25])[H:26])[S:7][C:9]([N:12]([H:20])[H:21])=[N:3]1,30,unassigned_atom_type,1;16,"Atoms 1, 16 could not be assigned a bond charge correction atom type."
spice-pubchem,2232.npz,O=c1[nH]c(=S)ccn1[C@@H]1O[C@H](COP(=O)(O)OP(=O)(O)C(Cl)(Cl)P(=O)(O)O)[C@@H](O)[C@H]1O,[H][O][C@@]1([H])[C@@]([H])([O][H])[C@]([H])([N]2[C](=[O])[N]([H])[C](=[S])[C]([H])=[C]2[H])[O][C@]1([H])[C]([H])([H])[O][P](=[O])([O][H])[O][P](=[O])([O][H])[C]([Cl])([Cl])[P](=[O])([O][H])[O][H],[O:1]=[C:17]1[N:21]([H:40])[C:18](=[S:5])[C:19]([H:38])=[C:20]([H:39])[N:22]1[C@:27]1([H:45])[O:9][C@@:26]([C:23]([O:12][P:29](=[O:2])([O:11][H:34])[O:16][P:31](=[O:4])([O:15][H:37])[C:24]([Cl:6])([Cl:7])[P:30](=[O:3])([O:13][H:35])[O:14][H:36])([H:41])[H:42])([H:44])[C@:25]([O:8][H:32])([H:43])[C@:28]1([O:10][H:33])[H:46],46,unassigned_atom_type,1;2;3;15;28;29;30,"Atoms 1, 2, 3, 15, 28, 29, 30 could not be assigned a bond charge correction atom type."
spice-pubchem,2238.npz,O=P(O)(O)C(F)(F)c1cccc(-c2ccc(CO/N=C/c3ccc(CO)o3)cc2)c1,[H][O][C]([H])([H])[C]1=[C]([H])[C]([H])=[C](/[C]([H])=[N]/[O][C]([H])([H])[c]2[c]([H])[c]([H])[c](-[c]3[c]([H])[c]([H])[c]([H])[c]([C]([F])([F])[P](=[O])([O][H])[O][H])[c]3[H])[c]([H])[c]2[H])[O]1,[O:1]=[P:30]([O:8][H:32])([O:9][H:33])[C:29]([F:2])([F:3])[c:26]1[c:21]([H:43])[c:15]([H:37])[c:18]([H:40])[c:24](-[c:23]2[c:16]([H:38])[c:19]([H:41])[c:25]([C:28]([O:7]/[N:4]=[C:14](/[C:12]3=[C:10]([H:34])[C:11]([H:35])=[C:13]([C:27]([O:6][H:31])([H:45])[H:46])[O:5]3)[H:36])([H:47])[H:48])[c:20]([H:42])[c:17]2[H:39])[c:22]1[H:44],48,unassigned_atom_type,0;29,"Atoms 0, 29 could not be assigned a bond charge correction atom type."
spice-pubchem,2249.npz,O=[N+]([O-])c1ccc2nc(NCc3ccccc3)nc(NCCO[P+]([O-])(O)O)c2c1,[H][O][P+]([O-])([O][H])[O][C]([H])([H])[C]([H])([H])[N]([H])[c]1[n][c]([N]([H])[C]([H])([H])[c]2[c]([H])[c]([H])[c]([H])[c]([H])[c]2[H])[n][c]2[c]([H])[c]([H])[c]([N+](=[O])[O-])[c]([H])[c]12,[O:1]=[N+:25]([O-:2])[c:16]1[c:15]([H:37])[c:18]([H:38])[c:21]2[n:5][c:9]([N:23]([C:26]([c:17]3[c:13]([H:35])[c:11]([H:33])[c:10]([H:32])[c:12]([H:34])[c:14]3[H:36])([H:42])[H:43])[H:40])[n:4][c:19]([N:24]([C:28]([C:27]([O:8][P+:29]([O-:3])([O:6][H:30])[O:7][H:31])([H:44])[H:45])([H:46])[H:47])[H:41])[c:22]2[c:20]1[H:39],47,unassigned_atom_type,2;28,"Atoms 2, 28 could not be assigned a bond charge correction atom type."
spice-pubchem,2252.npz,CC1(C(=O)[O-])N[c+]2c3ccccc3ccn2C(C)(O)C1O,[H][O][C]1([H])[C]([O][H])([C]([H])([H])[H])[N]2[C]([H])=[C]([H])[c]3[c]([H])[c]([H])[c]([H])[c]([H])[c]3[C+]2[N]([H])[C]1([C](=[O])[O-])[C]([H])([H])[H],[O:1]=[C:5]([O-:2])[C:21]1([C:18]([H:34])([H:35])[H:36])[N:16]([H:30])[C+:14]2[c:13]3[c:11]([H:29])[c:9]([H:27])[c:8]([H:26])[c:10]([H:28])[c:12]3[C:6]([H:24])=[C:7]([H:25])[N:15]2[C:20]([O:4][H:23])([C:17]([H:31])([H:32])[H:33])[C:19]1([O:3][H:22])[H:37],37,unassigned_atom_type,13,Atoms 13 could not be assigned a bond charge correction atom type.
spice-pubchem,227.npz,CCOC(OCC)P(=O)(O)CC(CN)c1ccc(Cl)cc1,[H][O][P](=[O])([C]([H])([O][C]([H])([H])[C]([H])([H])[H])[O][C]([H])([H])[C]([H])([H])[H])[C]([H])([H])[C]([H])([c]1[c]([H])[c]([H])[c]([Cl])[c]([H])[c]1[H])[C]([H])([H])[N]([H])[H],[O:1]=[P:21]([O:5][H:22])([C:19]([O:3][C:15]([C:13]([H:29])([H:30])[H:31])([H:35])[H:36])([O:4][C:16]([C:14]([H:32])([H:33])[H:34])([H:37])[H:38])[H:42])[C:20]([C:18]([c:11]1[c:8]([H:25])[c:6]([H:23])[c:10]([Cl:2])[c:7]([H:24])[c:9]1[H:26])([C:17]([N:12]([H:27])[H:28])([H:39])[H:40])[H:41])([H:43])[H:44],44,unassigned_atom_type,0;20,"Atoms 0, 20 could not be assigned a bond charge correction atom type."
spice-pubchem,2280.npz,CN(CC(=O)O)C(=N)NP(=O)(O)O,[H][N]=[C]([N]([C]([H])([H])[H])[C]([H])([H])[C](=[O])[O][H])[N]([H])[P](=[O])([O][H])[O][H],[O:1]=[C:7]([O:4][H:15])[C:12]([N:9]([C:8](=[N:3][H:14])[N:10]([P:13](=[O:2])([O:5][H:16])[O:6][H:17])[H:18])[C:11]([H:19])([H:20])[H:21])([H:22])[H:23],23,unassigned_atom_type,1;12,"Atoms 1, 12 could not be assigned a bond charge correction atom type."
spice-pubchem,2291.npz,CCOCCP(=S)(S)c1ccc(C)cc1,[H][S][P](=[S])([c]1[c]([H])[c]([H])[c]([C]([H])([H])[H])[c]([H])[c]1[H])[C]([H])([H])[C]([H])([H])[O][C]([H])([H])[C]([H])([H])[H],[S:1]=[P:15]([S:3][H:16])([c:9]1[c:6]([H:19])[c:4]([H:17])[c:8]([C:10]([H:21])([H:22])[H:23])[c:5]([H:18])[c:7]1[H:20])[C:14]([C:13]([O:2][C:12]([C:11]([H:24])([H:25])[H:26])([H:27])[H:28])([H:29])[H:30])([H:31])[H:32],32,unassigned_atom_type,0;14,"Atoms 0, 14 could not be assigned a bond charge correction atom type."
spice-pubchem,2319.npz,C1CCC(PC2CCCCC2)CC1,[H][P]([C]1([H])[C]([H])([H])[C]([H])([H])[C]([H])([H])[C]([H])([H])[C]1([H])[H])[C]1([H])[C]([H])([H])[C]([H])([H])[C]([H])([H])[C]([H])([H])[C]1([H])[H],[P:1]([C:12]1([H:35])[C:8]([H:27])([H:28])[C:4]([H:19])([H:20])[C:2]([H:15])([H:16])[C:5]([H:21])([H:22])[C:9]1([H:29])[H:30])([C:13]1([H:36])[C:10]([H:31])([H:32])[C:6]([H:23])([H:24])[C:3]([H:17])([H:18])[C:7]([H:25])([H:26])[C:11]1([H:33])[H:34])[H:14],36,unassigned_atom_type,0;13,"Atoms 0, 13 could not be assigned a bond charge correction atom type."
spice-pubchem,2331.npz,COc1nn(CSP(=S)(OC)OC)c(=O)s1,[H][C]([H])([H])[O][C]1=[N][N]([C]([H])([H])[S][P](=[S])([O][C]([H])([H])[H])[O][C]([H])([H])[H])[C](=[O])[S]1,[O:1]=[C:9]1[S:7][C:10]([O:4][C:12]([H:17])([H:18])[H:19])=[N:3][N:11]1[C:15]([S:8][P:16](=[S:2])([O:5][C:13]([H:20])([H:21])[H:22])[O:6][C:14]([H:23])([H:24])[H:25])([H:26])[H:27],27,unassigned_atom_type,1;15,"Atoms 1, 15 could not be assigned a bond charge correction atom type."
spice-pubchem,2332.npz,S=P12SP3(=S)SP(=S)(S1)SP(=S)(S2)S3,[S]=[P]12[S][P]3(=[S])[S][P](=[S])([S]1)[S][P](=[S])([S]2)[S]3,[S:1]=[P:11]12[S:5][P:12]3(=[S:2])[S:7][P:13](=[S:3])([S:6]1)[S:10][P:14](=[S:4])([S:8]2)[S:9]3,14,unassigned_atom_type,0;1;2;3;4;5;6;7;8;9;10;11;12;13,"Atoms 0, 1, 2, 3, 4, 5, 6, 7, 8, 9, 10, 11, 12, 13 could not be assigned a bond charge correction atom type."
spice-pubchem,2337.npz,C=CO[PH](=O)O,[H][O][P]([H])(=[O])[O][C]([H])=[C]([H])[H],[O:1]=[P:6]([O:2][H:7])([O:3][C:5](=[C:4]([H:8])[H:9])[H:10])[H:11],11,unassigned_atom_type,0;5;10,"Atoms 0, 5, 10 could not be assigned a bond charge correction atom type."
spice-pubchem,2372.npz,O=C(O)P(=O)(O)O,[H][O][C](=[O])[P](=[O])([O][H])[O][H],[O:1]=[C:6]([O:3][H:8])[P:7](=[O:2])([O:4][H:9])[O:5][H:10],10,unassigned_atom_type,1;6,"Atoms 1, 6 could not be assigned a bond charge correction atom type."
spice-pubchem,2375.npz,Cc1ncc(C[n+]2csc(CCOP(=O)(O)OP(=O)(O)OP(=O)([O-])O)c2C)c(N)n1,[H][O][P](=[O])([O-])[O][P](=[O])([O][H])[O][P](=[O])([O][H])[O][C]([H])([H])[C]([H])([H])[C]1=[C]([C]([H])([H])[H])[N+]([C]([H])([H])[c]2[c]([H])[n][c]([C]([H])([H])[H])[n][c]2[N]([H])[H])=[C]([H])[S]1,[O:1]=[P:28]([O-:4])([O:7][H:31])[O:11][P:30](=[O:3])([O:9][H:33])[O:12][P:29](=[O:2])([O:8][H:32])[O:10][C:26]([C:27]([C:15]1=[C:14]([C:23]([H:38])([H:39])[H:40])[N+:22]([C:25]([c:20]2[c:18]([H:35])[n:5][c:17]([C:24]([H:41])([H:42])[H:43])[n:6][c:19]2[N:21]([H:36])[H:37])([H:44])[H:45])=[C:16]([H:34])[S:13]1)([H:48])[H:49])([H:46])[H:47],49,unassigned_atom_type,0;1;2;3;10;11;27;28;29,"Atoms 0, 1, 2, 3, 10, 11, 27, 28, 29 could not be assigned a bond charge correction atom type."
spice-pubchem,2376.npz,COP(=O)(OC)O/C(C)=C\C(=O)OCc1cccc([N+](=O)[O-])c1,[H]/[C]([C](=[O])[O][C]([H])([H])[c]1[c]([H])[c]([H])[c]([H])[c]([N+](=[O])[O-])[c]1[H])=[C](/[O][P](=[O])([O][C]([H])([H])[H])[O][C]([H])([H])[H])[C]([H])([H])[H],[O:1]=[C:9]([O:5][C:22]([c:17]1[c:14]([H:27])[c:12]([H:25])[c:13]([H:26])[c:16]([N+:18](=[O:2])[O-:4])[c:15]1[H:28])([H:38])[H:39])/[C:10](=[C:11](\[O:6][P:23](=[O:3])([O:7][C:19]([H:29])([H:30])[H:31])[O:8][C:20]([H:32])([H:33])[H:34])[C:21]([H:35])([H:36])[H:37])[H:24],39,unassigned_atom_type,2;22,"Atoms 2, 22 could not be assigned a bond charge correction atom type."
spice-pubchem,2377.npz,CC(=N)NP(=S)(Oc1ccc(Cl)cc1)Oc1ccc(Cl)cc1,[H][N]=[C]([N]([H])[P](=[S])([O][c]1[c]([H])[c]([H])[c]([Cl])[c]([H])[c]1[H])[O][c]1[c]([H])[c]([H])[c]([Cl])[c]([H])[c]1[H])[C]([H])([H])[H],[S:1]=[P:22]([O:5][c:18]1[c:12]([H:28])[c:8]([H:24])[c:16]([Cl:2])[c:9]([H:25])[c:13]1[H:29])([O:6][c:19]1[c:14]([H:30])[c:10]([H:26])[c:17]([Cl:3])[c:11]([H:27])[c:15]1[H:31])[N:20]([C:7](=[N:4][H:23])[C:21]([H:33])([H:34])[H:35])[H:32],35,unassigned_atom_type,0;21,"Atoms 0, 21 could not be assigned a bond charge correction atom type."
spice-pubchem,2380.npz,S=P(Cl)(Cl)Cl,[S]=[P]([Cl])([Cl])[Cl],[S:1]=[P:5]([Cl:2])([Cl:3])[Cl:4],5,unassigned_atom_type,0;1;2;3;4,"Atoms 0, 1, 2, 3, 4 could not be assigned a bond charge correction atom type."
spice-pubchem,2407.npz,O=P(Br)(Br)Br,[O]=[P]([Br])([Br])[Br],[O:1]=[P:5]([Br:2])([Br:3])[Br:4],5,unassigned_atom_type,0;1;2;3;4,"Atoms 0, 1, 2, 3, 4 could not be assigned a bond charge correction atom type."
spice-pubchem,2410.npz,O=P([O-])([O-])[O-],[O]=[P]([O-])([O-])[O-],[O:1]=[P:5]([O-:2])([O-:3])[O-:4],5,unassigned_atom_type,0;1;2;3;4,"Atoms 0, 1, 2, 3, 4 could not be assigned a bond charge correction atom type."
spice-pubchem,2420.npz,O=[PH](F)F,[H][P](=[O])([F])[F],[O:1]=[P:4]([F:2])([F:3])[H:5],5,unassigned_atom_type,0;1;2;3;4,"Atoms 0, 1, 2, 3, 4 could not be assigned a bond charge correction atom type."
spice-pubchem,2427.npz,O=P1(O)C(c2ccccc2)OC(c2ccccc2)OC1c1ccccc1,[H][O][P]1(=[O])[C]([H])([c]2[c]([H])[c]([H])[c]([H])[c]([H])[c]2[H])[O][C]([H])([c]2[c]([H])[c]([H])[c]([H])[c]([H])[c]2[H])[O][C]1([H])[c]1[c]([H])[c]([H])[c]([H])[c]([H])[c]1[H],[O:1]=[P:26]1([O:4][H:27])[C:24]([c:21]2[c:16]([H:39])[c:10]([H:33])[c:6]([H:29])[c:11]([H:34])[c:17]2[H:40])([H:44])[O:2][C:23]([c:20]2[c:14]([H:37])[c:8]([H:31])[c:5]([H:28])[c:9]([H:32])[c:15]2[H:38])([H:43])[O:3][C:25]1([c:22]1[c:18]([H:41])[c:12]([H:35])[c:7]([H:30])[c:13]([H:36])[c:19]1[H:42])[H:45],45,unassigned_atom_type,0;25,"Atoms 0, 25 could not be assigned a bond charge correction atom type."
spice-pubchem,2431.npz,CONC(=O)NP(NC(=O)OC(C)O)NC(=O)OC(CCl)CCl,[H][O][C]([H])([O][C](=[O])[N]([H])[P]([N]([H])[C](=[O])[O][C]([H])([C]([H])([H])[Cl])[C]([H])([H])[Cl])[N]([H])[C](=[O])[N]([H])[O][C]([H])([H])[H])[C]([H])([H])[H],[O:1]=[C:10]([O:8][C:22]([O:7][H:24])([C:19]([H:32])([H:33])[H:34])[H:39])[N:14]([P:17]([N:15]([C:11](=[O:2])[O:9][C:23]([C:20]([Cl:4])([H:35])[H:36])([C:21]([Cl:5])([H:37])[H:38])[H:40])[H:27])[N:16]([C:12](=[O:3])[N:13]([O:6][C:18]([H:29])([H:30])[H:31])[H:25])[H:28])[H:26],40,unassigned_atom_type,16,Atoms 16 could not be assigned a bond charge correction atom type.
spice-pubchem,2455.npz,COP(=S)(OC)SCC(=O)CNC(=O)Oc1cccc(C(C)C)c1,[H][c]1[c]([H])[c]([O][C](=[O])[N]([H])[C]([H])([H])[C](=[O])[C]([H])([H])[S][P](=[S])([O][C]([H])([H])[H])[O][C]([H])([H])[H])[c]([H])[c]([C]([H])([C]([H])([H])[H])[C]([H])([H])[H])[c]1[H],[O:1]=[C:8]([O:4][c:14]1[c:11]([H:26])[c:10]([H:25])[c:12]([H:27])[c:15]([C:23]([C:21]([H:40])([H:41])[H:42])([C:22]([H:43])([H:44])[H:45])[H:46])[c:13]1[H:28])[N:16]([C:20]([C:9](=[O:2])[C:19]([S:7][P:24](=[S:3])([O:5][C:17]([H:30])([H:31])[H:32])[O:6][C:18]([H:33])([H:34])[H:35])([H:36])[H:37])([H:38])[H:39])[H:29],46,unassigned_atom_type,2;23,"Atoms 2, 23 could not be assigned a bond charge correction atom type."
spice-pubchem,2472.npz,COC(=O)N(C)C(=O)CSP(C)(=S)OC,[H][C]([H])([H])[O][C](=[O])[N]([C](=[O])[C]([H])([H])[S][P](=[S])([O][C]([H])([H])[H])[C]([H])([H])[H])[C]([H])([H])[H],[O:1]=[C:7]([O:4][C:10]([H:16])([H:17])[H:18])[N:9]([C:8](=[O:2])[C:12]([S:6][P:15](=[S:3])([O:5][C:11]([H:19])([H:20])[H:21])[C:14]([H:27])([H:28])[H:29])([H:22])[H:23])[C:13]([H:24])([H:25])[H:26],29,unassigned_atom_type,2;14,"Atoms 2, 14 could not be assigned a bond charge correction atom type."
spice-pubchem,2491.npz,CCOP(=O)(NC(C)C)Oc1ccc(S(C)(=O)=O)c(C)c1,[H][c]1[c]([H])[c]([S](=[O])(=[O])[C]([H])([H])[H])[c]([C]([H])([H])[H])[c]([H])[c]1[O][P](=[O])([O][C]([H])([H])[C]([H])([H])[H])[N]([H])[C]([H])([C]([H])([H])[H])[C]([H])([H])[H],[O:1]=[P:20]([O:4][c:9]1[c:6]([H:22])[c:8]([H:24])[c:11]([S:21](=[O:2])(=[O:3])[C:19]([H:41])([H:42])[H:43])[c:10]([C:13]([H:26])([H:27])[H:28])[c:7]1[H:23])([O:5][C:17]([C:14]([H:29])([H:30])[H:31])([H:38])[H:39])[N:12]([C:18]([C:15]([H:32])([H:33])[H:34])([C:16]([H:35])([H:36])[H:37])[H:40])[H:25],43,unassigned_atom_type,0;19,"Atoms 0, 19 could not be assigned a bond charge correction atom type."
spice-pubchem,2502.npz,COP(=O)(OC)OC1=C(Cl)CC2C=CC12,[H][C]1=[C]([H])[C]2([H])[C]([H])([H])[C]([Cl])=[C]([O][P](=[O])([O][C]([H])([H])[H])[O][C]([H])([H])[H])[C]12[H],[O:1]=[P:15]([O:3][C:8]1=[C:6]([Cl:2])[C:12]([H:24])([H:25])[C:14]2([H:27])[C:9]([H:17])=[C:7]([H:16])[C:13]12[H:26])([O:4][C:10]([H:18])([H:19])[H:20])[O:5][C:11]([H:21])([H:22])[H:23],27,unassigned_atom_type,0;14,"Atoms 0, 14 could not be assigned a bond charge correction atom type."
spice-pubchem,2504.npz,CCN(CC)P1(=O)OC(C)(C)CC1(C)O,[H][O][C]1([C]([H])([H])[H])[C]([H])([H])[C]([C]([H])([H])[H])([C]([H])([H])[H])[O][P]1(=[O])[N]([C]([H])([H])[C]([H])([H])[H])[C]([H])([H])[C]([H])([H])[H],[O:1]=[P:15]1([N:4]([C:10]([C:5]([H:17])([H:18])[H:19])([H:32])[H:33])[C:11]([C:6]([H:20])([H:21])[H:22])([H:34])[H:35])[O:3][C:13]([C:7]([H:23])([H:24])[H:25])([C:8]([H:26])([H:27])[H:28])[C:12]([H:36])([H:37])[C:14]1([O:2][H:16])[C:9]([H:29])([H:30])[H:31],37,unassigned_atom_type,0;14,"Atoms 0, 14 could not be assigned a bond charge correction atom type."
spice-pubchem,2518.npz,O=P(OC(Cl)CCCl)(OC(Cl)CCCl)OC(Cl)CCCl,[H][C]([H])([Cl])[C]([H])([H])[C]([H])([Cl])[O][P](=[O])([O][C]([H])([Cl])[C]([H])([H])[C]([H])([H])[Cl])[O][C]([H])([Cl])[C]([H])([H])[C]([H])([H])[Cl],[O:1]=[P:20]([O:8][C:14]([Cl:5])([C:17]([C:11]([Cl:2])([H:21])[H:22])([H:30])[H:31])[H:27])([O:9][C:15]([Cl:6])([C:18]([C:12]([Cl:3])([H:23])[H:24])([H:32])[H:33])[H:28])[O:10][C:16]([Cl:7])([C:19]([C:13]([Cl:4])([H:25])[H:26])([H:34])[H:35])[H:29],35,unassigned_atom_type,0;19,"Atoms 0, 19 could not be assigned a bond charge correction atom type."
spice-pubchem,2536.npz,CCOC(=O)N(OC(C)=O)P(=O)(N1CC1(C)C)N1CC1(C)C,[H][C]([H])([H])[C](=[O])[O][N]([C](=[O])[O][C]([H])([H])[C]([H])([H])[H])[P](=[O])([N]1[C]([H])([H])[C]1([C]([H])([H])[H])[C]([H])([H])[H])[N]1[C]([H])([H])[C]1([C]([H])([H])[H])[C]([H])([H])[H],[O:1]=[C:6]([O:5][C:17]([C:12]([H:26])([H:27])[H:28])([H:41])[H:42])[N:8]([O:4][C:7](=[O:2])[C:11]([H:23])([H:24])[H:25])[P:22](=[O:3])([N:9]1[C:18]([H:43])([H:44])[C:20]1([C:13]([H:29])([H:30])[H:31])[C:14]([H:32])([H:33])[H:34])[N:10]1[C:19]([H:45])([H:46])[C:21]1([C:15]([H:35])([H:36])[H:37])[C:16]([H:38])([H:39])[H:40],46,unassigned_atom_type,2;21,"Atoms 2, 21 could not be assigned a bond charge correction atom type."
spice-pubchem,2596.npz,O=P(O)(O)Sc1nc(Cl)c(Cl)cc1Cl,[H][O][P](=[O])([O][H])[S][c]1[n][c]([Cl])[c]([Cl])[c]([H])[c]1[Cl],[O:1]=[P:14]([O:6][H:15])([O:7][H:16])[S:8][c:10]1[n:5][c:9]([Cl:2])[c:12]([Cl:3])[c:11]([H:17])[c:13]1[Cl:4],17,unassigned_atom_type,0;13,"Atoms 0, 13 could not be assigned a bond charge correction atom type."
spice-pubchem,2600.npz,FCCOP(OCCF)OCCF,[H][C]([H])([F])[C]([H])([H])[O][P]([O][C]([H])([H])[C]([H])([H])[F])[O][C]([H])([H])[C]([H])([H])[F],[F:1][C:8]([C:11]([O:4][P:7]([O:5][C:12]([C:9]([F:2])([H:16])[H:17])([H:22])[H:23])[O:6][C:13]([C:10]([F:3])([H:18])[H:19])([H:24])[H:25])([H:20])[H:21])([H:14])[H:15],25,unassigned_atom_type,6,Atoms 6 could not be assigned a bond charge correction atom type.
spice-pubchem,2609.npz,CSP(=O)([O-])[n+]1ccn(C)c1,[H][C]1=[C]([H])[N+]([P](=[O])([O-])[S][C]([H])([H])[H])=[C]([H])[N]1[C]([H])([H])[H],[O:1]=[P:11]([O-:2])([S:3][C:9]([H:15])([H:16])[H:17])[N+:8]1=[C:6]([H:14])[N:7]([C:10]([H:18])([H:19])[H:20])[C:4]([H:12])=[C:5]1[H:13],20,unassigned_atom_type,0;1;10,"Atoms 0, 1, 10 could not be assigned a bond charge correction atom type."
spice-pubchem,2634.npz,CC1OC(C)P(=O)(c2ccccc2)C(C)O1,[H][c]1[c]([H])[c]([H])[c]([P]2(=[O])[C]([H])([C]([H])([H])[H])[O][C]([H])([C]([H])([H])[H])[O][C]2([H])[C]([H])([H])[H])[c]([H])[c]1[H],[O:1]=[P:16]1([c:9]2[c:7]([H:20])[c:5]([H:18])[c:4]([H:17])[c:6]([H:19])[c:8]2[H:21])[C:14]([C:11]([H:25])([H:26])[H:27])([H:32])[O:2][C:13]([C:10]([H:22])([H:23])[H:24])([H:31])[O:3][C:15]1([C:12]([H:28])([H:29])[H:30])[H:33],33,unassigned_atom_type,0;15,"Atoms 0, 15 could not be assigned a bond charge correction atom type."
spice-pubchem,2637.npz,CCCCN(CCCC)P1SCCS1,[H][C]([H])([H])[C]([H])([H])[C]([H])([H])[C]([H])([H])[N]([P]1[S][C]([H])([H])[C]([H])([H])[S]1)[C]([H])([H])[C]([H])([H])[C]([H])([H])[C]([H])([H])[H],[S:1]1[P:4]([N:3]([C:9]([C:13]([C:11]([C:5]([H:15])([H:16])[H:17])([H:29])[H:30])([H:33])[H:34])([H:25])[H:26])[C:10]([C:14]([C:12]([C:6]([H:18])([H:19])[H:20])([H:31])[H:32])([H:35])[H:36])([H:27])[H:28])[S:2][C:8]([H:23])([H:24])[C:7]1([H:21])[H:22],36,unassigned_atom_type,3,Atoms 3 could not be assigned a bond charge correction atom type.
spice-pubchem,2669.npz,CCCC(O)P(=S)(c1ccccc1)C(O)CCC,[H][O][C]([H])([C]([H])([H])[C]([H])([H])[C]([H])([H])[H])[P](=[S])([c]1[c]([H])[c]([H])[c]([H])[c]([H])[c]1[H])[C]([H])([O][H])[C]([H])([H])[C]([H])([H])[C]([H])([H])[H],[S:1]=[P:18]([c:9]1[c:7]([H:24])[c:5]([H:22])[c:4]([H:21])[c:6]([H:23])[c:8]1[H:25])([C:16]([O:2][H:19])([C:14]([C:12]([C:10]([H:26])([H:27])[H:28])([H:32])[H:33])([H:36])[H:37])[H:40])[C:17]([O:3][H:20])([C:15]([C:13]([C:11]([H:29])([H:30])[H:31])([H:34])[H:35])([H:38])[H:39])[H:41],41,unassigned_atom_type,0;17,"Atoms 0, 17 could not be assigned a bond charge correction atom type."
spice-pubchem,275.npz,O=[N+]([O-])c1cc2[n-]c(=[OH+])c(=[OH+])[n-]c2nc1[N+](=O)[O-],[H][O+]=[C]1[N-][c]2[n][c]([N+](=[O])[O-])[c]([N+](=[O])[O-])[c]([H])[c]2[N-][C]1=[O+][H],[O:1]=[N+:17]([O-:3])[c:13]1[n:5][c:12]2[c:15]([c:14]([H:21])[c:16]1[N+:18](=[O:2])[O-:4])[N-:7][C:11](=[O+:9][H:20])[C:10](=[O+:8][H:19])[N-:6]2,21,incomplete_bond_assignment,5;6;9;10,Bond charge corrections could not be applied to all bonds in the molecule: | atom 5: expected=2 assigned=1.0 | atom 6: expected=2 assigned=1.0 | atom 9: expected=3 assigned=2.0 | atom 10: expected=3 assigned=2.0
spice-pubchem,2757.npz,COC1(c2cccc(OP(=O)(O)O)c2)OOC12C1CC3CC2CC(Cl)(C3)C1,[H][O][P](=[O])([O][H])[O][c]1[c]([H])[c]([H])[c]([H])[c]([C]2([O][C]([H])([H])[H])[O][O][C]23[C]2([H])[C]([H])([H])[C]4([H])[C]([H])([H])[C]3([H])[C]([H])([H])[C]([Cl])([C]4([H])[H])[C]2([H])[H])[c]1[H],[O:1]=[P:27]([O:6][H:28])([O:7][H:29])[O:8][c:13]1[c:10]([H:31])[c:9]([H:30])[c:11]([H:32])[c:14]([C:16]2([O:4][C:15]([H:34])([H:35])[H:36])[O:3][O:5][C:26]23[C:23]2([H:48])[C:17]([H:37])([H:38])[C:22]4([H:47])[C:18]([H:39])([H:40])[C:24]3([H:49])[C:21]([H:45])([H:46])[C:25]([Cl:2])([C:19]4([H:41])[H:42])[C:20]2([H:43])[H:44])[c:12]1[H:33],49,unassigned_atom_type,0;26,"Atoms 0, 26 could not be assigned a bond charge correction atom type."
spice-pubchem,2764.npz,O=P(Cl)(Cl)C12CC3CC(CC(C3)C1)C2,[H][C]1([H])[C]2([H])[C]([H])([H])[C]3([H])[C]([H])([H])[C]1([H])[C]([H])([H])[C]([P](=[O])([Cl])[Cl])([C]2([H])[H])[C]3([H])[H],[O:1]=[P:14]([Cl:2])([Cl:3])[C:13]12[C:7]([H:21])([H:22])[C:10]3([H:27])[C:4]([H:15])([H:16])[C:11]([H:28])([C:6]([H:19])([H:20])[C:12]([H:29])([C:5]3([H:17])[H:18])[C:9]1([H:25])[H:26])[C:8]2([H:23])[H:24],29,unassigned_atom_type,0;1;2;13,"Atoms 0, 1, 2, 13 could not be assigned a bond charge correction atom type."
spice-pubchem,2803.npz,O=P1(Cl)OCC2(CO1)COP(=O)(Cl)OC2,[H][C]1([H])[O][P](=[O])([Cl])[O][C]([H])([H])[C]12[C]([H])([H])[O][P](=[O])([Cl])[O][C]2([H])[H],[O:1]=[P:14]1([Cl:3])[O:5][C:9]([H:16])([H:17])[C:13]2([C:10]([H:18])([H:19])[O:6]1)[C:11]([H:20])([H:21])[O:7][P:15](=[O:2])([Cl:4])[O:8][C:12]2([H:22])[H:23],23,unassigned_atom_type,0;1;2;3;13;14,"Atoms 0, 1, 2, 3, 13, 14 could not be assigned a bond charge correction atom type."
spice-pubchem,2811.npz,CCOOP(Cc1ccc(OC)cc1)OCC,[H][c]1[c]([H])[c]([C]([H])([H])[P]([O][O][C]([H])([H])[C]([H])([H])[H])[O][C]([H])([H])[C]([H])([H])[H])[c]([H])[c]([H])[c]1[O][C]([H])([H])[H],[O:1]([O:3][C:16]([C:14]([H:27])([H:28])[H:29])([H:33])[H:34])[P:11]([O:4][C:17]([C:15]([H:30])([H:31])[H:32])([H:35])[H:36])[C:13]([c:10]1[c:7]([H:20])[c:5]([H:18])[c:9]([O:2][C:12]([H:22])([H:23])[H:24])[c:6]([H:19])[c:8]1[H:21])([H:25])[H:26],36,unassigned_atom_type,10,Atoms 10 could not be assigned a bond charge correction atom type.
spice-pubchem,2816.npz,CC(C)NP(F)(=S)NC(C)C,[H][N]([C]([H])([C]([H])([H])[H])[C]([H])([H])[H])[P]([F])(=[S])[N]([H])[C]([H])([C]([H])([H])[H])[C]([H])([H])[H],[F:1][P:11](=[S:2])([N:3]([C:9]([C:5]([H:14])([H:15])[H:16])([C:6]([H:17])([H:18])[H:19])[H:26])[H:12])[N:4]([C:10]([C:7]([H:20])([H:21])[H:22])([C:8]([H:23])([H:24])[H:25])[H:27])[H:13],27,unassigned_atom_type,0;1;10,"Atoms 0, 1, 10 could not be assigned a bond charge correction atom type."
spice-pubchem,2826.npz,O=P1(Cl)C=CCC1,[H][C]1=[C]([H])[P](=[O])([Cl])[C]([H])([H])[C]1([H])[H],[O:1]=[P:7]1([Cl:2])[C:4]([H:9])=[C:3]([H:8])[C:5]([H:10])([H:11])[C:6]1([H:12])[H:13],13,unassigned_atom_type,0;1;6,"Atoms 0, 1, 6 could not be assigned a bond charge correction atom type."
spice-pubchem,2829.npz,CCSP(SCC)SCC,[H][C]([H])([H])[C]([H])([H])[S][P]([S][C]([H])([H])[C]([H])([H])[H])[S][C]([H])([H])[C]([H])([H])[H],[S:1]([P:4]([S:2][C:9]([C:6]([H:14])([H:15])[H:16])([H:22])[H:23])[S:3][C:10]([C:7]([H:17])([H:18])[H:19])([H:24])[H:25])[C:8]([C:5]([H:11])([H:12])[H:13])([H:20])[H:21],25,unassigned_atom_type,3,Atoms 3 could not be assigned a bond charge correction atom type.
spice-pubchem,2859.npz,C1=CPCC1,[H][C]1=[C]([H])[C]([H])([H])[C]([H])([H])[P]1[H],[C:1]1([H:6])=[C:2]([H:7])[C:4]([H:9])([H:10])[C:5]([H:11])([H:12])[P:3]1[H:8],12,unassigned_atom_type,2;7,"Atoms 2, 7 could not be assigned a bond charge correction atom type."
spice-pubchem,2861.npz,CC(C)OP(=S)(OC(C)C)SCSC(C)C,[H][C]([H])([S][C]([H])([C]([H])([H])[H])[C]([H])([H])[H])[S][P](=[S])([O][C]([H])([C]([H])([H])[H])[C]([H])([H])[H])[O][C]([H])([C]([H])([H])[H])[C]([H])([H])[H],[S:1]=[P:16]([O:2][C:13]([C:7]([H:19])([H:20])[H:21])([C:8]([H:22])([H:23])[H:24])[H:37])([O:3][C:14]([C:9]([H:25])([H:26])[H:27])([C:10]([H:28])([H:29])[H:30])[H:38])[S:5][C:6]([S:4][C:15]([C:11]([H:31])([H:32])[H:33])([C:12]([H:34])([H:35])[H:36])[H:39])([H:17])[H:18],39,unassigned_atom_type,0;15,"Atoms 0, 15 could not be assigned a bond charge correction atom type."
spice-pubchem,2867.npz,CC(C)OP(=S)(CCl)Sc1ccc(Cl)cc1,[H][c]1[c]([H])[c]([S][P](=[S])([O][C]([H])([C]([H])([H])[H])[C]([H])([H])[H])[C]([H])([H])[Cl])[c]([H])[c]([H])[c]1[Cl],[S:1]=[P:16]([O:4][C:14]([C:12]([H:21])([H:22])[H:23])([C:13]([H:24])([H:25])[H:26])[H:27])([S:5][c:11]1[c:8]([H:19])[c:6]([H:17])[c:10]([Cl:2])[c:7]([H:18])[c:9]1[H:20])[C:15]([Cl:3])([H:28])[H:29],29,unassigned_atom_type,0;15,"Atoms 0, 15 could not be assigned a bond charge correction atom type."
spice-pubchem,2882.npz,CCOP(=S)(CCl)Oc1ccc(C#N)cc1OC,[H][c]1[c]([H])[c]([O][P](=[S])([O][C]([H])([H])[C]([H])([H])[H])[C]([H])([H])[Cl])[c]([O][C]([H])([H])[H])[c]([H])[c]1[C]#[N],[N:1]#[C:4][c:11]1[c:8]([H:19])[c:9]([H:20])[c:12]([O:6][P:18](=[S:2])([O:7][C:16]([C:15]([H:25])([H:26])[H:27])([H:28])[H:29])[C:17]([Cl:3])([H:30])[H:31])[c:13]([O:5][C:14]([H:22])([H:23])[H:24])[c:10]1[H:21],31,unassigned_atom_type,1;17,"Atoms 1, 17 could not be assigned a bond charge correction atom type."
spice-pubchem,2893.npz,ClP1OCC2(CO1)COP(Cl)OC2,[H][C]1([H])[O][P]([Cl])[O][C]([H])([H])[C]12[C]([H])([H])[O][P]([Cl])[O][C]2([H])[H],[Cl:1][P:7]1[O:3][C:9]([H:14])([H:15])[C:13]2([C:10]([H:16])([H:17])[O:4]1)[C:11]([H:18])([H:19])[O:5][P:8]([Cl:2])[O:6][C:12]2([H:20])[H:21],21,unassigned_atom_type,0;1;6;7,"Atoms 0, 1, 6, 7 could not be assigned a bond charge correction atom type."
spice-pubchem,2895.npz,CP(=S)(OCCCCCl)Oc1ccc([N+](=O)[O-])c(C(F)(F)F)c1,[H][c]1[c]([H])[c]([N+](=[O])[O-])[c]([C]([F])([F])[F])[c]([H])[c]1[O][P](=[S])([O][C]([H])([H])[C]([H])([H])[C]([H])([H])[C]([H])([H])[Cl])[C]([H])([H])[H],[O:1]=[N+:16]([O-:2])[c:14]1[c:11]([H:25])[c:10]([H:24])[c:13]([O:8][P:23](=[S:6])([O:9][C:19]([C:21]([C:20]([C:18]([Cl:7])([H:27])[H:28])([H:31])[H:32])([H:33])[H:34])([H:29])[H:30])[C:22]([H:35])([H:36])[H:37])[c:12]([H:26])[c:15]1[C:17]([F:3])([F:4])[F:5],37,unassigned_atom_type,5;22,"Atoms 5, 22 could not be assigned a bond charge correction atom type."
spice-pubchem,2903.npz,C(#CP(c1ccccc1)c1ccccc1)P(c1ccccc1)c1ccccc1,[H][c]1[c]([H])[c]([H])[c]([P]([C]#[C][P]([c]2[c]([H])[c]([H])[c]([H])[c]([H])[c]2[H])[c]2[c]([H])[c]([H])[c]([H])[c]([H])[c]2[H])[c]2[c]([H])[c]([H])[c]([H])[c]([H])[c]2[H])[c]([H])[c]1[H],[C:1](#[C:2][P:28]([c:25]1[c:19]([H:45])[c:11]([H:37])[c:5]([H:31])[c:12]([H:38])[c:20]1[H:46])[c:26]1[c:21]([H:47])[c:13]([H:39])[c:6]([H:32])[c:14]([H:40])[c:22]1[H:48])[P:27]([c:23]1[c:15]([H:41])[c:7]([H:33])[c:3]([H:29])[c:8]([H:34])[c:16]1[H:42])[c:24]1[c:17]([H:43])[c:9]([H:35])[c:4]([H:30])[c:10]([H:36])[c:18]1[H:44],48,unassigned_atom_type,26;27,"Atoms 26, 27 could not be assigned a bond charge correction atom type."
spice-pubchem,2907.npz,COP(=O)(OC)C(OC(C)=O)=C(Cl)Cl,[H][C]([H])([H])[O][P](=[O])([O][C]([H])([H])[H])[C]([O][C](=[O])[C]([H])([H])[H])=[C]([Cl])[Cl],[O:1]=[C:8]([O:5][C:10](=[C:9]([Cl:3])[Cl:4])[P:14](=[O:2])([O:6][C:11]([H:15])([H:16])[H:17])[O:7][C:12]([H:18])([H:19])[H:20])[C:13]([H:21])([H:22])[H:23],23,unassigned_atom_type,1;13,"Atoms 1, 13 could not be assigned a bond charge correction atom type."
spice-pubchem,2911.npz,O=P(Oc1c(Cl)c(Cl)c(Cl)c(Cl)c1Cl)(Oc1c(Cl)c(Cl)c(Cl)c(Cl)c1Cl)Oc1c(Cl)c(Cl)c(Cl)c(Cl)c1Cl,[O]=[P]([O][c]1[c]([Cl])[c]([Cl])[c]([Cl])[c]([Cl])[c]1[Cl])([O][c]1[c]([Cl])[c]([Cl])[c]([Cl])[c]([Cl])[c]1[Cl])[O][c]1[c]([Cl])[c]([Cl])[c]([Cl])[c]([Cl])[c]1[Cl],[O:1]=[P:38]([O:17][c:35]1[c:29]([Cl:11])[c:23]([Cl:5])[c:20]([Cl:2])[c:24]([Cl:6])[c:30]1[Cl:12])([O:18][c:36]1[c:31]([Cl:13])[c:25]([Cl:7])[c:21]([Cl:3])[c:26]([Cl:8])[c:32]1[Cl:14])[O:19][c:37]1[c:33]([Cl:15])[c:27]([Cl:9])[c:22]([Cl:4])[c:28]([Cl:10])[c:34]1[Cl:16],38,unassigned_atom_type,0;37,"Atoms 0, 37 could not be assigned a bond charge correction atom type."
spice-pubchem,2913.npz,CCCCP(=O)(CCCC)N(C(C)C)C(C)C,[H][C]([H])([H])[C]([H])([H])[C]([H])([H])[C]([H])([H])[P](=[O])([N]([C]([H])([C]([H])([H])[H])[C]([H])([H])[H])[C]([H])([C]([H])([H])[H])[C]([H])([H])[H])[C]([H])([H])[C]([H])([H])[C]([H])([H])[C]([H])([H])[H],[O:1]=[P:17]([N:2]([C:13]([C:5]([H:24])([H:25])[H:26])([C:6]([H:27])([H:28])[H:29])[H:44])[C:14]([C:7]([H:30])([H:31])[H:32])([C:8]([H:33])([H:34])[H:35])[H:45])([C:15]([C:11]([C:9]([C:3]([H:18])([H:19])[H:20])([H:36])[H:37])([H:40])[H:41])([H:46])[H:47])[C:16]([C:12]([C:10]([C:4]([H:21])([H:22])[H:23])([H:38])[H:39])([H:42])[H:43])([H:48])[H:49],49,unassigned_atom_type,0;16,"Atoms 0, 16 could not be assigned a bond charge correction atom type."
spice-pubchem,2914.npz,CN(C)c1ccc(P(O)O)cc1,[H][O][P]([O][H])[c]1[c]([H])[c]([H])[c]([N]([C]([H])([H])[H])[C]([H])([H])[H])[c]([H])[c]1[H],[O:1]([P:10]([O:2][H:14])[c:8]1[c:5]([H:17])[c:3]([H:15])[c:7]([N:9]([C:11]([H:19])([H:20])[H:21])[C:12]([H:22])([H:23])[H:24])[c:4]([H:16])[c:6]1[H:18])[H:13],24,unassigned_atom_type,9,Atoms 9 could not be assigned a bond charge correction atom type.
spice-pubchem,2916.npz,CCS(=O)CCOP(=O)(OC)OC=C(Cl)Cl,[H][C]([O][P](=[O])([O][C]([H])([H])[H])[O][C]([H])([H])[C]([H])([H])[S](=[O])[C]([H])([H])[C]([H])([H])[H])=[C]([Cl])[Cl],[O:1]=[S:10]([C:14]([C:12]([H:21])([H:22])[H:23])([H:26])[H:27])[C:15]([C:13]([O:7][P:16](=[O:2])([O:5][C:9](=[C:8]([Cl:3])[Cl:4])[H:17])[O:6][C:11]([H:18])([H:19])[H:20])([H:24])[H:25])([H:28])[H:29],29,unassigned_atom_type,1;15,"Atoms 1, 15 could not be assigned a bond charge correction atom type."
spice-pubchem,2918.npz,CP(C)(=O)CO,[H][O][C]([H])([H])[P](=[O])([C]([H])([H])[H])[C]([H])([H])[H],[O:1]=[P:6]([C:3]([H:8])([H:9])[H:10])([C:4]([H:11])([H:12])[H:13])[C:5]([O:2][H:7])([H:14])[H:15],15,unassigned_atom_type,0;5,"Atoms 0, 5 could not be assigned a bond charge correction atom type."
spice-pubchem,2924.npz,CCP(=O)(CC)OP(=O)(CC)CC,[H][C]([H])([H])[C]([H])([H])[P](=[O])([O][P](=[O])([C]([H])([H])[C]([H])([H])[H])[C]([H])([H])[C]([H])([H])[H])[C]([H])([H])[C]([H])([H])[H],[O:1]=[P:12]([O:3][P:13](=[O:2])([C:10]([C:6]([H:20])([H:21])[H:22])([H:30])[H:31])[C:11]([C:7]([H:23])([H:24])[H:25])([H:32])[H:33])([C:8]([C:4]([H:14])([H:15])[H:16])([H:26])[H:27])[C:9]([C:5]([H:17])([H:18])[H:19])([H:28])[H:29],33,unassigned_atom_type,0;1;2;11;12,"Atoms 0, 1, 2, 11, 12 could not be assigned a bond charge correction atom type."
spice-pubchem,2944.npz,N#CCC[PH](=O)CCC#N,[H][C]([H])([C]#[N])[C]([H])([H])[P]([H])(=[O])[C]([H])([H])[C]([H])([H])[C]#[N],[N:1]#[C:4][C:6]([C:8]([P:10](=[O:3])([C:9]([C:7]([C:5]#[N:2])([H:13])[H:14])([H:17])[H:18])[H:19])([H:15])[H:16])([H:11])[H:12],19,unassigned_atom_type,2;9;18,"Atoms 2, 9, 18 could not be assigned a bond charge correction atom type."
spice-pubchem,2947.npz,CC1=CCP(C)(=O)C1,[H][C]1=[C]([C]([H])([H])[H])[C]([H])([H])[P](=[O])([C]([H])([H])[H])[C]1([H])[H],[O:1]=[P:8]1([C:5]([H:13])([H:14])[H:15])[C:6]([H:16])([H:17])[C:2]([H:9])=[C:3]([C:4]([H:10])([H:11])[H:12])[C:7]1([H:18])[H:19],19,unassigned_atom_type,0;7,"Atoms 0, 7 could not be assigned a bond charge correction atom type."
spice-pubchem,2997.npz,CCCSP(C)(=S)Oc1csc2ccccc12,[H][C]1=[C]([O][P](=[S])([S][C]([H])([H])[C]([H])([H])[C]([H])([H])[H])[C]([H])([H])[H])[c]2[c]([H])[c]([H])[c]([H])[c]([H])[c]2[S]1,[S:1]=[P:17]([O:2][C:6]1=[C:5]([H:18])[S:3][c:11]2[c:9]([H:21])[c:7]([H:19])[c:8]([H:20])[c:10]([H:22])[c:12]21)([S:4][C:14]([C:15]([C:13]([H:23])([H:24])[H:25])([H:28])[H:29])([H:26])[H:27])[C:16]([H:30])([H:31])[H:32],32,unassigned_atom_type,0;16,"Atoms 0, 16 could not be assigned a bond charge correction atom type."
spice-pubchem,3003.npz,CC12CSP(=S)(SC1)SC2,[H][C]([H])([H])[C]12[C]([H])([H])[S][P](=[S])([S][C]1([H])[H])[S][C]2([H])[H],[S:1]=[P:10]12[S:2][C:6]([H:14])([H:15])[C:9]([C:5]([H:11])([H:12])[H:13])([C:7]([H:16])([H:17])[S:3]1)[C:8]([H:18])([H:19])[S:4]2,19,unassigned_atom_type,0;9,"Atoms 0, 9 could not be assigned a bond charge correction atom type."
spice-pubchem,3006.npz,COP(=S)(OC)SS(=O)(=O)c1ccccc1,[H][c]1[c]([H])[c]([H])[c]([S](=[O])(=[O])[S][P](=[S])([O][C]([H])([H])[H])[O][C]([H])([H])[H])[c]([H])[c]1[H],[O:1]=[S:16](=[O:2])([S:6][P:15](=[S:3])([O:4][C:13]([H:22])([H:23])[H:24])[O:5][C:14]([H:25])([H:26])[H:27])[c:12]1[c:10]([H:20])[c:8]([H:18])[c:7]([H:17])[c:9]([H:19])[c:11]1[H:21],27,unassigned_atom_type,2;14,"Atoms 2, 14 could not be assigned a bond charge correction atom type."
spice-pubchem,3009.npz,CCOP(N)OCCOCCSP(=O)(OCC)OCC,[H][N]([H])[P]([O][C]([H])([H])[C]([H])([H])[H])[O][C]([H])([H])[C]([H])([H])[O][C]([H])([H])[C]([H])([H])[S][P](=[O])([O][C]([H])([H])[C]([H])([H])[H])[O][C]([H])([H])[C]([H])([H])[H],[O:1]=[P:20]([O:5][C:14]([C:11]([H:26])([H:27])[H:28])([H:34])[H:35])([O:6][C:15]([C:12]([H:29])([H:30])[H:31])([H:36])[H:37])[S:7][C:19]([C:18]([O:4][C:17]([C:16]([O:3][P:9]([O:2][C:13]([C:10]([H:23])([H:24])[H:25])([H:32])[H:33])[N:8]([H:21])[H:22])([H:38])[H:39])([H:40])[H:41])([H:42])[H:43])([H:44])[H:45],45,unassigned_atom_type,0;8;19,"Atoms 0, 8, 19 could not be assigned a bond charge correction atom type."
spice-pubchem,3012.npz,O=P(O)(O)Oc1cc(Br)cc(Br)c1-c1c(O)cc(Br)cc1Br,[H][O][c]1[c]([H])[c]([Br])[c]([H])[c]([Br])[c]1-[c]1[c]([Br])[c]([H])[c]([Br])[c]([H])[c]1[O][P](=[O])([O][H])[O][H],[O:1]=[P:22]([O:7][H:24])([O:8][H:25])[O:9][c:19]1[c:13]([H:29])[c:15]([Br:3])[c:11]([H:27])[c:17]([Br:5])[c:21]1-[c:20]1[c:16]([Br:4])[c:10]([H:26])[c:14]([Br:2])[c:12]([H:28])[c:18]1[O:6][H:23],29,unassigned_atom_type,0;21,"Atoms 0, 21 could not be assigned a bond charge correction atom type."
spice-pubchem,3045.npz,CC(C)(C)c1ccc(P(=O)(O)C(C)(C)C)cc1,[H][O][P](=[O])([c]1[c]([H])[c]([H])[c]([C]([C]([H])([H])[H])([C]([H])([H])[H])[C]([H])([H])[H])[c]([H])[c]1[H])[C]([C]([H])([H])[H])([C]([H])([H])[H])[C]([H])([H])[H],[O:1]=[P:17]([O:2][H:18])([c:8]1[c:5]([H:21])[c:3]([H:19])[c:7]([C:15]([C:9]([H:23])([H:24])[H:25])([C:10]([H:26])([H:27])[H:28])[C:11]([H:29])([H:30])[H:31])[c:4]([H:20])[c:6]1[H:22])[C:16]([C:12]([H:32])([H:33])[H:34])([C:13]([H:35])([H:36])[H:37])[C:14]([H:38])([H:39])[H:40],40,unassigned_atom_type,0;16,"Atoms 0, 16 could not be assigned a bond charge correction atom type."
spice-pubchem,3076.npz,CC1(C)CC(NP(=S)(N2CC2)N2CC2)CC(C)(C)N1[O-],[H][N]([C]1([H])[C]([H])([H])[C]([C]([H])([H])[H])([C]([H])([H])[H])[N]([O-])[C]([C]([H])([H])[H])([C]([H])([H])[H])[C]1([H])[H])[P](=[S])([N]1[C]([H])([H])[C]1([H])[H])[N]1[C]([H])([H])[C]1([H])[H],[O-:1][N:3]1[C:18]([C:7]([H:22])([H:23])[H:24])([C:8]([H:25])([H:26])[H:27])[C:15]([H:42])([H:43])[C:17]([N:6]([P:20](=[S:2])([N:4]2[C:11]([H:34])([H:35])[C:12]2([H:36])[H:37])[N:5]2[C:13]([H:38])([H:39])[C:14]2([H:40])[H:41])[H:21])([H:46])[C:16]([H:44])([H:45])[C:19]1([C:9]([H:28])([H:29])[H:30])[C:10]([H:31])([H:32])[H:33],46,unassigned_atom_type,1;19,"Atoms 1, 19 could not be assigned a bond charge correction atom type."
spice-pubchem,3077.npz,CCOP(OCC)n1cncn1,[H][C]1=[N][N]([P]([O][C]([H])([H])[C]([H])([H])[H])[O][C]([H])([H])[C]([H])([H])[H])[C]([H])=[N]1,[N:1]1=[C:5]([H:13])[N:2]=[C:6]([H:14])[N:7]1[P:8]([O:3][C:11]([C:9]([H:15])([H:16])[H:17])([H:21])[H:22])[O:4][C:12]([C:10]([H:18])([H:19])[H:20])([H:23])[H:24],24,unassigned_atom_type,7,Atoms 7 could not be assigned a bond charge correction atom type.
spice-pubchem,3097.npz,Cc1ccc2c(c1)P(=O)(O)c1cc(C)ccc1S2,[H][O][P]1(=[O])[c]2[c]([H])[c]([C]([H])([H])[H])[c]([H])[c]([H])[c]2[S][c]2[c]([H])[c]([H])[c]([C]([H])([H])[H])[c]([H])[c]21,[O:1]=[P:18]1([O:2][H:19])[c:14]2[c:8]([H:24])[c:12]([C:16]([H:26])([H:27])[H:28])[c:6]([H:22])[c:4]([H:20])[c:10]2[S:3][c:11]2[c:5]([H:21])[c:7]([H:23])[c:13]([C:17]([H:29])([H:30])[H:31])[c:9]([H:25])[c:15]21,31,unassigned_atom_type,0;17,"Atoms 0, 17 could not be assigned a bond charge correction atom type."
spice-pubchem,3098.npz,S=P(Nc1ccc(Cl)c(Cl)c1)(Nc1ccc(Cl)c(Cl)c1)c1ccccc1,[H][c]1[c]([H])[c]([H])[c]([P](=[S])([N]([H])[c]2[c]([H])[c]([H])[c]([Cl])[c]([Cl])[c]2[H])[N]([H])[c]2[c]([H])[c]([H])[c]([Cl])[c]([Cl])[c]2[H])[c]([H])[c]1[H],[S:1]=[P:26]([c:23]1[c:15]([H:36])[c:7]([H:28])[c:6]([H:27])[c:8]([H:29])[c:16]1[H:37])([N:24]([c:21]1[c:11]([H:32])[c:9]([H:30])[c:17]([Cl:2])[c:19]([Cl:4])[c:13]1[H:34])[H:38])[N:25]([c:22]1[c:12]([H:33])[c:10]([H:31])[c:18]([Cl:3])[c:20]([Cl:5])[c:14]1[H:35])[H:39],39,unassigned_atom_type,0;25,"Atoms 0, 25 could not be assigned a bond charge correction atom type."
spice-pubchem,3106.npz,S=P(Cl)(Cl)N(CCCl)CCCl,[H][C]([H])([Cl])[C]([H])([H])[N]([C]([H])([H])[C]([H])([H])[Cl])[P](=[S])([Cl])[Cl],[S:1]=[P:11]([Cl:4])([Cl:5])[N:6]([C:9]([C:7]([Cl:2])([H:12])[H:13])([H:16])[H:17])[C:10]([C:8]([Cl:3])([H:14])[H:15])([H:18])[H:19],19,unassigned_atom_type,0;3;4;10,"Atoms 0, 3, 4, 10 could not be assigned a bond charge correction atom type."
spice-pubchem,311.npz,NC(=O)Cc1c(Br)n(Cc2ccccc2)c2ccc(OCCCP(=O)([O-])[O-])cc12,[H][c]1[c]([H])[c]([H])[c]([C]([H])([H])[N]2[C]([Br])=[C]([C]([H])([H])[C](=[O])[N]([H])[H])[c]3[c]([H])[c]([O][C]([H])([H])[C]([H])([H])[C]([H])([H])[P](=[O])([O-])[O-])[c]([H])[c]([H])[c]32)[c]([H])[c]1[H],[O:1]=[C:7]([N:22]([H:38])[H:39])[C:24]([C:9]1=[C:8]([Br:5])[N:23]([C:25]([c:21]2[c:16]([H:36])[c:11]([H:31])[c:10]([H:30])[c:12]([H:32])[c:17]2[H:37])([H:42])[H:43])[c:20]2[c:15]([H:35])[c:13]([H:33])[c:18]([O:6][C:26]([C:27]([C:28]([P:29](=[O:2])([O-:3])[O-:4])([H:48])[H:49])([H:46])[H:47])([H:44])[H:45])[c:14]([H:34])[c:19]21)([H:40])[H:41],49,unassigned_atom_type,1;2;3;28,"Atoms 1, 2, 3, 28 could not be assigned a bond charge correction atom type."
spice-pubchem,312.npz,NC(CO)(CCc1ccc(-c2coc(-c3ccco3)n2)cc1)COP(=O)(O)O,[H][O][C]([H])([H])[C]([N]([H])[H])([C]([H])([H])[O][P](=[O])([O][H])[O][H])[C]([H])([H])[C]([H])([H])[c]1[c]([H])[c]([H])[c]([C]2=[C]([H])[O][C]([C]3=[C]([H])[C]([H])=[C]([H])[O]3)=[N]2)[c]([H])[c]1[H],[O:1]=[P:28]([O:6][H:30])([O:7][H:31])[O:8][C:24]([C:27]([N:22]([H:40])[H:41])([C:23]([O:5][H:29])([H:42])[H:43])[C:26]([C:25]([c:21]1[c:18]([H:38])[c:16]([H:36])[c:20]([C:15]2=[C:11]([H:33])[O:3][C:9]([C:14]3=[C:13]([H:35])[C:12]([H:34])=[C:10]([H:32])[O:4]3)=[N:2]2)[c:17]([H:37])[c:19]1[H:39])([H:46])[H:47])([H:48])[H:49])([H:44])[H:45],49,unassigned_atom_type,0;27,"Atoms 0, 27 could not be assigned a bond charge correction atom type."
spice-pubchem,3125.npz,C=CCN(CC=C)P(=O)(N1CC1)N1CC1C,[H][C]([H])=[C]([H])[C]([H])([H])[N]([C]([H])([H])[C]([H])=[C]([H])[H])[P](=[O])([N]1[C]([H])([H])[C]1([H])[H])[N]1[C]([H])([H])[C]1([H])[C]([H])([H])[H],[O:1]=[P:16]([N:6]([C:9]([C:4](=[C:2]([H:17])[H:18])[H:21])([H:23])[H:24])[C:10]([C:5](=[C:3]([H:19])[H:20])[H:22])([H:25])[H:26])([N:7]1[C:12]([H:30])([H:31])[C:13]1([H:32])[H:33])[N:8]1[C:14]([H:34])([H:35])[C:15]1([C:11]([H:27])([H:28])[H:29])[H:36],36,unassigned_atom_type,0;15,"Atoms 0, 15 could not be assigned a bond charge correction atom type."
spice-pubchem,3129.npz,CC(C)CP(=O)(CC(C)C)C1CCCC1,[H][C]([H])([H])[C]([H])([C]([H])([H])[H])[C]([H])([H])[P](=[O])([C]([H])([H])[C]([H])([C]([H])([H])[H])[C]([H])([H])[H])[C]1([H])[C]([H])([H])[C]([H])([H])[C]([H])([H])[C]1([H])[H],[O:1]=[P:15]([C:12]([C:10]([C:2]([H:16])([H:17])[H:18])([C:3]([H:19])([H:20])[H:21])[H:36])([H:38])[H:39])([C:13]([C:11]([C:4]([H:22])([H:23])[H:24])([C:5]([H:25])([H:26])[H:27])[H:37])([H:40])[H:41])[C:14]1([H:42])[C:8]([H:32])([H:33])[C:6]([H:28])([H:29])[C:7]([H:30])([H:31])[C:9]1([H:34])[H:35],42,unassigned_atom_type,0;14,"Atoms 0, 14 could not be assigned a bond charge correction atom type."
spice-pubchem,3137.npz,C=CCOP(=O)(OCC=C)C1(Cl)C(Cl)=C(Cl)C(=O)C(Cl)=C1Cl,[H][C]([H])=[C]([H])[C]([H])([H])[O][P](=[O])([O][C]([H])([H])[C]([H])=[C]([H])[H])[C]1([Cl])[C]([Cl])=[C]([Cl])[C](=[O])[C]([Cl])=[C]1[Cl],[O:1]=[C:10]1[C:13]([Cl:3])=[C:17]([Cl:5])[C:21]([Cl:7])([P:22](=[O:2])([O:8][C:19]([C:15](=[C:11]([H:23])[H:24])[H:27])([H:29])[H:30])[O:9][C:20]([C:16](=[C:12]([H:25])[H:26])[H:28])([H:31])[H:32])[C:18]([Cl:6])=[C:14]1[Cl:4],32,unassigned_atom_type,1;21,"Atoms 1, 21 could not be assigned a bond charge correction atom type."
spice-pubchem,3159.npz,CCN(CC)P1OCC(C)O1,[H][C]([H])([H])[C]([H])([H])[N]([P]1[O][C]([H])([H])[C]([H])([C]([H])([H])[H])[O]1)[C]([H])([H])[C]([H])([H])[H],[O:1]1[P:4]([N:3]([C:9]([C:5]([H:12])([H:13])[H:14])([H:23])[H:24])[C:10]([C:6]([H:15])([H:16])[H:17])([H:25])[H:26])[O:2][C:11]([C:7]([H:18])([H:19])[H:20])([H:27])[C:8]1([H:21])[H:22],27,unassigned_atom_type,3,Atoms 3 could not be assigned a bond charge correction atom type.
spice-pubchem,3194.npz,S=P(N1CC1)(N1CC1)N1CCN(P(=S)(N2CC2)N2CC2)CC1,[H][C]1([H])[N]([P](=[S])([N]2[C]([H])([H])[C]2([H])[H])[N]2[C]([H])([H])[C]([H])([H])[N]([P](=[S])([N]3[C]([H])([H])[C]3([H])[H])[N]3[C]([H])([H])[C]3([H])[H])[C]([H])([H])[C]2([H])[H])[C]1([H])[H],[S:1]=[P:21]([N:3]1[C:9]([H:23])([H:24])[C:10]1([H:25])[H:26])([N:4]1[C:11]([H:27])([H:28])[C:12]1([H:29])[H:30])[N:7]1[C:17]([H:39])([H:40])[C:18]([H:41])([H:42])[N:8]([P:22](=[S:2])([N:5]2[C:13]([H:31])([H:32])[C:14]2([H:33])[H:34])[N:6]2[C:15]([H:35])([H:36])[C:16]2([H:37])[H:38])[C:20]([H:45])([H:46])[C:19]1([H:43])[H:44],46,unassigned_atom_type,0;1;20;21,"Atoms 0, 1, 20, 21 could not be assigned a bond charge correction atom type."
spice-pubchem,3209.npz,Fc1c(F)c(F)c(P(c2c(F)c(F)c(F)c(F)c2F)c2c(F)c(F)c(F)c(F)c2F)c(F)c1F,[F][c]1[c]([F])[c]([F])[c]([P]([c]2[c]([F])[c]([F])[c]([F])[c]([F])[c]2[F])[c]2[c]([F])[c]([F])[c]([F])[c]([F])[c]2[F])[c]([F])[c]1[F],[F:1][c:16]1[c:19]([F:4])[c:25]([F:10])[c:31]([P:34]([c:32]2[c:27]([F:12])[c:21]([F:6])[c:17]([F:2])[c:22]([F:7])[c:28]2[F:13])[c:33]2[c:29]([F:14])[c:23]([F:8])[c:18]([F:3])[c:24]([F:9])[c:30]2[F:15])[c:26]([F:11])[c:20]1[F:5],34,unassigned_atom_type,33,Atoms 33 could not be assigned a bond charge correction atom type.
spice-pubchem,3210.npz,CC(N)=S=O,[H][N]([H])[C](=[S]=[O])[C]([H])([H])[H],[O:1]=[S:2]=[C:3]([N:4]([H:6])[H:7])[C:5]([H:8])([H:9])[H:10],10,incomplete_bond_assignment,2;3,Bond charge corrections could not be applied to all bonds in the molecule: | atom 2: expected=3 assigned=2.0 | atom 3: expected=3 assigned=2.0
spice-pubchem,3220.npz,Nc1ccc(OP(=S)(Oc2ccc(N)cc2)Oc2ccc(N)cc2)cc1,[H][c]1[c]([H])[c]([N]([H])[H])[c]([H])[c]([H])[c]1[O][P](=[S])([O][c]1[c]([H])[c]([H])[c]([N]([H])[H])[c]([H])[c]1[H])[O][c]1[c]([H])[c]([H])[c]([N]([H])[H])[c]([H])[c]1[H],[S:1]=[P:26]([O:2][c:17]1[c:5]([H:27])[c:11]([H:33])[c:20]([N:23]([H:39])[H:40])[c:12]([H:34])[c:6]1[H:28])([O:3][c:18]1[c:7]([H:29])[c:13]([H:35])[c:21]([N:24]([H:41])[H:42])[c:14]([H:36])[c:8]1[H:30])[O:4][c:19]1[c:9]([H:31])[c:15]([H:37])[c:22]([N:25]([H:43])[H:44])[c:16]([H:38])[c:10]1[H:32],44,unassigned_atom_type,0;25,"Atoms 0, 25 could not be assigned a bond charge correction atom type."
spice-pubchem,3227.npz,C=CP(C)(=O)O,[H][O][P](=[O])([C]([H])=[C]([H])[H])[C]([H])([H])[H],[O:1]=[P:6]([O:2][H:7])([C:4](=[C:3]([H:8])[H:9])[H:10])[C:5]([H:11])([H:12])[H:13],13,unassigned_atom_type,0;5,"Atoms 0, 5 could not be assigned a bond charge correction atom type."
spice-pubchem,3228.npz,CP1(=O)CCCO1,[H][C]1([H])[O][P](=[O])([C]([H])([H])[H])[C]([H])([H])[C]1([H])[H],[O:1]=[P:7]1([C:5]([H:12])([H:13])[H:14])[O:2][C:3]([H:8])([H:9])[C:4]([H:10])([H:11])[C:6]1([H:15])[H:16],16,unassigned_atom_type,0;6,"Atoms 0, 6 could not be assigned a bond charge correction atom type."
spice-pubchem,3238.npz,CC(C)(CBr)COP(=O)(Cl)Br,[H][C]([H])([H])[C]([C]([H])([H])[H])([C]([H])([H])[Br])[C]([H])([H])[O][P](=[O])([Cl])[Br],[O:1]=[P:11]([Cl:2])([Br:4])[O:5][C:9]([C:10]([C:6]([H:12])([H:13])[H:14])([C:7]([H:15])([H:16])[H:17])[C:8]([Br:3])([H:18])[H:19])([H:20])[H:21],21,unassigned_atom_type,0;1;3;10,"Atoms 0, 1, 3, 10 could not be assigned a bond charge correction atom type."
spice-pubchem,3264.npz,COP(=S)(OC)SCC(C)CSC1C2C(Cl)=C(Cl)C(Cl)(C1Cl)C2(Cl)Cl,[H][C]([H])([H])[O][P](=[S])([O][C]([H])([H])[H])[S][C]([H])([H])[C]([H])([C]([H])([H])[H])[C]([H])([H])[S][C]1([H])[C]([H])([Cl])[C]2([Cl])[C]([Cl])=[C]([Cl])[C]1([H])[C]2([Cl])[Cl],[S:1]=[P:25]([O:8][C:14]([H:26])([H:27])[H:28])([O:9][C:15]([H:29])([H:30])[H:31])[S:11][C:18]([C:24]([C:16]([H:32])([H:33])[H:34])([C:17]([S:10][C:21]1([H:40])[C:19]([Cl:4])([H:39])[C:23]2([Cl:7])[C:13]([Cl:3])=[C:12]([Cl:2])[C:22]1([H:41])[C:20]2([Cl:5])[Cl:6])([H:35])[H:36])[H:42])([H:37])[H:38],42,unassigned_atom_type,0;24,"Atoms 0, 24 could not be assigned a bond charge correction atom type."
spice-pubchem,3285.npz,[O-]P([O-])[O-],[O-][P]([O-])[O-],[O-:1][P:4]([O-:2])[O-:3],4,unassigned_atom_type,0;1;2;3,"Atoms 0, 1, 2, 3 could not be assigned a bond charge correction atom type."
spice-pubchem,332.npz,CC(C)Oc1ccc(-c2cnc3ncnc(NC(P(=O)(O)O)P(=O)(O)O)c3c2)cc1,[H][O][P](=[O])([O][H])[C]([H])([N]([H])[c]1[n][c]([H])[n][c]2[n][c]([H])[c](-[c]3[c]([H])[c]([H])[c]([O][C]([H])([C]([H])([H])[H])[C]([H])([H])[H])[c]([H])[c]3[H])[c]([H])[c]12)[P](=[O])([O][H])[O][H],[O:1]=[P:29]([O:7][H:31])([O:8][H:32])[C:28]([N:24]([c:20]1[n:3][c:11]([H:35])[n:4][c:22]2[n:5][c:12]([H:36])[c:19](-[c:18]3[c:15]([H:39])[c:13]([H:37])[c:17]([O:6][C:27]([C:25]([H:43])([H:44])[H:45])([C:26]([H:46])([H:47])[H:48])[H:49])[c:14]([H:38])[c:16]3[H:40])[c:21]([H:41])[c:23]12)[H:42])([P:30](=[O:2])([O:9][H:33])[O:10][H:34])[H:50],50,unassigned_atom_type,0;1;28;29,"Atoms 0, 1, 28, 29 could not be assigned a bond charge correction atom type."
spice-pubchem,3320.npz,CCCP1(=O)OP(=O)(CCC)OP(=O)(CCC)O1,[H][C]([H])([H])[C]([H])([H])[C]([H])([H])[P]1(=[O])[O][P](=[O])([C]([H])([H])[C]([H])([H])[C]([H])([H])[H])[O][P](=[O])([C]([H])([H])[C]([H])([H])[C]([H])([H])[H])[O]1,[O:1]=[P:16]1([C:13]([C:10]([C:7]([H:19])([H:20])[H:21])([H:28])[H:29])([H:34])[H:35])[O:4][P:17](=[O:2])([C:14]([C:11]([C:8]([H:22])([H:23])[H:24])([H:30])[H:31])([H:36])[H:37])[O:6][P:18](=[O:3])([C:15]([C:12]([C:9]([H:25])([H:26])[H:27])([H:32])[H:33])([H:38])[H:39])[O:5]1,39,unassigned_atom_type,0;1;2;3;4;5;15;16;17,"Atoms 0, 1, 2, 3, 4, 5, 15, 16, 17 could not be assigned a bond charge correction atom type."
spice-pubchem,3331.npz,COP(=S)(OC)SC1CCC2C=CCC1S2,[H][C]1=[C]([H])[C]2([H])[S][C]([H])([C]1([H])[H])[C]([H])([S][P](=[S])([O][C]([H])([H])[H])[O][C]([H])([H])[H])[C]([H])([H])[C]2([H])[H],[S:1]=[P:16]([O:2][C:8]([H:19])([H:20])[H:21])([O:3][C:9]([H:22])([H:23])[H:24])[S:5][C:15]1([H:33])[C:13]([H:30])([H:31])[C:12]([H:28])([H:29])[C:11]2([H:27])[S:4][C:14]1([H:32])[C:10]([H:25])([H:26])[C:6]([H:17])=[C:7]2[H:18],33,unassigned_atom_type,0;15,"Atoms 0, 15 could not be assigned a bond charge correction atom type."
spice-pubchem,3333.npz,CC1CCCC2C(C)OP(=S)(Cl)OC12,[H][C]([H])([H])[C]1([H])[O][P](=[S])([Cl])[O][C]2([H])[C]([H])([C]([H])([H])[H])[C]([H])([H])[C]([H])([H])[C]([H])([H])[C]12[H],[S:1]=[P:14]1([Cl:2])[O:3][C:10]([C:5]([H:15])([H:16])[H:17])([H:27])[C:13]2([H:30])[C:9]([H:25])([H:26])[C:7]([H:21])([H:22])[C:8]([H:23])([H:24])[C:12]([C:6]([H:18])([H:19])[H:20])([H:29])[C:11]2([H:28])[O:4]1,30,unassigned_atom_type,0;1;13,"Atoms 0, 1, 13 could not be assigned a bond charge correction atom type."
spice-pubchem,3341.npz,CCOP(=S)(OCC)SC(=O)CN(C)C(N)=O,[H][N]([H])[C](=[O])[N]([C]([H])([H])[H])[C]([H])([H])[C](=[O])[S][P](=[S])([O][C]([H])([H])[C]([H])([H])[H])[O][C]([H])([H])[C]([H])([H])[H],[O:1]=[C:7]([N:9]([H:18])[H:19])[N:10]([C:11]([H:20])([H:21])[H:22])[C:12]([C:8](=[O:2])[S:6][P:17](=[S:3])([O:4][C:15]([C:13]([H:25])([H:26])[H:27])([H:31])[H:32])[O:5][C:16]([C:14]([H:28])([H:29])[H:30])([H:33])[H:34])([H:23])[H:24],34,unassigned_atom_type,2;16,"Atoms 2, 16 could not be assigned a bond charge correction atom type."
spice-pubchem,3347.npz,O=P(OCCCl)(OCCCl)OCC1(CO)COP(=O)(OCCCl)OC1,[H][O][C]([H])([H])[C]1([C]([H])([H])[O][P](=[O])([O][C]([H])([H])[C]([H])([H])[Cl])[O][C]([H])([H])[C]([H])([H])[Cl])[C]([H])([H])[O][P](=[O])([O][C]([H])([H])[C]([H])([H])[Cl])[O][C]1([H])[H],[O:1]=[P:24]([O:7][C:16]([C:13]([Cl:3])([H:27])[H:28])([H:33])[H:34])([O:8][C:17]([C:14]([Cl:4])([H:29])[H:30])([H:35])[H:36])[O:10][C:20]([C:23]1([C:19]([O:6][H:26])([H:39])[H:40])[C:21]([H:43])([H:44])[O:11][P:25](=[O:2])([O:9][C:18]([C:15]([Cl:5])([H:31])[H:32])([H:37])[H:38])[O:12][C:22]1([H:45])[H:46])([H:41])[H:42],46,unassigned_atom_type,0;1;23;24,"Atoms 0, 1, 23, 24 could not be assigned a bond charge correction atom type."
spice-pubchem,3371.npz,COP(=O)(C#N)N(C)C,[H][C]([H])([H])[O][P](=[O])([C]#[N])[N]([C]([H])([H])[H])[C]([H])([H])[H],[N:1]#[C:3][P:9](=[O:2])([O:4][C:6]([H:10])([H:11])[H:12])[N:5]([C:7]([H:13])([H:14])[H:15])[C:8]([H:16])([H:17])[H:18],18,unassigned_atom_type,1;8,"Atoms 1, 8 could not be assigned a bond charge correction atom type."
spice-pubchem,3375.npz,CC(C)C1OC(C(C)C)P(=O)(O)C(C(C)C)O1,[H][O][P]1(=[O])[C]([H])([C]([H])([C]([H])([H])[H])[C]([H])([H])[H])[O][C]([H])([C]([H])([C]([H])([H])[H])[C]([H])([H])[H])[O][C]1([H])[C]([H])([C]([H])([H])[H])[C]([H])([H])[H],[O:1]=[P:17]1([O:4][H:18])[C:15]([C:13]([C:7]([H:25])([H:26])[H:27])([C:8]([H:28])([H:29])[H:30])[H:39])([H:41])[O:2][C:11]([C:12]([C:5]([H:19])([H:20])[H:21])([C:6]([H:22])([H:23])[H:24])[H:38])([H:37])[O:3][C:16]1([C:14]([C:9]([H:31])([H:32])[H:33])([C:10]([H:34])([H:35])[H:36])[H:40])[H:42],42,unassigned_atom_type,0;16,"Atoms 0, 16 could not be assigned a bond charge correction atom type."
spice-pubchem,3377.npz,C1=CC2CC1CC2COP(Oc1ccccc1)Oc1ccccc1,[H][C]1=[C]([H])[C]2([H])[C]([H])([H])[C]1([H])[C]([H])([H])[C]2([H])[C]([H])([H])[O][P]([O][c]1[c]([H])[c]([H])[c]([H])[c]([H])[c]1[H])[O][c]1[c]([H])[c]([H])[c]([H])[c]([H])[c]1[H],[O:1]([c:16]1[c:12]([H:33])[c:8]([H:29])[c:6]([H:27])[c:9]([H:30])[c:13]1[H:34])[P:18]([O:2][c:17]1[c:14]([H:35])[c:10]([H:31])[c:7]([H:28])[c:11]([H:32])[c:15]1[H:36])[O:3][C:19]([C:24]1([H:45])[C:21]([H:41])([H:42])[C:22]2([H:43])[C:4]([H:25])=[C:5]([H:26])[C:23]1([H:44])[C:20]2([H:39])[H:40])([H:37])[H:38],45,unassigned_atom_type,17,Atoms 17 could not be assigned a bond charge correction atom type.
spice-pubchem,3383.npz,C1CC2CCCC(C1)P2,[H][P]1[C]2([H])[C]([H])([H])[C]([H])([H])[C]([H])([H])[C]1([H])[C]([H])([H])[C]([H])([H])[C]2([H])[H],[P:1]1([H:10])[C:8]2([H:23])[C:4]([H:15])([H:16])[C:2]([H:11])([H:12])[C:5]([H:17])([H:18])[C:9]1([H:24])[C:7]([H:21])([H:22])[C:3]([H:13])([H:14])[C:6]2([H:19])[H:20],24,unassigned_atom_type,0;9,"Atoms 0, 9 could not be assigned a bond charge correction atom type."
spice-pubchem,3390.npz,OC1CCOP(NCCCl)N1CCCl,[H][O][C]1([H])[N]([C]([H])([H])[C]([H])([H])[Cl])[P]([N]([H])[C]([H])([H])[C]([H])([H])[Cl])[O][C]([H])([H])[C]1([H])[H],[Cl:1][C:8]([C:11]([N:5]([P:7]1[O:3][C:10]([H:21])([H:22])[C:14]([H:28])([H:29])[C:13]([O:4][H:15])([H:27])[N:6]1[C:12]([C:9]([Cl:2])([H:19])[H:20])([H:25])[H:26])[H:16])([H:23])[H:24])([H:17])[H:18],29,unassigned_atom_type,6,Atoms 6 could not be assigned a bond charge correction atom type.
spice-pubchem,3400.npz,CC(=O)O[C@@H]1[C@@H](N)[C@@H](OP(=O)(O)O)[C@]2(C(=O)O)CS[C@@](O)(C(N)=O)[C@H]1O2,[H][O][C](=[O])[C@@]12[O][C@@]([H])([C@]([H])([O][C](=[O])[C]([H])([H])[H])[C@@]([H])([N]([H])[H])[C@@]1([H])[O][P](=[O])([O][H])[O][H])[C@]([O][H])([C](=[O])[N]([H])[H])[S][C]2([H])[H],[O:1]=[C:13]([O:8][C@@:24]1([H:42])[C@:21]2([H:40])[O:6][C@@:20]([C:14](=[O:2])[O:5][H:27])([C:19]([H:38])([H:39])[S:12][C@@:22]2([O:7][H:28])[C:15](=[O:3])[N:16]([H:31])[H:32])[C@@:23]([O:11][P:26](=[O:4])([O:9][H:29])[O:10][H:30])([H:41])[C@@:25]1([N:17]([H:33])[H:34])[H:43])[C:18]([H:35])([H:36])[H:37],43,unassigned_atom_type,3;25,"Atoms 3, 25 could not be assigned a bond charge correction atom type."
spice-pubchem,3411.npz,COP(=O)(O)ON1C(N)=NC[C@@H]1CN(C)C,[H][O][P](=[O])([O][N]1[C]([N]([H])[H])=[N][C]([H])([H])[C@]1([H])[C]([H])([H])[N]([C]([H])([H])[H])[C]([H])([H])[H])[O][C]([H])([H])[H],[O:1]=[P:16]([O:3][H:17])([O:4][N:9]1[C:6]([N:7]([H:18])[H:19])=[N:2][C:13]([H:29])([H:30])[C@@:15]1([C:14]([N:8]([C:11]([H:23])([H:24])[H:25])[C:12]([H:26])([H:27])[H:28])([H:31])[H:32])[H:33])[O:5][C:10]([H:20])([H:21])[H:22],33,unassigned_atom_type,0;15,"Atoms 0, 15 could not be assigned a bond charge correction atom type."
spice-pubchem,3412.npz,COP(=O)(OC)OC(Br)C(Cl)(Br)COC(C)(C)C,[H][C]([H])([H])[O][P](=[O])([O][C]([H])([H])[H])[O][C]([H])([Br])[C]([Cl])([Br])[C]([H])([H])[O][C]([C]([H])([H])[H])([C]([H])([H])[H])[C]([H])([H])[H],[O:1]=[P:18]([O:6][C:9]([H:19])([H:20])[H:21])([O:7][C:10]([H:22])([H:23])[H:24])[O:8][C:15]([Br:3])([C:16]([Cl:2])([Br:4])[C:14]([O:5][C:17]([C:11]([H:25])([H:26])[H:27])([C:12]([H:28])([H:29])[H:30])[C:13]([H:31])([H:32])[H:33])([H:34])[H:35])[H:36],36,unassigned_atom_type,0;17,"Atoms 0, 17 could not be assigned a bond charge correction atom type."
spice-pubchem,3416.npz,O=P(OCCCl)(OCCCl)OC1CC(C(Br)CBr)CCC1Cl,[H][C]([H])([Cl])[C]([H])([H])[O][P](=[O])([O][C]([H])([H])[C]([H])([H])[Cl])[O][C]1([H])[C]([H])([H])[C]([H])([C]([H])([Br])[C]([H])([H])[Br])[C]([H])([H])[C]([H])([H])[C]1([H])[Cl],[O:1]=[P:22]([O:7][C:13]([C:10]([Cl:2])([H:23])[H:24])([H:29])[H:30])([O:8][C:14]([C:11]([Cl:3])([H:25])[H:26])([H:31])[H:32])[O:9][C:20]1([H:41])[C:17]([H:37])([H:38])[C:21]([C:19]([Br:6])([C:12]([Br:5])([H:27])[H:28])[H:40])([H:42])[C:16]([H:35])([H:36])[C:15]([H:33])([H:34])[C:18]1([Cl:4])[H:39],42,unassigned_atom_type,0;21,"Atoms 0, 21 could not be assigned a bond charge correction atom type."
spice-pubchem,3451.npz,COP(=O)(OC)OCNC(=O)/C=C(\C)Cl,[H]/[C]([C](=[O])[N]([H])[C]([H])([H])[O][P](=[O])([O][C]([H])([H])[H])[O][C]([H])([H])[H])=[C](\[Cl])[C]([H])([H])[H],[O:1]=[C:7](/[C:8](=[C:9](/[Cl:3])[C:13]([H:24])([H:25])[H:26])[H:16])[N:10]([C:14]([O:6][P:15](=[O:2])([O:4][C:11]([H:18])([H:19])[H:20])[O:5][C:12]([H:21])([H:22])[H:23])([H:27])[H:28])[H:17],28,unassigned_atom_type,1;14,"Atoms 1, 14 could not be assigned a bond charge correction atom type."
spice-pubchem,3452.npz,CCSP(=O)(CCl)SCC,[H][C]([H])([H])[C]([H])([H])[S][P](=[O])([S][C]([H])([H])[C]([H])([H])[H])[C]([H])([H])[Cl],[O:1]=[P:10]([S:3][C:7]([C:5]([H:11])([H:12])[H:13])([H:17])[H:18])([S:4][C:8]([C:6]([H:14])([H:15])[H:16])([H:19])[H:20])[C:9]([Cl:2])([H:21])[H:22],22,unassigned_atom_type,0;9,"Atoms 0, 9 could not be assigned a bond charge correction atom type."
spice-pubchem,3457.npz,CCOP(=O)(OCC)S/C(C#N)=N\Oc1ccccc1,[H][c]1[c]([H])[c]([H])[c]([O]/[N]=[C](/[C]#[N])[S][P](=[O])([O][C]([H])([H])[C]([H])([H])[H])[O][C]([H])([H])[C]([H])([H])[H])[c]([H])[c]1[H],[N:1]#[C:3]/[C:9](=[N:4]/[O:5][c:15]1[c:13]([H:24])[c:11]([H:22])[c:10]([H:21])[c:12]([H:23])[c:14]1[H:25])[S:8][P:20](=[O:2])([O:6][C:18]([C:16]([H:26])([H:27])[H:28])([H:32])[H:33])[O:7][C:19]([C:17]([H:29])([H:30])[H:31])([H:34])[H:35],35,unassigned_atom_type,1;19,"Atoms 1, 19 could not be assigned a bond charge correction atom type."
spice-pubchem,3460.npz,O=P12OC3CC(CC(C3)O1)O2,[H][C]1([H])[C]2([H])[O][P]3(=[O])[O][C]1([H])[C]([H])([H])[C]([H])([O]3)[C]2([H])[H],[O:1]=[P:11]12[O:2][C:8]3([H:18])[C:5]([H:12])([H:13])[C:9]([H:19])([O:3]1)[C:7]([H:16])([H:17])[C:10]([H:20])([O:4]2)[C:6]3([H:14])[H:15],20,unassigned_atom_type,0;10,"Atoms 0, 10 could not be assigned a bond charge correction atom type."
spice-pubchem,3462.npz,CCOP(=S)(Oc1cc(C)nc(CF)n1)c1ccccc1,[H][c]1[c]([O][P](=[S])([O][C]([H])([H])[C]([H])([H])[H])[c]2[c]([H])[c]([H])[c]([H])[c]([H])[c]2[H])[n][c]([C]([H])([H])[F])[n][c]1[C]([H])([H])[H],[F:1][C:18]([c:7]1[n:3][c:8]([O:5][P:21](=[S:2])([O:6][C:20]([C:19]([H:33])([H:34])[H:35])([H:36])[H:37])[c:16]2[c:14]([H:26])[c:12]([H:24])[c:11]([H:23])[c:13]([H:25])[c:15]2[H:27])[c:10]([H:22])[c:9]([C:17]([H:28])([H:29])[H:30])[n:4]1)([H:31])[H:32],37,unassigned_atom_type,1;20,"Atoms 1, 20 could not be assigned a bond charge correction atom type."
spice-pubchem,3485.npz,COP(=O)(Oc1ccc(SC)c(C)c1)SC,[H][c]1[c]([H])[c]([S][C]([H])([H])[H])[c]([C]([H])([H])[H])[c]([H])[c]1[O][P](=[O])([O][C]([H])([H])[H])[S][C]([H])([H])[H],[O:1]=[P:16]([O:2][c:9]1[c:6]([H:17])[c:7]([H:18])[c:10]([S:4][C:13]([H:23])([H:24])[H:25])[c:11]([C:15]([H:29])([H:30])[H:31])[c:8]1[H:19])([O:3][C:12]([H:20])([H:21])[H:22])[S:5][C:14]([H:26])([H:27])[H:28],31,unassigned_atom_type,0;15,"Atoms 0, 15 could not be assigned a bond charge correction atom type."
spice-pubchem,3486.npz,CCOP(OCC)OP(=O)(OC)N1CCOCC1,[H][C]([H])([H])[O][P](=[O])([O][P]([O][C]([H])([H])[C]([H])([H])[H])[O][C]([H])([H])[C]([H])([H])[H])[N]1[C]([H])([H])[C]([H])([H])[O][C]([H])([H])[C]1([H])[H],[O:1]=[P:18]([O:5][P:8]([O:2][C:12]([C:10]([H:22])([H:23])[H:24])([H:28])[H:29])[O:3][C:13]([C:11]([H:25])([H:26])[H:27])([H:30])[H:31])([O:6][C:9]([H:19])([H:20])[H:21])[N:7]1[C:16]([H:36])([H:37])[C:14]([H:32])([H:33])[O:4][C:15]([H:34])([H:35])[C:17]1([H:38])[H:39],39,unassigned_atom_type,0;4;7;17,"Atoms 0, 4, 7, 17 could not be assigned a bond charge correction atom type."
spice-pubchem,3493.npz,C#CCSP(=O)(OC)OCCOC,[H][C]#[C][C]([H])([H])[S][P](=[O])([O][C]([H])([H])[H])[O][C]([H])([H])[C]([H])([H])[O][C]([H])([H])[H],[O:1]=[P:13]([O:5][C:9]([H:18])([H:19])[H:20])([O:6][C:12]([C:11]([O:4][C:8]([H:15])([H:16])[H:17])([H:23])[H:24])([H:25])[H:26])[S:7][C:10]([C:3]#[C:2][H:14])([H:21])[H:22],26,unassigned_atom_type,0;12,"Atoms 0, 12 could not be assigned a bond charge correction atom type."
spice-pubchem,350.npz,[O-][n+]1cc(C(F)(F)F)cc2[n-]c(=[OH+])c(=[OH+])[n-]c21,[H][O+]=[C]1[N-][c]2[c]([H])[c]([C]([F])([F])[F])[c]([H])[n+]([O-])[c]2[N-][C]1=[O+][H],[O-:1][n+:16]1[c:14]([H:21])[c:13]([C:17]([F:2])([F:3])[F:4])[c:11]([H:20])[c:12]2[c:15]1[N-:6][C:10](=[O+:8][H:19])[C:9](=[O+:7][H:18])[N-:5]2,21,incomplete_bond_assignment,4;5;8;9,Bond charge corrections could not be applied to all bonds in the molecule: | atom 4: expected=2 assigned=1.0 | atom 5: expected=2 assigned=1.0 | atom 8: expected=3 assigned=2.0 | atom 9: expected=3 assigned=2.0
spice-pubchem,3501.npz,NP(N)(N)=O,[H][N]([H])[P](=[O])([N]([H])[H])[N]([H])[H],[O:1]=[P:5]([N:2]([H:6])[H:7])([N:3]([H:8])[H:9])[N:4]([H:10])[H:11],11,unassigned_atom_type,0;4,"Atoms 0, 4 could not be assigned a bond charge correction atom type."
spice-pubchem,3502.npz,FP(=S)(Br)Br,[F][P](=[S])([Br])[Br],[F:1][P:5](=[S:2])([Br:3])[Br:4],5,unassigned_atom_type,0;1;2;3;4,"Atoms 0, 1, 2, 3, 4 could not be assigned a bond charge correction atom type."
spice-pubchem,3514.npz,CC(C)(C)P,[H][P]([H])[C]([C]([H])([H])[H])([C]([H])([H])[H])[C]([H])([H])[H],[P:1]([C:5]([C:2]([H:8])([H:9])[H:10])([C:3]([H:11])([H:12])[H:13])[C:4]([H:14])([H:15])[H:16])([H:6])[H:7],16,unassigned_atom_type,0;5;6,"Atoms 0, 5, 6 could not be assigned a bond charge correction atom type."
spice-pubchem,3552.npz,OOOPO[C@H]1CC[C@H](O)C[C@H]1O,[H][O][O][O][P]([H])[O][C@@]1([H])[C]([H])([H])[C]([H])([H])[C@]([H])([O][H])[C]([H])([H])[C@@]1([H])[O][H],[O:1]([O:2][O:3][P:7]([O:5][C@@:12]1([H:25])[C:9]([H:20])([H:21])[C:8]([H:18])([H:19])[C@@:11]([O:4][H:15])([H:24])[C:10]([H:22])([H:23])[C@:13]1([O:6][H:16])[H:26])[H:17])[H:14],26,unassigned_atom_type,6;16,"Atoms 6, 16 could not be assigned a bond charge correction atom type."
spice-pubchem,3560.npz,COP(=O)(OC)C(OC(O)C(Cl)(Cl)Cl)C(Cl)(Cl)Cl,[H][O][C]([H])([O][C]([H])([C]([Cl])([Cl])[Cl])[P](=[O])([O][C]([H])([H])[H])[O][C]([H])([H])[H])[C]([Cl])([Cl])[Cl],[O:1]=[P:18]([O:10][C:12]([H:20])([H:21])[H:22])([O:11][C:13]([H:23])([H:24])[H:25])[C:17]([O:9][C:16]([O:8][H:19])([C:14]([Cl:2])([Cl:3])[Cl:4])[H:26])([C:15]([Cl:5])([Cl:6])[Cl:7])[H:27],27,unassigned_atom_type,0;17,"Atoms 0, 17 could not be assigned a bond charge correction atom type."
spice-pubchem,3580.npz,N#C/C(=C/C(=O)O)OP(=O)(O)O,[H][O][C](=[O])/[C]([H])=[C](/[C]#[N])[O][P](=[O])([O][H])[O][H],[N:1]#[C:4]/[C:10]([O:8][P:12](=[O:3])([O:6][H:14])[O:7][H:15])=[C:11](/[C:9](=[O:2])[O:5][H:13])[H:16],16,unassigned_atom_type,2;11,"Atoms 2, 11 could not be assigned a bond charge correction atom type."
spice-pubchem,3615.npz,CC(O)(CCOP(=O)(O)OP(=O)(O)S)CC(=O)O,[H][O][C](=[O])[C]([H])([H])[C]([O][H])([C]([H])([H])[H])[C]([H])([H])[C]([H])([H])[O][P](=[O])([O][H])[O][P](=[O])([O][H])[S][H],[O:1]=[C:11]([O:4][H:19])[C:14]([C:16]([O:5][H:20])([C:12]([H:24])([H:25])[H:26])[C:15]([C:13]([O:7][P:17](=[O:2])([O:6][H:21])[O:9][P:18](=[O:3])([O:8][H:22])[S:10][H:23])([H:27])[H:28])([H:31])[H:32])([H:29])[H:30],32,unassigned_atom_type,1;2;8;16;17,"Atoms 1, 2, 8, 16, 17 could not be assigned a bond charge correction atom type."
spice-pubchem,3626.npz,NC(=O)c1ccc[n+]([C@@H]2O[C@H](COP(=O)([O-])SCC(=O)CBr)[C@@H](O)[C@H]2O)c1,[H][O][C@@]1([H])[C@@]([H])([O][H])[C@]([H])([n+]2[c]([H])[c]([H])[c]([H])[c]([C](=[O])[N]([H])[H])[c]2[H])[O][C@]1([H])[C]([H])([H])[O][P](=[O])([O-])[S][C]([H])([H])[C](=[O])[C]([H])([H])[Br],[O:1]=[C:11]([c:15]1[c:13]([H:30])[c:14]([H:31])[c:16]([H:32])[n+:19]([C@:25]2([H:44])[O:7][C@@:24]([C:22]([O:9][P:27](=[O:3])([O-:4])[S:10][C:21]([C:12](=[O:2])[C:20]([Br:5])([H:36])[H:37])([H:38])[H:39])([H:40])[H:41])([H:43])[C@:23]([O:6][H:28])([H:42])[C@:26]2([O:8][H:29])[H:45])[c:17]1[H:33])[N:18]([H:34])[H:35],45,unassigned_atom_type,2;3;26,"Atoms 2, 3, 26 could not be assigned a bond charge correction atom type."
spice-pubchem,3628.npz,N=C(N)N[C@@H]1[C@@H](O)[C@H](O)[C@@H](OP(=O)(O)O)[C@H](NC(=N)N)[C@H]1O,[H][N]=[C]([N]([H])[H])[N]([H])[C@@]1([H])[C@]([H])([O][H])[C@@]([H])([N]([H])[C](=[N][H])[N]([H])[H])[C@]([H])([O][P](=[O])([O][H])[O][H])[C@@]([H])([O][H])[C@]1([H])[O][H],[O:1]=[P:22]([O:7][H:28])([O:8][H:29])[O:9][C@:18]1([H:38])[C@:16]([O:4][H:25])([H:36])[C@@:20]([O:6][H:27])([H:40])[C@:17]([N:14]([C:10](=[N:2][H:23])[N:12]([H:30])[H:31])[H:34])([H:37])[C@@:19]([O:5][H:26])([H:39])[C@:21]1([N:15]([C:11](=[N:3][H:24])[N:13]([H:32])[H:33])[H:35])[H:41],41,unassigned_atom_type,0;21,"Atoms 0, 21 could not be assigned a bond charge correction atom type."
spice-pubchem,3630.npz,Nc1ncc2nc(Br)n([C@@H]3O[C@H](COP(O)(O)=S)C(O)=C3O)c2n1,[H][O][C]1=[C]([O][H])[C@]([H])([N]2[C]([Br])=[N][c]3[c]([H])[n][c]([N]([H])[H])[n][c]32)[O][C@]1([H])[C]([H])([H])[O][P](=[S])([O][H])[O][H],[S:1]=[P:24]([O:9][H:27])([O:10][H:28])[O:11][C:21]([C@@:23]1([H:35])[O:8][C@:22]([N:20]2[C:12]([Br:2])=[N:3][c:18]3[c:16]([H:29])[n:4][c:15]([N:19]([H:30])[H:31])[n:5][c:17]32)([H:34])[C:13]([O:6][H:25])=[C:14]1[O:7][H:26])([H:32])[H:33],35,unassigned_atom_type,0;23,"Atoms 0, 23 could not be assigned a bond charge correction atom type."
spice-pubchem,3631.npz,O=C(O)C1CN(CCCOP(=O)(O)O)CCN1,[H][O][C](=[O])[C]1([H])[N]([H])[C]([H])([H])[C]([H])([H])[N]([C]([H])([H])[C]([H])([H])[C]([H])([H])[O][P](=[O])([O][H])[O][H])[C]1([H])[H],[O:1]=[C:7]([O:3][H:18])[C:15]1([H:32])[N:9]([H:21])[C:12]([H:26])([H:27])[C:11]([H:24])([H:25])[N:8]([C:14]([C:16]([C:10]([O:6][P:17](=[O:2])([O:4][H:19])[O:5][H:20])([H:22])[H:23])([H:33])[H:34])([H:30])[H:31])[C:13]1([H:28])[H:29],34,unassigned_atom_type,1;16,"Atoms 1, 16 could not be assigned a bond charge correction atom type."
spice-pubchem,3651.npz,O=P1(N(CCCl)CCCl)NC(SCCCCCCO)CCO1,[H][O][C]([H])([H])[C]([H])([H])[C]([H])([H])[C]([H])([H])[C]([H])([H])[C]([H])([H])[S][C]1([H])[N]([H])[P](=[O])([N]([C]([H])([H])[C]([H])([H])[Cl])[C]([H])([H])[C]([H])([H])[Cl])[O][C]([H])([H])[C]1([H])[H],[O:1]=[P:22]1([N:7]([C:14]([C:9]([Cl:2])([H:25])[H:26])([H:35])[H:36])[C:15]([C:10]([Cl:3])([H:27])[H:28])([H:37])[H:38])[O:5][C:11]([H:29])([H:30])[C:17]([H:40])([H:41])[C:16]([S:6][C:13]([C:19]([C:21]([C:20]([C:18]([C:12]([O:4][H:23])([H:31])[H:32])([H:42])[H:43])([H:46])[H:47])([H:48])[H:49])([H:44])[H:45])([H:33])[H:34])([H:39])[N:8]1[H:24],49,unassigned_atom_type,0;21,"Atoms 0, 21 could not be assigned a bond charge correction atom type."
spice-pubchem,3659.npz,OC1OSPOC2C1O[C@@H](n1cnc3cc(Cl)c(Cl)cc31)[C@@H]2O,[H][O][C]1([H])[O][S][P]([H])[O][C]2([H])[C]1([H])[O][C@@]([H])([N]1[C]([H])=[N][c]3[c]([H])[c]([Cl])[c]([Cl])[c]([H])[c]31)[C@]2([H])[O][H],[Cl:1][c:13]1[c:11]([H:27])[c:15]2[c:16]([c:12]([H:28])[c:14]1[Cl:2])[N:17]([C@:22]1([H:33])[O:7][C:20]3([H:31])[C:19]([O:4][H:24])([H:30])[O:5][S:9][P:18]([H:29])[O:6][C:21]3([H:32])[C@:23]1([O:8][H:25])[H:34])[C:10]([H:26])=[N:3]2,34,unassigned_atom_type,17;28,"Atoms 17, 28 could not be assigned a bond charge correction atom type."
spice-pubchem,3666.npz,O=NN1CCCCC1OP(=O)(O)O,[H][O][P](=[O])([O][H])[O][C]1([H])[N]([N]=[O])[C]([H])([H])[C]([H])([H])[C]([H])([H])[C]1([H])[H],[O:1]=[N:3][N:7]1[C:8]([H:16])([H:17])[C:10]([H:19])([H:20])[C:12]([H:23])([H:24])[C:11]([H:21])([H:22])[C:9]1([O:6][P:13](=[O:2])([O:4][H:14])[O:5][H:15])[H:18],24,unassigned_atom_type,1;12,"Atoms 1, 12 could not be assigned a bond charge correction atom type."
spice-pubchem,3678.npz,NCCCP(=O)(O)CC1CCCCC1,[H][O][P](=[O])([C]([H])([H])[C]([H])([H])[C]([H])([H])[N]([H])[H])[C]([H])([H])[C]1([H])[C]([H])([H])[C]([H])([H])[C]([H])([H])[C]([H])([H])[C]1([H])[H],[O:1]=[P:14]([O:2][H:15])([C:12]([C:10]([C:4]([N:3]([H:16])[H:17])([H:18])[H:19])([H:30])[H:31])([H:33])[H:34])[C:13]([C:11]1([H:32])[C:8]([H:26])([H:27])[C:6]([H:22])([H:23])[C:5]([H:20])([H:21])[C:7]([H:24])([H:25])[C:9]1([H:28])[H:29])([H:35])[H:36],36,unassigned_atom_type,0;13,"Atoms 0, 13 could not be assigned a bond charge correction atom type."
spice-pubchem,368.npz,O=P(O)(O)CN[C@@H](CC#Cc1ccccc1F)c1nnn[nH]1,[H][O][P](=[O])([O][H])[C]([H])([H])[N]([H])[C@]([H])([C]1=[N][N]=[N][N]1[H])[C]([H])([H])[C]#[C][c]1[c]([H])[c]([H])[c]([H])[c]([H])[c]1[F],[O:1]=[P:22]([O:8][H:23])([O:9][H:24])[C:20]([N:18]([C@:21]([C:10]1=[N:7][N:5]=[N:6][N:17]1[H:29])([C:19]([C:4]#[C:3][c:16]1[c:14]([H:28])[c:12]([H:26])[c:11]([H:25])[c:13]([H:27])[c:15]1[F:2])([H:31])[H:32])[H:35])[H:30])([H:33])[H:34],35,unassigned_atom_type,0;21,"Atoms 0, 21 could not be assigned a bond charge correction atom type."
spice-pubchem,3683.npz,O=P(O)(O)C(CO)C(O)(CC(Cl)(Cl)Cl)CC(Cl)(Cl)Cl,[H][O][C]([H])([H])[C]([H])([C]([O][H])([C]([H])([H])[C]([Cl])([Cl])[Cl])[C]([H])([H])[C]([Cl])([Cl])[Cl])[P](=[O])([O][H])[O][H],[O:1]=[P:19]([O:10][H:22])([O:11][H:23])[C:18]([C:14]([O:8][H:20])([H:24])[H:25])([C:17]([O:9][H:21])([C:15]([C:12]([Cl:2])([Cl:3])[Cl:4])([H:26])[H:27])[C:16]([C:13]([Cl:5])([Cl:6])[Cl:7])([H:28])[H:29])[H:30],30,unassigned_atom_type,0;18,"Atoms 0, 18 could not be assigned a bond charge correction atom type."
spice-pubchem,3688.npz,Nc1nc2c(ncn2[C@@H]2C=C[C@H](CP(=O)(O)OP(=O)(O)OP(=O)(O)O)C2)c(=O)n1O,[H][O][N]1[C](=[O])[C]2=[C]([N]=[C]1[N]([H])[H])[N]([C@]1([H])[C]([H])=[C]([H])[C@]([H])([C]([H])([H])[P](=[O])([O][H])[O][P](=[O])([O][H])[O][P](=[O])([O][H])[O][H])[C]1([H])[H])[C]([H])=[N]2,[O:1]=[C:14]1[C:17]2=[C:18]([N:5]=[C:15]([N:21]([H:39])[H:40])[N:22]1[O:7][H:31])[N:23]([C@:26]1([H:45])[C:19]([H:37])=[C:20]([H:38])[C@@:27]([C:25]([P:30](=[O:4])([O:12][H:35])[O:13][P:29](=[O:3])([O:10][H:34])[O:11][P:28](=[O:2])([O:8][H:32])[O:9][H:33])([H:43])[H:44])([H:46])[C:24]1([H:41])[H:42])[C:16]([H:36])=[N:6]2,46,unassigned_atom_type,1;2;3;10;12;27;28;29,"Atoms 1, 2, 3, 10, 12, 27, 28, 29 could not be assigned a bond charge correction atom type."
spice-pubchem,371.npz,Cc1nc(/N=N/c2cc(S(=O)(=O)O)ccc2S(=O)(=O)O)c2c(c1O)COP(=O)(O)OC2,[H][O][c]1[c]([C]([H])([H])[H])[n][c](/[N]=[N]/[c]2[c]([H])[c]([S](=[O])(=[O])[O][H])[c]([H])[c]([H])[c]2[S](=[O])(=[O])[O][H])[c]2[c]1[C]([H])([H])[O][P](=[O])([O][H])[O][C]2([H])[H],[O:1]=[P:29]1([O:10][H:33])[O:11][C:27]([H:42])([H:43])[c:22]2[c:15](/[N:6]=[N:7]/[c:20]3[c:18]([H:37])[c:24]([S:30](=[O:2])(=[O:3])[O:13][H:34])[c:17]([H:36])[c:19]([H:38])[c:25]3[S:31](=[O:4])(=[O:5])[O:14][H:35])[n:8][c:16]([C:26]([H:39])([H:40])[H:41])[c:21]([O:9][H:32])[c:23]2[C:28]([H:44])([H:45])[O:12]1,45,unassigned_atom_type,0;28,"Atoms 0, 28 could not be assigned a bond charge correction atom type."
spice-pubchem,3743.npz,CN(C)CCOP(=O)(F)N(C)C,[H][C]([H])([H])[N]([C]([H])([H])[H])[C]([H])([H])[C]([H])([H])[O][P](=[O])([F])[N]([C]([H])([H])[H])[C]([H])([H])[H],[O:1]=[P:12]([F:2])([O:3][C:10]([C:11]([N:4]([C:6]([H:13])([H:14])[H:15])[C:7]([H:16])([H:17])[H:18])([H:27])[H:28])([H:25])[H:26])[N:5]([C:8]([H:19])([H:20])[H:21])[C:9]([H:22])([H:23])[H:24],28,unassigned_atom_type,0;1;11,"Atoms 0, 1, 11 could not be assigned a bond charge correction atom type."
spice-pubchem,3765.npz,O=C1NP(c2ccccc2)Oc2ccccc21,[H][c]1[c]([H])[c]([H])[c]([P]2[O][c]3[c]([H])[c]([H])[c]([H])[c]([H])[c]3[C](=[O])[N]2[H])[c]([H])[c]1[H],[O:1]=[C:3]1[c:14]2[c:10]([H:24])[c:6]([H:20])[c:5]([H:19])[c:9]([H:23])[c:13]2[O:2][P:17]([c:15]2[c:11]([H:25])[c:7]([H:21])[c:4]([H:18])[c:8]([H:22])[c:12]2[H:26])[N:16]1[H:27],27,unassigned_atom_type,16,Atoms 16 could not be assigned a bond charge correction atom type.
spice-pubchem,3779.npz,NC1=NC(P(=O)(O)O)(P(=O)(O)O)CC1,[H][O][P](=[O])([O][H])[C]1([P](=[O])([O][H])[O][H])[N]=[C]([N]([H])[H])[C]([H])([H])[C]1([H])[H],[O:1]=[P:13]([O:4][H:15])([O:5][H:16])[C:12]1([P:14](=[O:2])([O:6][H:17])[O:7][H:18])[N:3]=[C:8]([N:9]([H:19])[H:20])[C:10]([H:21])([H:22])[C:11]1([H:23])[H:24],24,unassigned_atom_type,0;1;12;13,"Atoms 0, 1, 12, 13 could not be assigned a bond charge correction atom type."
spice-pubchem,3795.npz,S=[PH](Nc1ccc(N2CC2)cc1)N1CC1,[H][c]1[c]([H])[c]([N]([H])[P]([H])(=[S])[N]2[C]([H])([H])[C]2([H])[H])[c]([H])[c]([H])[c]1[N]1[C]([H])([H])[C]1([H])[H],[S:1]=[P:15]([N:9]([c:7]1[c:4]([H:18])[c:2]([H:16])[c:6]([N:8]2[C:11]([H:21])([H:22])[C:12]2([H:23])[H:24])[c:3]([H:17])[c:5]1[H:19])[H:20])([N:10]1[C:13]([H:25])([H:26])[C:14]1([H:27])[H:28])[H:29],29,unassigned_atom_type,0;14;28,"Atoms 0, 14, 28 could not be assigned a bond charge correction atom type."
spice-pubchem,38.npz,CC(C)(C)c1ccc(OP(=O)([O-])Oc2cccc(C[n+]3ccsc3)c2)cc1,[H][C]1=[C]([H])[N+]([C]([H])([H])[c]2[c]([H])[c]([H])[c]([H])[c]([O][P](=[O])([O-])[O][c]3[c]([H])[c]([H])[c]([C]([C]([H])([H])[H])([C]([H])([H])[H])[C]([H])([H])[H])[c]([H])[c]3[H])[c]2[H])=[C]([H])[S]1,[O:1]=[P:27]([O-:2])([O:3][c:17]1[c:10]([H:32])[c:15]([H:37])[c:20]([C:26]([C:23]([H:41])([H:42])[H:43])([C:24]([H:44])([H:45])[H:46])[C:25]([H:47])([H:48])[H:49])[c:16]([H:38])[c:11]1[H:33])[O:4][c:18]1[c:12]([H:34])[c:9]([H:31])[c:13]([H:35])[c:19]([C:22]([N+:21]2=[C:8]([H:30])[S:5][C:6]([H:28])=[C:7]2[H:29])([H:39])[H:40])[c:14]1[H:36],49,unassigned_atom_type,0;1;26,"Atoms 0, 1, 26 could not be assigned a bond charge correction atom type."
spice-pubchem,3804.npz,OP(C(F)(F)F)C(F)(F)F,[H][O][P]([C]([F])([F])[F])[C]([F])([F])[F],[F:1][C:9]([F:2])([F:3])[P:8]([O:7][H:11])[C:10]([F:4])([F:5])[F:6],11,unassigned_atom_type,7,Atoms 7 could not be assigned a bond charge correction atom type.
spice-pubchem,3806.npz,CC(=O)O/N=C/c1c(COP(=O)(O)O)cnc(C)c1O,[H][O][c]1[c]([C]([H])([H])[H])[n][c]([H])[c]([C]([H])([H])[O][P](=[O])([O][H])[O][H])[c]1/[C]([H])=[N]/[O][C](=[O])[C]([H])([H])[H],[O:1]=[C:10]([O:5]/[N:3]=[C:11](/[c:15]1[c:14]([O:6][H:21])[c:13]([C:18]([H:29])([H:30])[H:31])[n:4][c:12]([H:25])[c:16]1[C:19]([O:9][P:20](=[O:2])([O:7][H:22])[O:8][H:23])([H:32])[H:33])[H:24])[C:17]([H:26])([H:27])[H:28],33,unassigned_atom_type,1;19,"Atoms 1, 19 could not be assigned a bond charge correction atom type."
spice-pubchem,3828.npz,CCOP1(=S)OCc2cccnc2O1,[H][c]1[n][c]2[c]([c]([H])[c]1[H])[C]([H])([H])[O][P](=[S])([O][C]([H])([H])[C]([H])([H])[H])[O]2,[S:1]=[P:14]1([O:5][C:13]([C:12]([H:20])([H:21])[H:22])([H:23])[H:24])[O:3][c:7]2[n:2][c:6]([H:15])[c:8]([H:16])[c:9]([H:17])[c:10]2[C:11]([H:18])([H:19])[O:4]1,24,unassigned_atom_type,0;13,"Atoms 0, 13 could not be assigned a bond charge correction atom type."
spice-pubchem,3829.npz,CC(C)=CC(=O)NP(N)(N)=O,[H][C]([C](=[O])[N]([H])[P](=[O])([N]([H])[H])[N]([H])[H])=[C]([C]([H])([H])[H])[C]([H])([H])[H],[O:1]=[C:3]([C:4](=[C:5]([C:9]([H:18])([H:19])[H:20])[C:10]([H:21])([H:22])[H:23])[H:12])[N:8]([P:11](=[O:2])([N:6]([H:13])[H:14])[N:7]([H:15])[H:16])[H:17],23,unassigned_atom_type,1;10,"Atoms 1, 10 could not be assigned a bond charge correction atom type."
spice-pubchem,3853.npz,C[PH](C)=S,[H][C]([H])([H])[P]([H])(=[S])[C]([H])([H])[H],[S:1]=[P:4]([C:2]([H:5])([H:6])[H:7])([C:3]([H:8])([H:9])[H:10])[H:11],11,unassigned_atom_type,0;3;10,"Atoms 0, 3, 10 could not be assigned a bond charge correction atom type."
spice-pubchem,3855.npz,CN1N(C)P2N(C)N(C)P1N(C)N2C,[H][C]([H])([H])[N]1[N]([C]([H])([H])[H])[P]2[N]([C]([H])([H])[H])[N]([C]([H])([H])[H])[P]1[N]([C]([H])([H])[H])[N]2[C]([H])([H])[H],[N:1]1([C:9]([H:15])([H:16])[H:17])[N:4]([C:12]([H:24])([H:25])[H:26])[P:8]2[N:5]([C:13]([H:27])([H:28])[H:29])[N:2]([C:10]([H:18])([H:19])[H:20])[P:7]1[N:3]([C:11]([H:21])([H:22])[H:23])[N:6]2[C:14]([H:30])([H:31])[H:32],32,unassigned_atom_type,6;7,"Atoms 6, 7 could not be assigned a bond charge correction atom type."
spice-pubchem,3856.npz,O=C(O)[C@H]1COP(=O)(O)OP(=O)(O)O1,[H][O][C](=[O])[C@]1([H])[O][P](=[O])([O][H])[O][P](=[O])([O][H])[O][C]1([H])[H],[O:1]=[C:10]([O:4][H:15])[C@:12]1([H:20])[O:8][P:14](=[O:3])([O:6][H:17])[O:9][P:13](=[O:2])([O:5][H:16])[O:7][C:11]1([H:18])[H:19],20,unassigned_atom_type,1;2;8;12;13,"Atoms 1, 2, 8, 12, 13 could not be assigned a bond charge correction atom type."
spice-pubchem,3857.npz,C=CP(CCCC)CCCC,[H][C]([H])=[C]([H])[P]([C]([H])([H])[C]([H])([H])[C]([H])([H])[C]([H])([H])[H])[C]([H])([H])[C]([H])([H])[C]([H])([H])[C]([H])([H])[H],[C:1](=[C:2]([P:3]([C:6]([C:10]([C:8]([C:4]([H:15])([H:16])[H:17])([H:25])[H:26])([H:29])[H:30])([H:21])[H:22])[C:7]([C:11]([C:9]([C:5]([H:18])([H:19])[H:20])([H:27])[H:28])([H:31])[H:32])([H:23])[H:24])[H:14])([H:12])[H:13],32,unassigned_atom_type,2,Atoms 2 could not be assigned a bond charge correction atom type.
spice-pubchem,386.npz,O=C(CCP(=O)([O-])[O-])CP(=O)([O-])[O-],[H][C]([H])([C](=[O])[C]([H])([H])[P](=[O])([O-])[O-])[C]([H])([H])[P](=[O])([O-])[O-],[O:1]=[C:8]([C:9]([C:11]([P:13](=[O:3])([O-:6])[O-:7])([H:18])[H:19])([H:14])[H:15])[C:10]([P:12](=[O:2])([O-:4])[O-:5])([H:16])[H:17],19,unassigned_atom_type,1;2;3;4;5;6;11;12,"Atoms 1, 2, 3, 4, 5, 6, 11, 12 could not be assigned a bond charge correction atom type."
spice-pubchem,387.npz,O=P([O-])([O-])C(F)(F)COCC(F)(F)P(=O)([O-])[O-],[H][C]([H])([O][C]([H])([H])[C]([F])([F])[P](=[O])([O-])[O-])[C]([F])([F])[P](=[O])([O-])[O-],[O:1]=[P:16]([O-:3])([O-:4])[C:14]([F:7])([F:8])[C:12]([O:11][C:13]([C:15]([F:9])([F:10])[P:17](=[O:2])([O-:5])[O-:6])([H:20])[H:21])([H:18])[H:19],21,unassigned_atom_type,0;1;2;3;4;5;15;16,"Atoms 0, 1, 2, 3, 4, 5, 15, 16 could not be assigned a bond charge correction atom type."
spice-pubchem,3873.npz,C#CP,[H][C]#[C][P]([H])[H],[C:1](#[C:2][P:3]([H:5])[H:6])[H:4],6,unassigned_atom_type,2;4;5,"Atoms 2, 4, 5 could not be assigned a bond charge correction atom type."
spice-pubchem,3879.npz,FP(F)OP(F)F,[F][P]([F])[O][P]([F])[F],[F:1][P:6]([F:2])[O:5][P:7]([F:3])[F:4],7,unassigned_atom_type,0;1;2;3;4;5;6,"Atoms 0, 1, 2, 3, 4, 5, 6 could not be assigned a bond charge correction atom type."
spice-pubchem,3885.npz,FP(F)C(Cl)(Cl)Cl,[F][P]([F])[C]([Cl])([Cl])[Cl],[F:1][P:6]([F:2])[C:7]([Cl:3])([Cl:4])[Cl:5],7,unassigned_atom_type,0;1;5,"Atoms 0, 1, 5 could not be assigned a bond charge correction atom type."
spice-pubchem,3888.npz,CN(C)P(Cl)C(F)(F)F,[H][C]([H])([H])[N]([P]([Cl])[C]([F])([F])[F])[C]([H])([H])[H],[F:1][C:9]([F:2])([F:3])[P:6]([Cl:4])[N:5]([C:7]([H:10])([H:11])[H:12])[C:8]([H:13])([H:14])[H:15],15,unassigned_atom_type,3;5,"Atoms 3, 5 could not be assigned a bond charge correction atom type."
spice-pubchem,3893.npz,N#CP(C#N)C#N,[N]#[C][P]([C]#[N])[C]#[N],[N:1]#[C:4][P:7]([C:5]#[N:2])[C:6]#[N:3],7,unassigned_atom_type,6,Atoms 6 could not be assigned a bond charge correction atom type.
spice-pubchem,3902.npz,C=C(C)P(=O)(Cl)Cl,[H][C]([H])=[C]([C]([H])([H])[H])[P](=[O])([Cl])[Cl],[O:1]=[P:7]([Cl:2])([Cl:3])[C:5](=[C:4]([H:8])[H:9])[C:6]([H:10])([H:11])[H:12],12,unassigned_atom_type,0;1;2;6,"Atoms 0, 1, 2, 6 could not be assigned a bond charge correction atom type."
spice-pubchem,3910.npz,C=C=CP(=O)(N(C)C)N(C)C,[H][C]([H])=[C]=[C]([H])[P](=[O])([N]([C]([H])([H])[H])[C]([H])([H])[H])[N]([C]([H])([H])[H])[C]([H])([H])[H],[O:1]=[P:11]([C:4](=[C:2]=[C:3]([H:12])[H:13])[H:14])([N:5]([C:7]([H:15])([H:16])[H:17])[C:8]([H:18])([H:19])[H:20])[N:6]([C:9]([H:21])([H:22])[H:23])[C:10]([H:24])([H:25])[H:26],26,unassigned_atom_type,0;10,"Atoms 0, 10 could not be assigned a bond charge correction atom type."
spice-pubchem,3918.npz,C=CCP(c1ccccc1)c1ccccc1,[H][C]([H])=[C]([H])[C]([H])([H])[P]([c]1[c]([H])[c]([H])[c]([H])[c]([H])[c]1[H])[c]1[c]([H])[c]([H])[c]([H])[c]([H])[c]1[H],[C:1](=[C:2]([C:16]([P:15]([c:13]1[c:9]([H:26])[c:5]([H:22])[c:3]([H:20])[c:6]([H:23])[c:10]1[H:27])[c:14]1[c:11]([H:28])[c:7]([H:24])[c:4]([H:21])[c:8]([H:25])[c:12]1[H:29])([H:30])[H:31])[H:19])([H:17])[H:18],31,unassigned_atom_type,14,Atoms 14 could not be assigned a bond charge correction atom type.
spice-pubchem,3931.npz,ClP(Br)Br,[Cl][P]([Br])[Br],[Cl:1][P:4]([Br:2])[Br:3],4,unassigned_atom_type,0;1;2;3,"Atoms 0, 1, 2, 3 could not be assigned a bond charge correction atom type."
spice-pubchem,3935.npz,c1ccc(-p2cccc2)cc1,[H][C]1=[C]([H])[P]([c]2[c]([H])[c]([H])[c]([H])[c]([H])[c]2[H])[C]([H])=[C]1[H],[C:1]1([H:12])=[C:3]([H:14])[P:11]([c:10]2[c:8]([H:19])[c:6]([H:17])[c:5]([H:16])[c:7]([H:18])[c:9]2[H:20])[C:4]([H:15])=[C:2]1[H:13],20,unassigned_atom_type,10,Atoms 10 could not be assigned a bond charge correction atom type.
spice-pubchem,394.npz,O=P([O-])([O-])Cc1ccc2ccc(CP(=O)([O-])[O-])cc2c1,[H][c]1[c]([C]([H])([H])[P](=[O])([O-])[O-])[c]([H])[c]2[c]([H])[c]([C]([H])([H])[P](=[O])([O-])[O-])[c]([H])[c]([H])[c]2[c]1[H],[O:1]=[P:19]([O-:3])([O-:4])[C:17]([c:9]1[c:7]([H:21])[c:11]([H:23])[c:15]2[c:12]([H:24])[c:8]([H:22])[c:10]([C:18]([P:20](=[O:2])([O-:5])[O-:6])([H:29])[H:30])[c:14]([H:26])[c:16]2[c:13]1[H:25])([H:27])[H:28],30,unassigned_atom_type,0;1;2;3;4;5;18;19,"Atoms 0, 1, 2, 3, 4, 5, 18, 19 could not be assigned a bond charge correction atom type."
spice-pubchem,3943.npz,FPF,[H][P]([F])[F],[F:1][P:3]([F:2])[H:4],4,unassigned_atom_type,0;1;2;3,"Atoms 0, 1, 2, 3 could not be assigned a bond charge correction atom type."
spice-pubchem,3944.npz,C=CP(=S)(Cl)Cl,[H][C]([H])=[C]([H])[P](=[S])([Cl])[Cl],[S:1]=[P:6]([Cl:2])([Cl:3])[C:5](=[C:4]([H:7])[H:8])[H:9],9,unassigned_atom_type,0;1;2;5,"Atoms 0, 1, 2, 5 could not be assigned a bond charge correction atom type."
spice-pubchem,3956.npz,Cc1cp(C(C)(C)C)cc1C,[H][C]1=[C]([C]([H])([H])[H])[C]([C]([H])([H])[H])=[C]([H])[P]1[C]([C]([H])([H])[H])([C]([H])([H])[H])[C]([H])([H])[H],[C:1]1([H:12])=[C:3]([C:6]([H:14])([H:15])[H:16])[C:4]([C:7]([H:17])([H:18])[H:19])=[C:2]([H:13])[P:5]1[C:11]([C:8]([H:20])([H:21])[H:22])([C:9]([H:23])([H:24])[H:25])[C:10]([H:26])([H:27])[H:28],28,unassigned_atom_type,4,Atoms 4 could not be assigned a bond charge correction atom type.
spice-pubchem,396.npz,O=[N+]([O-])c1ccc(O[N-]C2=[O+]C(CO)C(O)C(O)C2O)c([N+](=O)[O-])c1,[H][O][C]([H])([H])[C]1([H])[O+]=[C]([N-][O][c]2[c]([H])[c]([H])[c]([N+](=[O])[O-])[c]([H])[c]2[N+](=[O])[O-])[C]([H])([O][H])[C]([H])([O][H])[C]1([H])[O][H],[O:1]=[N+:19]([O-:3])[c:17]1[c:14]([H:31])[c:13]([H:30])[c:16]([O:6][N-:5][C:12]2=[O+:11][C:25]([C:21]([O:7][H:26])([H:33])[H:34])([H:38])[C:24]([O:10][H:29])([H:37])[C:23]([O:9][H:28])([H:36])[C:22]2([O:8][H:27])[H:35])[c:18]([N+:20](=[O:2])[O-:4])[c:15]1[H:32],38,incomplete_bond_assignment,4;11,Bond charge corrections could not be applied to all bonds in the molecule: | atom 4: expected=2 assigned=1.0 | atom 11: expected=3 assigned=2.0
spice-pubchem,3964.npz,CP(C)(C)=N,[H][N]=[P]([C]([H])([H])[H])([C]([H])([H])[H])[C]([H])([H])[H],[N:1](=[P:5]([C:2]([H:7])([H:8])[H:9])([C:3]([H:10])([H:11])[H:12])[C:4]([H:13])([H:14])[H:15])[H:6],15,unassigned_atom_type,4,Atoms 4 could not be assigned a bond charge correction atom type.
spice-pubchem,3966.npz,CP(C)CCP(C)C,[H][C]([H])([H])[P]([C]([H])([H])[H])[C]([H])([H])[C]([H])([H])[P]([C]([H])([H])[H])[C]([H])([H])[H],[P:1]([C:3]([H:9])([H:10])[H:11])([C:4]([H:12])([H:13])[H:14])[C:7]([C:8]([P:2]([C:5]([H:15])([H:16])[H:17])[C:6]([H:18])([H:19])[H:20])([H:23])[H:24])([H:21])[H:22],24,unassigned_atom_type,0;1,"Atoms 0, 1 could not be assigned a bond charge correction atom type."
spice-pubchem,3980.npz,Clc1ccc(P(C2CCCCC2)C2CCCCC2)cc1,[H][c]1[c]([H])[c]([P]([C]2([H])[C]([H])([H])[C]([H])([H])[C]([H])([H])[C]([H])([H])[C]2([H])[H])[C]2([H])[C]([H])([H])[C]([H])([H])[C]([H])([H])[C]([H])([H])[C]2([H])[H])[c]([H])[c]([H])[c]1[Cl],[Cl:1][c:6]1[c:2]([H:21])[c:4]([H:23])[c:7]([P:8]([C:19]2([H:45])[C:15]([H:37])([H:38])[C:11]([H:29])([H:30])[C:9]([H:25])([H:26])[C:12]([H:31])([H:32])[C:16]2([H:39])[H:40])[C:20]2([H:46])[C:17]([H:41])([H:42])[C:13]([H:33])([H:34])[C:10]([H:27])([H:28])[C:14]([H:35])([H:36])[C:18]2([H:43])[H:44])[c:5]([H:24])[c:3]1[H:22],46,unassigned_atom_type,7,Atoms 7 could not be assigned a bond charge correction atom type.
spice-pubchem,3982.npz,ClCP(Cl)CCl,[H][C]([H])([Cl])[P]([Cl])[C]([H])([H])[Cl],[Cl:1][P:4]([C:5]([Cl:2])([H:7])[H:8])[C:6]([Cl:3])([H:9])[H:10],10,unassigned_atom_type,0;3,"Atoms 0, 3 could not be assigned a bond charge correction atom type."
spice-pubchem,3986.npz,SN1CCCCNP1Oc1ccccc1,[H][S][N]1[P]([O][c]2[c]([H])[c]([H])[c]([H])[c]([H])[c]2[H])[N]([H])[C]([H])([H])[C]([H])([H])[C]([H])([H])[C]1([H])[H],[O:1]([c:8]1[c:6]([H:20])[c:4]([H:18])[c:3]([H:17])[c:5]([H:19])[c:7]1[H:21])[P:11]1[N:9]([H:22])[C:12]([H:23])([H:24])[C:14]([H:27])([H:28])[C:15]([H:29])([H:30])[C:13]([H:25])([H:26])[N:10]1[S:2][H:16],30,unassigned_atom_type,10,Atoms 10 could not be assigned a bond charge correction atom type.
spice-pubchem,4002.npz,CC12OCP(CO1)CO2,[H][C]1([H])[O][C]2([C]([H])([H])[H])[O][C]([H])([H])[P]1[C]([H])([H])[O]2,[O:1]1[C:5]([H:10])([H:11])[P:4]2[C:6]([H:12])([H:13])[O:2][C:9]1([C:8]([H:16])([H:17])[H:18])[O:3][C:7]2([H:14])[H:15],18,unassigned_atom_type,3,Atoms 3 could not be assigned a bond charge correction atom type.
spice-pubchem,4005.npz,CC(C)(C)NP(Cl)C(C)(C)C,[H][N]([P]([Cl])[C]([C]([H])([H])[H])([C]([H])([H])[H])[C]([H])([H])[H])[C]([C]([H])([H])[H])([C]([H])([H])[H])[C]([H])([H])[H],[Cl:1][P:3]([N:2]([C:10]([C:4]([H:13])([H:14])[H:15])([C:5]([H:16])([H:17])[H:18])[C:6]([H:19])([H:20])[H:21])[H:12])[C:11]([C:7]([H:22])([H:23])[H:24])([C:8]([H:25])([H:26])[H:27])[C:9]([H:28])([H:29])[H:30],30,unassigned_atom_type,0;2,"Atoms 0, 2 could not be assigned a bond charge correction atom type."
spice-pubchem,4018.npz,CN(P(F)F)P(F)F,[H][C]([H])([H])[N]([P]([F])[F])[P]([F])[F],[F:1][P:6]([F:2])[N:5]([P:7]([F:3])[F:4])[C:8]([H:9])([H:10])[H:11],11,unassigned_atom_type,0;1;2;3;5;6,"Atoms 0, 1, 2, 3, 5, 6 could not be assigned a bond charge correction atom type."
spice-pubchem,4019.npz,FC(F)(F)SPSC(F)(F)F,[H][P]([S][C]([F])([F])[F])[S][C]([F])([F])[F],[F:1][C:10]([F:2])([F:3])[S:7][P:9]([S:8][C:11]([F:4])([F:5])[F:6])[H:12],12,unassigned_atom_type,8;11,"Atoms 8, 11 could not be assigned a bond charge correction atom type."
spice-pubchem,4027.npz,FP(F)Br,[F][P]([F])[Br],[F:1][P:4]([F:2])[Br:3],4,unassigned_atom_type,0;1;2;3,"Atoms 0, 1, 2, 3 could not be assigned a bond charge correction atom type."
spice-pubchem,4031.npz,O=PCl,[O]=[P][Cl],[O:1]=[P:3][Cl:2],3,unassigned_atom_type,0;1;2,"Atoms 0, 1, 2 could not be assigned a bond charge correction atom type."
spice-pubchem,4036.npz,CSP(C)C,[H][C]([H])([H])[S][P]([C]([H])([H])[H])[C]([H])([H])[H],[S:1]([P:2]([C:4]([H:9])([H:10])[H:11])[C:5]([H:12])([H:13])[H:14])[C:3]([H:6])([H:7])[H:8],14,unassigned_atom_type,1,Atoms 1 could not be assigned a bond charge correction atom type.
spice-pubchem,4039.npz,COP(OC)N(C)C,[H][C]([H])([H])[O][P]([O][C]([H])([H])[H])[N]([C]([H])([H])[H])[C]([H])([H])[H],[O:1]([P:4]([O:2][C:6]([H:12])([H:13])[H:14])[N:3]([C:7]([H:15])([H:16])[H:17])[C:8]([H:18])([H:19])[H:20])[C:5]([H:9])([H:10])[H:11],20,unassigned_atom_type,3,Atoms 3 could not be assigned a bond charge correction atom type.
spice-pubchem,4051.npz,CCCCp1cccc1,[H][C]1=[C]([H])[P]([C]([H])([H])[C]([H])([H])[C]([H])([H])[C]([H])([H])[H])[C]([H])=[C]1[H],[C:1]1([H:10])=[C:3]([H:12])[P:5]([C:7]([C:9]([C:8]([C:6]([H:14])([H:15])[H:16])([H:19])[H:20])([H:21])[H:22])([H:17])[H:18])[C:4]([H:13])=[C:2]1[H:11],22,unassigned_atom_type,4,Atoms 4 could not be assigned a bond charge correction atom type.
spice-pubchem,4052.npz,O=P12OP3(=O)OP(=O)(O1)OP(=O)(O2)O3,[O]=[P]12[O][P]3(=[O])[O][P](=[O])([O]1)[O][P](=[O])([O]2)[O]3,[O:1]=[P:11]12[O:5][P:12]3(=[O:2])[O:7][P:13](=[O:3])([O:6]1)[O:10][P:14](=[O:4])([O:8]2)[O:9]3,14,unassigned_atom_type,0;1;2;3;4;5;6;7;8;9;10;11;12;13,"Atoms 0, 1, 2, 3, 4, 5, 6, 7, 8, 9, 10, 11, 12, 13 could not be assigned a bond charge correction atom type."
spice-pubchem,4090.npz,CCNP(=O)(NCC)c1ccc(N)cc1,[H][c]1[c]([H])[c]([P](=[O])([N]([H])[C]([H])([H])[C]([H])([H])[H])[N]([H])[C]([H])([H])[C]([H])([H])[H])[c]([H])[c]([H])[c]1[N]([H])[H],[O:1]=[P:15]([c:7]1[c:4]([H:18])[c:2]([H:16])[c:6]([N:8]([H:20])[H:21])[c:3]([H:17])[c:5]1[H:19])([N:9]([C:13]([C:11]([H:24])([H:25])[H:26])([H:30])[H:31])[H:22])[N:10]([C:14]([C:12]([H:27])([H:28])[H:29])([H:32])[H:33])[H:23],33,unassigned_atom_type,0;14,"Atoms 0, 14 could not be assigned a bond charge correction atom type."
spice-pubchem,4092.npz,CC(C)N(C(C)C)P1N(C)c2ccccc2N1C,[H][c]1[c]([H])[c]([H])[c]2[c]([c]1[H])[N]([C]([H])([H])[H])[P]([N]([C]([H])([C]([H])([H])[H])[C]([H])([H])[H])[C]([H])([C]([H])([H])[H])[C]([H])([H])[H])[N]2[C]([H])([H])[H],[c:1]1([H:19])[c:2]([H:20])[c:4]([H:22])[c:6]2[c:5]([c:3]1[H:21])[N:7]([C:11]([H:23])([H:24])[H:25])[P:10]([N:9]([C:17]([C:13]([H:29])([H:30])[H:31])([C:14]([H:32])([H:33])[H:34])[H:41])[C:18]([C:15]([H:35])([H:36])[H:37])([C:16]([H:38])([H:39])[H:40])[H:42])[N:8]2[C:12]([H:26])([H:27])[H:28],42,unassigned_atom_type,9,Atoms 9 could not be assigned a bond charge correction atom type.
spice-pubchem,411.npz,O=P([O-])([O-])OC(F)(F)c1cccc(-c2ccccc2)c1,[H][c]1[c]([H])[c]([H])[c](-[c]2[c]([H])[c]([H])[c]([H])[c]([C]([F])([F])[O][P](=[O])([O-])[O-])[c]2[H])[c]([H])[c]1[H],[O:1]=[P:20]([O-:2])([O-:3])[O:6][C:19]([F:4])([F:5])[c:18]1[c:14]([H:28])[c:10]([H:24])[c:13]([H:27])[c:17](-[c:16]2[c:11]([H:25])[c:8]([H:22])[c:7]([H:21])[c:9]([H:23])[c:12]2[H:26])[c:15]1[H:29],29,unassigned_atom_type,0;1;2;19,"Atoms 0, 1, 2, 19 could not be assigned a bond charge correction atom type."
spice-pubchem,4131.npz,C=CP,[H][C]([H])=[C]([H])[P]([H])[H],[C:1](=[C:2]([P:3]([H:7])[H:8])[H:6])([H:4])[H:5],8,unassigned_atom_type,2;6;7,"Atoms 2, 6, 7 could not be assigned a bond charge correction atom type."
spice-pubchem,4137.npz,FP(F)N(P(F)F)P(F)F,[F][P]([F])[N]([P]([F])[F])[P]([F])[F],[F:1][P:8]([F:2])[N:7]([P:9]([F:3])[F:4])[P:10]([F:5])[F:6],10,unassigned_atom_type,0;1;2;3;4;5;6;7;8;9,"Atoms 0, 1, 2, 3, 4, 5, 6, 7, 8, 9 could not be assigned a bond charge correction atom type."
spice-pubchem,415.npz,C[C@@H](NCc1cc([N+](=O)[O-])cc2[n-]c(=[OH+])c(=O)[nH]c12)[P+]([O-])(O)O,[H][O][P+]([O-])([O][H])[C@]([H])([N]([H])[C]([H])([H])[c]1[c]([H])[c]([N+](=[O])[O-])[c]([H])[c]2[c]1[N]([H])[C](=[O])[C](=[O+][H])[N-]2)[C]([H])([H])[H],[O:1]=[C:9]1[C:10](=[O+:8][H:26])[N-:5][c:13]2[c:11]([H:27])[c:15]([N+:19](=[O:2])[O-:3])[c:12]([H:28])[c:16]([C:20]([N:18]([C@:22]([C:21]([H:33])([H:34])[H:35])([P+:23]([O-:4])([O:6][H:24])[O:7][H:25])[H:36])[H:30])([H:31])[H:32])[c:14]2[N:17]1[H:29],36,unassigned_atom_type,3;22,"Atoms 3, 22 could not be assigned a bond charge correction atom type."
spice-pubchem,4150.npz,CC(C)(C)/N=P/C(C)(C)C,[H][C]([H])([H])[C](/[N]=[P]/[C]([C]([H])([H])[H])([C]([H])([H])[H])[C]([H])([H])[H])([C]([H])([H])[H])[C]([H])([H])[H],[N:1](=[P:2]/[C:10]([C:6]([H:20])([H:21])[H:22])([C:7]([H:23])([H:24])[H:25])[C:8]([H:26])([H:27])[H:28])\[C:9]([C:3]([H:11])([H:12])[H:13])([C:4]([H:14])([H:15])[H:16])[C:5]([H:17])([H:18])[H:19],28,unassigned_atom_type,1,Atoms 1 could not be assigned a bond charge correction atom type.
spice-pubchem,4172.npz,CCN(CC)P(C#CC(C)(C)C)N(CC)CC,[H][C]([H])([H])[C]([H])([H])[N]([P]([C]#[C][C]([C]([H])([H])[H])([C]([H])([H])[H])[C]([H])([H])[H])[N]([C]([H])([H])[C]([H])([H])[H])[C]([H])([H])[C]([H])([H])[H])[C]([H])([H])[C]([H])([H])[H],[C:1](#[C:2][C:17]([C:10]([H:30])([H:31])[H:32])([C:11]([H:33])([H:34])[H:35])[C:12]([H:36])([H:37])[H:38])[P:5]([N:3]([C:13]([C:6]([H:18])([H:19])[H:20])([H:39])[H:40])[C:14]([C:7]([H:21])([H:22])[H:23])([H:41])[H:42])[N:4]([C:15]([C:8]([H:24])([H:25])[H:26])([H:43])[H:44])[C:16]([C:9]([H:27])([H:28])[H:29])([H:45])[H:46],46,unassigned_atom_type,4,Atoms 4 could not be assigned a bond charge correction atom type.
spice-pubchem,4173.npz,CC(C)N(C(C)C)P1OCCN1C,[H][C]([H])([H])[N]1[P]([N]([C]([H])([C]([H])([H])[H])[C]([H])([H])[H])[C]([H])([C]([H])([H])[H])[C]([H])([H])[H])[O][C]([H])([H])[C]1([H])[H],[O:1]1[P:4]([N:3]([C:12]([C:6]([H:17])([H:18])[H:19])([C:7]([H:20])([H:21])[H:22])[H:33])[C:13]([C:8]([H:23])([H:24])[H:25])([C:9]([H:26])([H:27])[H:28])[H:34])[N:2]([C:5]([H:14])([H:15])[H:16])[C:11]([H:31])([H:32])[C:10]1([H:29])[H:30],34,unassigned_atom_type,3,Atoms 3 could not be assigned a bond charge correction atom type.
spice-pubchem,4175.npz,CCN=P(c1ccccc1)(c1ccccc1)c1ccccc1,[H][c]1[c]([H])[c]([H])[c]([P](=[N][C]([H])([H])[C]([H])([H])[H])([c]2[c]([H])[c]([H])[c]([H])[c]([H])[c]2[H])[c]2[c]([H])[c]([H])[c]([H])[c]([H])[c]2[H])[c]([H])[c]1[H],[N:1]([C:21]([C:20]([H:38])([H:39])[H:40])([H:41])[H:42])=[P:22]([c:17]1[c:11]([H:32])[c:5]([H:26])[c:2]([H:23])[c:6]([H:27])[c:12]1[H:33])([c:18]1[c:13]([H:34])[c:7]([H:28])[c:3]([H:24])[c:8]([H:29])[c:14]1[H:35])[c:19]1[c:15]([H:36])[c:9]([H:30])[c:4]([H:25])[c:10]([H:31])[c:16]1[H:37],42,unassigned_atom_type,21,Atoms 21 could not be assigned a bond charge correction atom type.
spice-pubchem,4178.npz,S=P12CN3CN(CN(C3)C1)C2,[H][C]1([H])[N]2[C]([H])([H])[N]3[C]([H])([H])[N]1[C]([H])([H])[P](=[S])([C]2([H])[H])[C]3([H])[H],[S:1]=[P:11]12[C:8]([H:18])([H:19])[N:2]3[C:5]([H:12])([H:13])[N:3]([C:7]([H:16])([H:17])[N:4]([C:6]3([H:14])[H:15])[C:10]1([H:22])[H:23])[C:9]2([H:20])[H:21],23,unassigned_atom_type,0;10,"Atoms 0, 10 could not be assigned a bond charge correction atom type."
spice-pubchem,4180.npz,CCOP(CC)N(CC)CC,[H][C]([H])([H])[C]([H])([H])[O][P]([N]([C]([H])([H])[C]([H])([H])[H])[C]([H])([H])[C]([H])([H])[H])[C]([H])([H])[C]([H])([H])[H],[O:1]([P:3]([N:2]([C:9]([C:5]([H:15])([H:16])[H:17])([H:26])[H:27])[C:10]([C:6]([H:18])([H:19])[H:20])([H:28])[H:29])[C:11]([C:7]([H:21])([H:22])[H:23])([H:30])[H:31])[C:8]([C:4]([H:12])([H:13])[H:14])([H:24])[H:25],31,unassigned_atom_type,2,Atoms 2 could not be assigned a bond charge correction atom type.
spice-pubchem,4208.npz,O=P12N3CCN1CCN2CC3,[H][C]1([H])[N]2[C]([H])([H])[C]([H])([H])[N]3[C]([H])([H])[C]([H])([H])[N]([C]1([H])[H])[P]23=[O],[O:1]=[P:11]12[N:2]3[C:5]([H:12])([H:13])[C:7]([H:16])([H:17])[N:3]1[C:9]([H:20])([H:21])[C:10]([H:22])([H:23])[N:4]2[C:8]([H:18])([H:19])[C:6]3([H:14])[H:15],23,unassigned_atom_type,0;10,"Atoms 0, 10 could not be assigned a bond charge correction atom type."
spice-pubchem,4209.npz,CCP(C#N)c1ccccc1,[H][c]1[c]([H])[c]([H])[c]([P]([C]#[N])[C]([H])([H])[C]([H])([H])[H])[c]([H])[c]1[H],[N:1]#[C:2][P:9]([c:8]1[c:6]([H:15])[c:4]([H:13])[c:3]([H:12])[c:5]([H:14])[c:7]1[H:16])[C:11]([C:10]([H:17])([H:18])[H:19])([H:20])[H:21],21,unassigned_atom_type,8,Atoms 8 could not be assigned a bond charge correction atom type.
spice-pubchem,4224.npz,FP(F)n1cccc1,[H][C]1=[C]([H])[N]([P]([F])[F])[C]([H])=[C]1[H],[F:1][P:8]([F:2])[N:7]1[C:5]([H:11])=[C:3]([H:9])[C:4]([H:10])=[C:6]1[H:12],12,unassigned_atom_type,0;1;7,"Atoms 0, 1, 7 could not be assigned a bond charge correction atom type."
spice-pubchem,425.npz,O=C(C1CCC[NH2+]1)N1CCCC1P(=O)(OCC(F)(F)F)OCC(F)(F)F,[H][C]([H])([O][P](=[O])([O][C]([H])([H])[C]([F])([F])[F])[C]1([H])[N]([C](=[O])[C]2([H])[C]([H])([H])[C]([H])([H])[C]([H])([H])[N+]2([H])[H])[C]([H])([H])[C]([H])([H])[C]1([H])[H])[C]([F])([F])[F],[O:1]=[C:11]([N:12]1[C:17]([H:31])([H:32])[C:18]([H:33])([H:34])[C:21]([H:39])([H:40])[C:24]1([P:26](=[O:2])([O:9][C:15]([C:13]([F:3])([F:4])[F:5])([H:27])[H:28])[O:10][C:16]([C:14]([F:6])([F:7])[F:8])([H:29])[H:30])[H:44])[C:23]1([H:43])[C:20]([H:37])([H:38])[C:19]([H:35])([H:36])[C:22]([H:41])([H:42])[N+:25]1([H:45])[H:46],46,unassigned_atom_type,1;25,"Atoms 1, 25 could not be assigned a bond charge correction atom type."
spice-pubchem,4251.npz,CCCCN1C(C)=C(C)N(CCCC)P1(=O)CC,[H][C]([H])([H])[C]1=[C]([C]([H])([H])[H])[N]([C]([H])([H])[C]([H])([H])[C]([H])([H])[C]([H])([H])[H])[P](=[O])([C]([H])([H])[C]([H])([H])[H])[N]1[C]([H])([H])[C]([H])([H])[C]([H])([H])[C]([H])([H])[H],[O:1]=[P:18]1([C:17]([C:10]([H:31])([H:32])[H:33])([H:46])[H:47])[N:4]([C:11]([C:15]([C:13]([C:8]([H:25])([H:26])[H:27])([H:38])[H:39])([H:42])[H:43])([H:34])[H:35])[C:2]([C:6]([H:19])([H:20])[H:21])=[C:3]([C:7]([H:22])([H:23])[H:24])[N:5]1[C:12]([C:16]([C:14]([C:9]([H:28])([H:29])[H:30])([H:40])[H:41])([H:44])[H:45])([H:36])[H:37],47,unassigned_atom_type,0;17,"Atoms 0, 17 could not be assigned a bond charge correction atom type."
spice-pubchem,4282.npz,C=C=CP,[H][C]([H])=[C]=[C]([H])[P]([H])[H],[C:1](=[C:2]([H:5])[H:6])=[C:3]([P:4]([H:8])[H:9])[H:7],9,unassigned_atom_type,3;7;8,"Atoms 3, 7, 8 could not be assigned a bond charge correction atom type."
spice-pubchem,4297.npz,ClC1=CN(C2CCCCC2)P(Cl)N1C1CCCCC1,[H][C]1=[C]([Cl])[N]([C]2([H])[C]([H])([H])[C]([H])([H])[C]([H])([H])[C]([H])([H])[C]2([H])[H])[P]([Cl])[N]1[C]1([H])[C]([H])([H])[C]([H])([H])[C]([H])([H])[C]([H])([H])[C]1([H])[H],[Cl:1][C:4]1=[C:3]([H:20])[N:5]([C:18]2([H:41])[C:14]([H:33])([H:34])[C:10]([H:25])([H:26])[C:8]([H:21])([H:22])[C:11]([H:27])([H:28])[C:15]2([H:35])[H:36])[P:7]([Cl:2])[N:6]1[C:19]1([H:42])[C:16]([H:37])([H:38])[C:12]([H:29])([H:30])[C:9]([H:23])([H:24])[C:13]([H:31])([H:32])[C:17]1([H:39])[H:40],42,unassigned_atom_type,1;6,"Atoms 1, 6 could not be assigned a bond charge correction atom type."
spice-pubchem,4305.npz,O=[PH](OC(C(F)(F)F)C(F)(F)F)OC(C(F)(F)F)C(F)(F)F,[H][C]([O][P]([H])(=[O])[O][C]([H])([C]([F])([F])[F])[C]([F])([F])[F])([C]([F])([F])[F])[C]([F])([F])[F],[O:1]=[P:22]([O:14][C:20]([C:16]([F:2])([F:3])[F:4])([C:17]([F:5])([F:6])[F:7])[H:23])([O:15][C:21]([C:18]([F:8])([F:9])[F:10])([C:19]([F:11])([F:12])[F:13])[H:24])[H:25],25,unassigned_atom_type,0;21;24,"Atoms 0, 21, 24 could not be assigned a bond charge correction atom type."
spice-pubchem,4330.npz,C#CCOP(=O)(C=C=C)OC(CCl)CCl,[H][C]#[C][C]([H])([H])[O][P](=[O])([O][C]([H])([C]([H])([H])[Cl])[C]([H])([H])[Cl])[C]([H])=[C]=[C]([H])[H],[O:1]=[P:15]([O:7][C:11]([C:6]#[C:5][H:16])([H:20])[H:21])([O:8][C:14]([C:12]([Cl:2])([H:22])[H:23])([C:13]([Cl:3])([H:24])[H:25])[H:26])[C:10](=[C:4]=[C:9]([H:17])[H:18])[H:19],26,unassigned_atom_type,0;14,"Atoms 0, 14 could not be assigned a bond charge correction atom type."
spice-pubchem,4348.npz,N#Cc1ccc(OP(=O)(c2ccco2)c2ccco2)cc1,[H][C]1=[C]([H])[C]([H])=[C]([P](=[O])([O][c]2[c]([H])[c]([H])[c]([C]#[N])[c]([H])[c]2[H])[C]2=[C]([H])[C]([H])=[C]([H])[O]2)[O]1,[N:1]#[C:3][c:19]1[c:15]([H:28])[c:17]([H:30])[c:20]([O:6][P:21](=[O:2])([C:13]2=[C:11]([H:26])[C:9]([H:24])=[C:7]([H:22])[O:4]2)[C:14]2=[C:12]([H:27])[C:10]([H:25])=[C:8]([H:23])[O:5]2)[c:18]([H:31])[c:16]1[H:29],31,unassigned_atom_type,1;20,"Atoms 1, 20 could not be assigned a bond charge correction atom type."
spice-pubchem,4354.npz,ClP(Cl)N1CCOCC1,[H][C]1([H])[O][C]([H])([H])[C]([H])([H])[N]([P]([Cl])[Cl])[C]1([H])[H],[Cl:1][P:5]([Cl:2])[N:4]1[C:8]([H:14])([H:15])[C:6]([H:10])([H:11])[O:3][C:7]([H:12])([H:13])[C:9]1([H:16])[H:17],17,unassigned_atom_type,0;1;4,"Atoms 0, 1, 4 could not be assigned a bond charge correction atom type."
spice-pubchem,4356.npz,NC(N)CCNCCSP(=O)(O)O,[H][O][P](=[O])([O][H])[S][C]([H])([H])[C]([H])([H])[N]([H])[C]([H])([H])[C]([H])([H])[C]([H])([N]([H])[H])[N]([H])[H],[O:1]=[P:13]([O:2][H:14])([O:3][H:15])[S:4][C:8]([C:9]([N:5]([C:10]([C:12]([C:11]([N:6]([H:17])[H:18])([N:7]([H:19])[H:20])[H:27])([H:28])[H:29])([H:25])[H:26])[H:16])([H:23])[H:24])([H:21])[H:22],29,unassigned_atom_type,0;12,"Atoms 0, 12 could not be assigned a bond charge correction atom type."
spice-pubchem,4370.npz,CN1CC(=O)N(P(=O)(O)O)C1=N,[H][N]=[C]1[N]([C]([H])([H])[H])[C]([H])([H])[C](=[O])[N]1[P](=[O])([O][H])[O][H],[O:1]=[C:6]1[N:9]([P:12](=[O:2])([O:4][H:14])[O:5][H:15])[C:7](=[N:3][H:13])[N:8]([C:10]([H:16])([H:17])[H:18])[C:11]1([H:19])[H:20],20,unassigned_atom_type,1;11,"Atoms 1, 11 could not be assigned a bond charge correction atom type."
spice-pubchem,4381.npz,OP(O)(=S)S,[H][O][P](=[S])([O][H])[S][H],[S:1]=[P:5]([O:2][H:6])([O:3][H:7])[S:4][H:8],8,unassigned_atom_type,0;4,"Atoms 0, 4 could not be assigned a bond charge correction atom type."
spice-pubchem,4408.npz,NP(=O)(OCC(Br)CBr)OCC(Br)CBr,[H][N]([H])[P](=[O])([O][C]([H])([H])[C]([H])([Br])[C]([H])([H])[Br])[O][C]([H])([H])[C]([H])([Br])[C]([H])([H])[Br],[O:1]=[P:15]([O:6][C:11]([C:13]([Br:4])([C:9]([Br:2])([H:18])[H:19])[H:26])([H:22])[H:23])([O:7][C:12]([C:14]([Br:5])([C:10]([Br:3])([H:20])[H:21])[H:27])([H:24])[H:25])[N:8]([H:16])[H:17],27,unassigned_atom_type,0;14,"Atoms 0, 14 could not be assigned a bond charge correction atom type."
spice-pubchem,444.npz,CSCCC(=N)P(O)O,[H][N]=[C]([P]([O][H])[O][H])[C]([H])([H])[C]([H])([H])[S][C]([H])([H])[H],[N:1](=[C:5]([P:6]([O:2][H:11])[O:3][H:12])[C:9]([C:8]([S:4][C:7]([H:13])([H:14])[H:15])([H:16])[H:17])([H:18])[H:19])[H:10],19,unassigned_atom_type,5,Atoms 5 could not be assigned a bond charge correction atom type.
spice-pubchem,4448.npz,CNC(=O)C(C)S(=O)(=O)CCSP(=O)(OC)OC,[H][N]([C](=[O])[C]([H])([C]([H])([H])[H])[S](=[O])(=[O])[C]([H])([H])[C]([H])([H])[S][P](=[O])([O][C]([H])([H])[H])[O][C]([H])([H])[H])[C]([H])([H])[H],[O:1]=[C:8]([N:9]([C:12]([H:26])([H:27])[H:28])[H:19])[C:16]([C:13]([H:29])([H:30])[H:31])([S:18](=[O:3])(=[O:4])[C:15]([C:14]([S:7][P:17](=[O:2])([O:5][C:10]([H:20])([H:21])[H:22])[O:6][C:11]([H:23])([H:24])[H:25])([H:32])[H:33])([H:34])[H:35])[H:36],36,unassigned_atom_type,1;16,"Atoms 1, 16 could not be assigned a bond charge correction atom type."
spice-pubchem,445.npz,N=C(c1ccccc1)P(O)O,[H][N]=[C]([c]1[c]([H])[c]([H])[c]([H])[c]([H])[c]1[H])[P]([O][H])[O][H],[N:1](=[C:4]([c:10]1[c:8]([H:18])[c:6]([H:16])[c:5]([H:15])[c:7]([H:17])[c:9]1[H:19])[P:11]([O:2][H:13])[O:3][H:14])[H:12],19,unassigned_atom_type,10,Atoms 10 could not be assigned a bond charge correction atom type.
spice-pubchem,4485.npz,COP1(=S)NC(CC(C)C)CO1,[H][N]1[C]([H])([C]([H])([H])[C]([H])([C]([H])([H])[H])[C]([H])([H])[H])[C]([H])([H])[O][P]1(=[S])[O][C]([H])([H])[H],[S:1]=[P:12]1([O:2][C:5]([H:14])([H:15])[H:16])[O:3][C:8]([H:23])([H:24])[C:10]([C:9]([C:11]([C:6]([H:17])([H:18])[H:19])([C:7]([H:20])([H:21])[H:22])[H:28])([H:25])[H:26])([H:27])[N:4]1[H:13],28,unassigned_atom_type,0;11,"Atoms 0, 11 could not be assigned a bond charge correction atom type."
spice-pubchem,4505.npz,COP(N)(=O)c1ccc(C(Cl)Cl)cc1,[H][c]1[c]([H])[c]([P](=[O])([O][C]([H])([H])[H])[N]([H])[H])[c]([H])[c]([H])[c]1[C]([H])([Cl])[Cl],[O:1]=[P:14]([O:4][C:12]([H:21])([H:22])[H:23])([c:10]1[c:7]([H:17])[c:5]([H:15])[c:9]([C:13]([Cl:2])([Cl:3])[H:24])[c:6]([H:16])[c:8]1[H:18])[N:11]([H:19])[H:20],24,unassigned_atom_type,0;13,"Atoms 0, 13 could not be assigned a bond charge correction atom type."
spice-pubchem,4509.npz,CNP(=O)(NC)C(Cl)Cl,[H][N]([C]([H])([H])[H])[P](=[O])([N]([H])[C]([H])([H])[H])[C]([H])([Cl])[Cl],[O:1]=[P:9]([N:4]([C:6]([H:12])([H:13])[H:14])[H:10])([N:5]([C:7]([H:15])([H:16])[H:17])[H:11])[C:8]([Cl:2])([Cl:3])[H:18],18,unassigned_atom_type,0;8,"Atoms 0, 8 could not be assigned a bond charge correction atom type."
spice-pubchem,4520.npz,CNP(=O)(C1CCN(C)CC1)N(C)C,[H][N]([C]([H])([H])[H])[P](=[O])([N]([C]([H])([H])[H])[C]([H])([H])[H])[C]1([H])[C]([H])([H])[C]([H])([H])[N]([C]([H])([H])[H])[C]([H])([H])[C]1([H])[H],[O:1]=[P:14]([N:3]([C:6]([H:19])([H:20])[H:21])[H:15])([N:4]([C:7]([H:22])([H:23])[H:24])[C:8]([H:25])([H:26])[H:27])[C:13]1([H:36])[C:11]([H:32])([H:33])[C:9]([H:28])([H:29])[N:2]([C:5]([H:16])([H:17])[H:18])[C:10]([H:30])([H:31])[C:12]1([H:34])[H:35],36,unassigned_atom_type,0;13,"Atoms 0, 13 could not be assigned a bond charge correction atom type."
spice-pubchem,4522.npz,CCOP(=S)(SC(C)CC)N(C=S)CC,[H][C](=[S])[N]([C]([H])([H])[C]([H])([H])[H])[P](=[S])([O][C]([H])([H])[C]([H])([H])[H])[S][C]([H])([C]([H])([H])[H])[C]([H])([H])[C]([H])([H])[H],[S:1]=[C:5]([N:6]([C:12]([C:8]([H:20])([H:21])[H:22])([H:31])[H:32])[P:15](=[S:2])([O:3][C:11]([C:7]([H:17])([H:18])[H:19])([H:29])[H:30])[S:4][C:14]([C:10]([H:26])([H:27])[H:28])([C:13]([C:9]([H:23])([H:24])[H:25])([H:33])[H:34])[H:35])[H:16],35,unassigned_atom_type,1;14,"Atoms 1, 14 could not be assigned a bond charge correction atom type."
spice-pubchem,453.npz,[NH3+]CP(=O)([O-])CP(=O)([O-])O,[H][O][P](=[O])([O-])[C]([H])([H])[P](=[O])([O-])[C]([H])([H])[N+]([H])([H])[H],[O:1]=[P:9]([O-:3])([O:5][H:11])[C:7]([P:10](=[O:2])([O-:4])[C:6]([N+:8]([H:16])([H:17])[H:18])([H:12])[H:13])([H:14])[H:15],18,unassigned_atom_type,0;1;2;3;8;9,"Atoms 0, 1, 2, 3, 8, 9 could not be assigned a bond charge correction atom type."
spice-pubchem,4542.npz,CCCCSCC#CSP(=S)(OCC)OCC,[H][C]([H])([C]#[C][S][P](=[S])([O][C]([H])([H])[C]([H])([H])[H])[O][C]([H])([H])[C]([H])([H])[H])[S][C]([H])([H])[C]([H])([H])[C]([H])([H])[C]([H])([H])[H],[S:1]=[P:17]([O:4][C:12]([C:9]([H:20])([H:21])[H:22])([H:29])[H:30])([O:5][C:13]([C:10]([H:23])([H:24])[H:25])([H:31])[H:32])[S:7][C:2]#[C:3][C:8]([S:6][C:14]([C:16]([C:15]([C:11]([H:26])([H:27])[H:28])([H:35])[H:36])([H:37])[H:38])([H:33])[H:34])([H:18])[H:19],38,unassigned_atom_type,0;16,"Atoms 0, 16 could not be assigned a bond charge correction atom type."
spice-pubchem,4553.npz,O=P(N1C2COCC21)(N1C2COCC21)N1C2COCC21,[H][C]1([H])[O][C]([H])([H])[C]2([H])[N]([P](=[O])([N]3[C]4([H])[C]([H])([H])[O][C]([H])([H])[C]34[H])[N]3[C]4([H])[C]([H])([H])[O][C]([H])([H])[C]34[H])[C]12[H],[O:1]=[P:20]([N:5]1[C:14]2([H:33])[C:8]([H:21])([H:22])[O:2][C:9]([H:23])([H:24])[C:15]12[H:34])([N:6]1[C:16]2([H:35])[C:10]([H:25])([H:26])[O:3][C:11]([H:27])([H:28])[C:17]12[H:36])[N:7]1[C:18]2([H:37])[C:12]([H:29])([H:30])[O:4][C:13]([H:31])([H:32])[C:19]12[H:38],38,unassigned_atom_type,0;19,"Atoms 0, 19 could not be assigned a bond charge correction atom type."
spice-pubchem,4554.npz,CC(OP(C)(=O)SCC[N+](C)(C)C)C(C)(C)C,[H][C]([H])([H])[C]([H])([O][P](=[O])([S][C]([H])([H])[C]([H])([H])[N+]([C]([H])([H])[H])([C]([H])([H])[H])[C]([H])([H])[H])[C]([H])([H])[H])[C]([C]([H])([H])[H])([C]([H])([H])[H])[C]([H])([H])[H],[O:1]=[P:17]([O:2][C:9]([C:4]([H:18])([H:19])[H:20])([C:10]([C:5]([H:21])([H:22])[H:23])([C:6]([H:24])([H:25])[H:26])[C:7]([H:27])([H:28])[H:29])[H:32])([S:3][C:8]([C:14]([N+:16]([C:11]([H:33])([H:34])[H:35])([C:12]([H:36])([H:37])[H:38])[C:13]([H:39])([H:40])[H:41])([H:42])[H:43])([H:30])[H:31])[C:15]([H:44])([H:45])[H:46],46,unassigned_atom_type,0;16,"Atoms 0, 16 could not be assigned a bond charge correction atom type."
spice-pubchem,4559.npz,CCC(C)P(=S)(CCl)Oc1cc(N)c(C)cc1Cl,[H][c]1[c]([O][P](=[S])([C]([H])([H])[Cl])[C]([H])([C]([H])([H])[H])[C]([H])([H])[C]([H])([H])[H])[c]([Cl])[c]([H])[c]([C]([H])([H])[H])[c]1[N]([H])[H],[S:1]=[P:18]([O:4][c:8]1[c:5]([H:19])[c:9]([N:11]([H:21])[H:22])[c:10]([C:12]([H:23])([H:24])[H:25])[c:6]([H:20])[c:7]1[Cl:2])([C:16]([Cl:3])([H:34])[H:35])[C:17]([C:14]([H:29])([H:30])[H:31])([C:15]([C:13]([H:26])([H:27])[H:28])([H:32])[H:33])[H:36],36,unassigned_atom_type,0;17,"Atoms 0, 17 could not be assigned a bond charge correction atom type."
spice-pubchem,458.npz,CC1(C)CC(=O)OC1CC(=O)NC(Cn1cncn1)CP(=O)(O)O,[H][O][P](=[O])([O][H])[C]([H])([H])[C]([H])([N]([H])[C](=[O])[C]([H])([H])[C]1([H])[O][C](=[O])[C]([H])([H])[C]1([C]([H])([H])[H])[C]([H])([H])[H])[C]([H])([H])[N]1[N]=[C]([H])[N]=[C]1[H],[O:1]=[C:9]([N:14]([C:21]([C:19]([N:13]1[N:4]=[C:11]([H:27])[N:5]=[C:12]1[H:28])([H:40])[H:41])([C:23]([P:24](=[O:3])([O:7][H:25])[O:8][H:26])([H:44])[H:45])[H:43])[H:29])[C:17]([C:20]1([H:42])[O:6][C:10](=[O:2])[C:18]([H:38])([H:39])[C:22]1([C:15]([H:30])([H:31])[H:32])[C:16]([H:33])([H:34])[H:35])([H:36])[H:37],45,unassigned_atom_type,2;23,"Atoms 2, 23 could not be assigned a bond charge correction atom type."
spice-pubchem,4597.npz,CC(N)C(=O)NC(CC(=O)O)C(=O)NC(/C=C/CP(=O)(O)O)C(=O)O,[H][O][C](=[O])[C]([H])(/[C]([H])=[C](\[H])[C]([H])([H])[P](=[O])([O][H])[O][H])[N]([H])[C](=[O])[C]([H])([N]([H])[C](=[O])[C]([H])([N]([H])[H])[C]([H])([H])[H])[C]([H])([H])[C](=[O])[O][H],[O:1]=[C:10]([O:6][H:26])[C:19](/[C:14](=[C:15](/[C:24]([P:25](=[O:5])([O:8][H:28])[O:9][H:29])([H:44])[H:45])[H:31])[H:30])([N:16]([C:13](=[O:4])[C:23]([N:18]([C:12](=[O:3])[C:22]([N:17]([H:33])[H:34])([C:20]([H:37])([H:38])[H:39])[H:42])[H:35])([C:21]([C:11](=[O:2])[O:7][H:27])([H:40])[H:41])[H:43])[H:32])[H:36],45,unassigned_atom_type,4;24,"Atoms 4, 24 could not be assigned a bond charge correction atom type."
spice-pubchem,4603.npz,CCN(CC)P(=O)(N(CC)CC)n1c(=S)sc2ccccc21,[H][c]1[c]([H])[c]([H])[c]2[c]([c]1[H])[S][C](=[S])[N]2[P](=[O])([N]([C]([H])([H])[C]([H])([H])[H])[C]([H])([H])[C]([H])([H])[H])[N]([C]([H])([H])[C]([H])([H])[H])[C]([H])([H])[C]([H])([H])[H],[O:1]=[P:22]([N:11]1[C:4](=[S:2])[S:3][c:9]2[c:7]([H:25])[c:5]([H:23])[c:6]([H:24])[c:8]([H:26])[c:10]21)([N:12]([C:18]([C:14]([H:27])([H:28])[H:29])([H:39])[H:40])[C:19]([C:15]([H:30])([H:31])[H:32])([H:41])[H:42])[N:13]([C:20]([C:16]([H:33])([H:34])[H:35])([H:43])[H:44])[C:21]([C:17]([H:36])([H:37])[H:38])([H:45])[H:46],46,unassigned_atom_type,0;21,"Atoms 0, 21 could not be assigned a bond charge correction atom type."
spice-pubchem,4632.npz,C=CCC(C=O)OP(=O)(OCC)OC1=CCNC(C)=C1,[H][C](=[O])[C]([H])([O][P](=[O])([O][C]1=[C]([H])[C]([H])([H])[N]([H])[C]([C]([H])([H])[H])=[C]1[H])[O][C]([H])([H])[C]([H])([H])[H])[C]([H])([H])[C]([H])=[C]([H])[H],[O:1]=[C:6]([C:19]([O:5][P:20](=[O:2])([O:3][C:9]1=[C:11]([H:25])[C:15]([H:31])([H:32])[N:13]([H:27])[C:10]([C:14]([H:28])([H:29])[H:30])=[C:8]1[H:24])[O:4][C:17]([C:16]([H:33])([H:34])[H:35])([H:36])[H:37])([C:18]([C:12](=[C:7]([H:22])[H:23])[H:26])([H:38])[H:39])[H:40])[H:21],40,unassigned_atom_type,1;19,"Atoms 1, 19 could not be assigned a bond charge correction atom type."
spice-pubchem,4687.npz,NP(=O)(Oc1ccc(OP(=O)(N2CC2)N2CC2)cc1)N1C=CC(N2C=C2)=CC1,[H][C]1=[C]([H])[N]([P](=[O])([O][c]2[c]([H])[c]([H])[c]([O][P](=[O])([N]3[C]([H])([H])[C]3([H])[H])[N]3[C]([H])([H])[C]3([H])[H])[c]([H])[c]2[H])[N]([H])[H])[C]([H])([H])[C]([H])=[C]1[N]1[C]([H])=[C]1[H],[O:1]=[P:27]([O:3][c:15]1[c:11]([H:34])[c:13]([H:36])[c:16]([O:4][P:28](=[O:2])([N:20]2[C:23]([H:42])([H:43])[C:24]2([H:44])[H:45])[N:21]2[C:25]([H:46])([H:47])[C:26]2([H:48])[H:49])[c:14]([H:37])[c:12]1[H:35])([N:18]([H:38])[H:39])[N:19]1[C:9]([H:32])=[C:5]([H:29])[C:8]([N:17]2[C:6]([H:30])=[C:7]2[H:31])=[C:10]([H:33])[C:22]1([H:40])[H:41],49,unassigned_atom_type,0;1;26;27,"Atoms 0, 1, 26, 27 could not be assigned a bond charge correction atom type."
spice-pubchem,4712.npz,CC(C)C1OP2(=O)OCC1CO2,[H][C]([H])([H])[C]([H])([C]([H])([H])[H])[C]1([H])[O][P]2(=[O])[O][C]([H])([H])[C]1([H])[C]([H])([H])[O]2,[O:1]=[P:12]12[O:2][C:7]([H:19])([H:20])[C:11]([H:25])([C:8]([H:21])([H:22])[O:3]1)[C:9]([C:10]([C:5]([H:13])([H:14])[H:15])([C:6]([H:16])([H:17])[H:18])[H:24])([H:23])[O:4]2,25,unassigned_atom_type,0;11,"Atoms 0, 11 could not be assigned a bond charge correction atom type."
spice-pubchem,4732.npz,C=C(Cl)COP(=O)(OCCCCCC)N1CCCC1,[H][C]([H])=[C]([Cl])[C]([H])([H])[O][P](=[O])([O][C]([H])([H])[C]([H])([H])[C]([H])([H])[C]([H])([H])[C]([H])([H])[C]([H])([H])[H])[N]1[C]([H])([H])[C]([H])([H])[C]([H])([H])[C]1([H])[H],[O:1]=[P:19]([O:3][C:8]([C:6]([Cl:2])=[C:5]([H:20])[H:21])([H:22])[H:23])([O:4][C:10]([C:14]([C:18]([C:17]([C:13]([C:9]([H:24])([H:25])[H:26])([H:33])[H:34])([H:41])[H:42])([H:43])[H:44])([H:35])[H:36])([H:27])[H:28])[N:7]1[C:11]([H:29])([H:30])[C:15]([H:37])([H:38])[C:16]([H:39])([H:40])[C:12]1([H:31])[H:32],44,unassigned_atom_type,0;18,"Atoms 0, 18 could not be assigned a bond charge correction atom type."
spice-pubchem,4736.npz,c1ccc2c(c1)ncn2P(n1cnc2ccccc21)n1cnc2ccccc21,[H][C]1=[N][c]2[c]([H])[c]([H])[c]([H])[c]([H])[c]2[N]1[P]([N]1[C]([H])=[N][c]2[c]([H])[c]([H])[c]([H])[c]([H])[c]21)[N]1[C]([H])=[N][c]2[c]([H])[c]([H])[c]([H])[c]([H])[c]21,[N:1]1=[C:4]([H:29])[N:25]([P:28]([N:26]2[C:5]([H:30])=[N:2][c:20]3[c:14]([H:39])[c:8]([H:33])[c:11]([H:36])[c:17]([H:42])[c:23]32)[N:27]2[C:6]([H:31])=[N:3][c:21]3[c:15]([H:40])[c:9]([H:34])[c:12]([H:37])[c:18]([H:43])[c:24]32)[c:22]2[c:16]([H:41])[c:10]([H:35])[c:7]([H:32])[c:13]([H:38])[c:19]21,43,unassigned_atom_type,27,Atoms 27 could not be assigned a bond charge correction atom type.
spice-pubchem,4742.npz,CCOP(=S)(OCC)SC1(Cl)OCCCC1(Cl)Cl,[H][C]([H])([H])[C]([H])([H])[O][P](=[S])([O][C]([H])([H])[C]([H])([H])[H])[S][C]1([Cl])[O][C]([H])([H])[C]([H])([H])[C]([H])([H])[C]1([Cl])[Cl],[S:1]=[P:18]([O:6][C:11]([C:9]([H:19])([H:20])[H:21])([H:25])[H:26])([O:7][C:12]([C:10]([H:22])([H:23])[H:24])([H:27])[H:28])[S:8][C:14]1([Cl:2])[O:5][C:13]([H:29])([H:30])[C:15]([H:31])([H:32])[C:16]([H:33])([H:34])[C:17]1([Cl:3])[Cl:4],34,unassigned_atom_type,0;17,"Atoms 0, 17 could not be assigned a bond charge correction atom type."
spice-pubchem,4756.npz,CCOP(OCC)SCCSCC(=O)OCS,[H][S][C]([H])([H])[O][C](=[O])[C]([H])([H])[S][C]([H])([H])[C]([H])([H])[S][P]([O][C]([H])([H])[C]([H])([H])[H])[O][C]([H])([H])[C]([H])([H])[H],[O:1]=[C:8]([O:2][C:10]([S:5][H:18])([H:19])[H:20])[C:11]([S:7][C:17]([C:16]([S:6][P:9]([O:3][C:14]([C:12]([H:23])([H:24])[H:25])([H:29])[H:30])[O:4][C:15]([C:13]([H:26])([H:27])[H:28])([H:31])[H:32])([H:33])[H:34])([H:35])[H:36])([H:21])[H:22],36,unassigned_atom_type,8,Atoms 8 could not be assigned a bond charge correction atom type.
spice-pubchem,4773.npz,O=P12COP(OC1)OC2,[H][C]1([H])[O][P]2[O][C]([H])([H])[P]1(=[O])[C]([H])([H])[O]2,[O:1]=[P:9]12[C:6]([H:10])([H:11])[O:2][P:5]([O:3][C:7]1([H:12])[H:13])[O:4][C:8]2([H:14])[H:15],15,unassigned_atom_type,0;4;8,"Atoms 0, 4, 8 could not be assigned a bond charge correction atom type."
spice-pubchem,4786.npz,CCOP(C)(=O)SCCN(C)c1cccc(Cl)c1,[H][c]1[c]([H])[c]([Cl])[c]([H])[c]([N]([C]([H])([H])[H])[C]([H])([H])[C]([H])([H])[S][P](=[O])([O][C]([H])([H])[C]([H])([H])[H])[C]([H])([H])[H])[c]1[H],[O:1]=[P:18]([O:3][C:14]([C:13]([H:26])([H:27])[H:28])([H:29])[H:30])([S:4][C:15]([C:16]([N:11]([c:10]1[c:7]([H:21])[c:5]([H:19])[c:6]([H:20])[c:9]([Cl:2])[c:8]1[H:22])[C:12]([H:23])([H:24])[H:25])([H:33])[H:34])([H:31])[H:32])[C:17]([H:35])([H:36])[H:37],37,unassigned_atom_type,0;17,"Atoms 0, 17 could not be assigned a bond charge correction atom type."
spice-pubchem,4787.npz,C=CCSc1nnc(CSP(=S)(OCC)OCC)s1,[H][C]([H])=[C]([H])[C]([H])([H])[S][C]1=[N][N]=[C]([C]([H])([H])[S][P](=[S])([O][C]([H])([H])[C]([H])([H])[H])[O][C]([H])([H])[C]([H])([H])[H])[S]1,[S:1]=[P:19]([O:4][C:17]([C:15]([H:27])([H:28])[H:29])([H:33])[H:34])([O:5][C:18]([C:16]([H:30])([H:31])[H:32])([H:35])[H:36])[S:8][C:13]([C:10]1=[N:3][N:2]=[C:9]([S:7][C:14]([C:12](=[C:11]([H:20])[H:21])[H:22])([H:25])[H:26])[S:6]1)([H:23])[H:24],36,unassigned_atom_type,0;18,"Atoms 0, 18 could not be assigned a bond charge correction atom type."
spice-pubchem,4793.npz,CCOP(=S)(CC)SCn1c(=O)oc2cc(Cl)cnc21,[H][c]1[n][c]2[c]([c]([H])[c]1[Cl])[O][C](=[O])[N]2[C]([H])([H])[S][P](=[S])([O][C]([H])([H])[C]([H])([H])[H])[C]([H])([H])[C]([H])([H])[H],[O:1]=[C:8]1[O:5][c:13]2[c:10]([n:4][c:9]([H:21])[c:12]([Cl:3])[c:11]2[H:22])[N:14]1[C:15]([S:7][P:20](=[S:2])([O:6][C:18]([C:16]([H:25])([H:26])[H:27])([H:31])[H:32])[C:19]([C:17]([H:28])([H:29])[H:30])([H:33])[H:34])([H:23])[H:24],34,unassigned_atom_type,1;19,"Atoms 1, 19 could not be assigned a bond charge correction atom type."
spice-pubchem,4794.npz,CCCc1nnc(CSP(=O)(OCC)OCC)o1,[H][C]([H])([S][P](=[O])([O][C]([H])([H])[C]([H])([H])[H])[O][C]([H])([H])[C]([H])([H])[H])[C]1=[N][N]=[C]([C]([H])([H])[C]([H])([H])[C]([H])([H])[H])[O]1,[O:1]=[P:18]([O:5][C:14]([C:11]([H:21])([H:22])[H:23])([H:30])[H:31])([O:6][C:15]([C:12]([H:24])([H:25])[H:26])([H:32])[H:33])[S:7][C:10]([C:8]1=[N:2][N:3]=[C:9]([C:16]([C:17]([C:13]([H:27])([H:28])[H:29])([H:36])[H:37])([H:34])[H:35])[O:4]1)([H:19])[H:20],37,unassigned_atom_type,0;17,"Atoms 0, 17 could not be assigned a bond charge correction atom type."
spice-pubchem,4804.npz,S=P1(N(CCCl)CCCl)NCCN1,[H][N]1[C]([H])([H])[C]([H])([H])[N]([H])[P]1(=[S])[N]([C]([H])([H])[C]([H])([H])[Cl])[C]([H])([H])[C]([H])([H])[Cl],[S:1]=[P:13]1([N:4]([C:9]([C:7]([Cl:2])([H:16])[H:17])([H:20])[H:21])[C:10]([C:8]([Cl:3])([H:18])[H:19])([H:22])[H:23])[N:5]([H:14])[C:11]([H:24])([H:25])[C:12]([H:26])([H:27])[N:6]1[H:15],27,unassigned_atom_type,0;12,"Atoms 0, 12 could not be assigned a bond charge correction atom type."
spice-pubchem,4826.npz,CCCSP(=S)(CC)SC(C)(C)C,[H][C]([H])([H])[C]([H])([H])[C]([H])([H])[S][P](=[S])([S][C]([C]([H])([H])[H])([C]([H])([H])[H])[C]([H])([H])[H])[C]([H])([H])[C]([H])([H])[H],[S:1]=[P:13]([S:2][C:9]([C:10]([C:4]([H:14])([H:15])[H:16])([H:31])[H:32])([H:29])[H:30])([S:3][C:11]([C:5]([H:17])([H:18])[H:19])([C:6]([H:20])([H:21])[H:22])[C:7]([H:23])([H:24])[H:25])[C:12]([C:8]([H:26])([H:27])[H:28])([H:33])[H:34],34,unassigned_atom_type,0;12,"Atoms 0, 12 could not be assigned a bond charge correction atom type."
spice-pubchem,4829.npz,COc1ccc(-c2nc(N)n(P(=O)(N(C)C)N(C)C)n2)cc1,[H][c]1[c]([H])[c]([C]2=[N][N]([P](=[O])([N]([C]([H])([H])[H])[C]([H])([H])[H])[N]([C]([H])([H])[H])[C]([H])([H])[H])[C]([N]([H])[H])=[N]2)[c]([H])[c]([H])[c]1[O][C]([H])([H])[H],[O:1]=[P:22]([N:14]1[N:2]=[C:5]([c:12]2[c:9]([H:25])[c:7]([H:23])[c:11]([O:4][C:17]([H:29])([H:30])[H:31])[c:8]([H:24])[c:10]2[H:26])[N:3]=[C:6]1[N:13]([H:27])[H:28])([N:15]([C:18]([H:32])([H:33])[H:34])[C:19]([H:35])([H:36])[H:37])[N:16]([C:20]([H:38])([H:39])[H:40])[C:21]([H:41])([H:42])[H:43],43,unassigned_atom_type,0;21,"Atoms 0, 21 could not be assigned a bond charge correction atom type."
spice-pubchem,4832.npz,CCN(CC)CC(CCCl)OP(=O)(O)N(CCCl)CCCl,[H][O][P](=[O])([O][C]([H])([C]([H])([H])[N]([C]([H])([H])[C]([H])([H])[H])[C]([H])([H])[C]([H])([H])[H])[C]([H])([H])[C]([H])([H])[Cl])[N]([C]([H])([H])[C]([H])([H])[Cl])[C]([H])([H])[C]([H])([H])[Cl],[O:1]=[P:21]([O:5][H:22])([O:6][C:20]([C:18]([N:7]([C:14]([C:9]([H:23])([H:24])[H:25])([H:35])[H:36])[C:15]([C:10]([H:26])([H:27])[H:28])([H:37])[H:38])([H:43])[H:44])([C:19]([C:13]([Cl:4])([H:33])[H:34])([H:45])[H:46])[H:47])[N:8]([C:16]([C:11]([Cl:2])([H:29])[H:30])([H:39])[H:40])[C:17]([C:12]([Cl:3])([H:31])[H:32])([H:41])[H:42],47,unassigned_atom_type,0;20,"Atoms 0, 20 could not be assigned a bond charge correction atom type."
spice-pubchem,4842.npz,CC(C)(C)C1CC(C(F)(F)F)(C(F)(F)F)OP(=O)(N2CCCCC2)O1,[H][C]([H])([H])[C]([C]([H])([H])[H])([C]([H])([H])[H])[C]1([H])[O][P](=[O])([N]2[C]([H])([H])[C]([H])([H])[C]([H])([H])[C]([H])([H])[C]2([H])[H])[O][C]([C]([F])([F])[F])([C]([F])([F])[F])[C]1([H])[H],[O:1]=[P:25]1([N:10]2[C:16]([H:35])([H:36])[C:18]([H:39])([H:40])[C:20]([H:43])([H:44])[C:19]([H:41])([H:42])[C:17]2([H:37])[H:38])[O:8][C:22]([C:24]([C:11]([H:26])([H:27])[H:28])([C:12]([H:29])([H:30])[H:31])[C:13]([H:32])([H:33])[H:34])([H:47])[C:21]([H:45])([H:46])[C:23]([C:14]([F:2])([F:3])[F:4])([C:15]([F:5])([F:6])[F:7])[O:9]1,47,unassigned_atom_type,0;24,"Atoms 0, 24 could not be assigned a bond charge correction atom type."
spice-pubchem,4881.npz,CCC1([N+](=O)[O-])COP(=O)(N2CC2)N(Cc2ccccc2)C1,[H][c]1[c]([H])[c]([H])[c]([C]([H])([H])[N]2[C]([H])([H])[C]([N+](=[O])[O-])([C]([H])([H])[C]([H])([H])[H])[C]([H])([H])[O][P]2(=[O])[N]2[C]([H])([H])[C]2([H])[H])[c]([H])[c]1[H],[O:1]=[N+:13]([O-:3])[C:21]1([C:20]([C:15]([H:30])([H:31])[H:32])([H:41])[H:42])[C:16]([H:33])([H:34])[O:4][P:22](=[O:2])([N:11]2[C:17]([H:35])([H:36])[C:18]2([H:37])[H:38])[N:12]([C:14]([c:10]2[c:8]([H:26])[c:6]([H:24])[c:5]([H:23])[c:7]([H:25])[c:9]2[H:27])([H:28])[H:29])[C:19]1([H:39])[H:40],42,unassigned_atom_type,1;21,"Atoms 1, 21 could not be assigned a bond charge correction atom type."
spice-pubchem,4887.npz,COP(=O)(OC)O/C(=C(/Cl)Br)c1ccc(Cl)cc1Cl,[H][c]1[c]([H])[c](/[C]([O][P](=[O])([O][C]([H])([H])[H])[O][C]([H])([H])[H])=[C](\[Cl])[Br])[c]([Cl])[c]([H])[c]1[Cl],[O:1]=[P:19]([O:6]/[C:10](=[C:9](/[Cl:2])[Br:5])[c:16]1[c:13]([H:22])[c:11]([H:20])[c:14]([Cl:3])[c:12]([H:21])[c:15]1[Cl:4])([O:7][C:17]([H:23])([H:24])[H:25])[O:8][C:18]([H:26])([H:27])[H:28],28,unassigned_atom_type,0;18,"Atoms 0, 18 could not be assigned a bond charge correction atom type."
spice-pubchem,489.npz,O=P([O-])([O-])OCC1CCC(COP(=O)([O-])[O-])[C@H](COP(=O)([O-])[O-])C1,[H][C]([H])([O][P](=[O])([O-])[O-])[C]1([H])[C]([H])([H])[C]([H])([H])[C]([H])([C]([H])([H])[O][P](=[O])([O-])[O-])[C@]([H])([C]([H])([H])[O][P](=[O])([O-])[O-])[C]1([H])[H],[O:1]=[P:22]([O-:4])([O-:5])[O:10][C:13]([C:17]1([H:33])[C:15]([H:29])([H:30])[C:16]([H:31])([H:32])[C:20]([C:14]([O:11][P:23](=[O:2])([O-:6])[O-:7])([H:27])[H:28])([H:38])[C@@:21]([C:18]([O:12][P:24](=[O:3])([O-:8])[O-:9])([H:34])[H:35])([H:39])[C:19]1([H:36])[H:37])([H:25])[H:26],39,unassigned_atom_type,0;1;2;3;4;5;6;7;8;21;22;23,"Atoms 0, 1, 2, 3, 4, 5, 6, 7, 8, 21, 22, 23 could not be assigned a bond charge correction atom type."
spice-pubchem,4899.npz,CP(C)(=O)CN1C2Cc3ccccc3C1c1ccccc12,[H][c]1[c]([H])[c]([H])[c]2[c]([c]1[H])[C]1([H])[c]3[c]([H])[c]([H])[c]([H])[c]([H])[c]3[C]([H])([N]1[C]([H])([H])[P](=[O])([C]([H])([H])[H])[C]([H])([H])[H])[C]2([H])[H],[O:1]=[P:21]([C:18]([H:34])([H:35])[H:36])([C:19]([H:37])([H:38])[H:39])[C:20]([N:14]1[C:15]2([H:30])[c:10]3[c:6]([H:26])[c:2]([H:22])[c:4]([H:24])[c:8]([H:28])[c:12]3[C:16]([H:31])([H:32])[C:17]1([H:33])[c:13]1[c:9]([H:29])[c:5]([H:25])[c:3]([H:23])[c:7]([H:27])[c:11]12)([H:40])[H:41],41,unassigned_atom_type,0;20,"Atoms 0, 20 could not be assigned a bond charge correction atom type."
spice-pubchem,4901.npz,O=C(N/C=C/P(=O)(Cl)Cl)Nc1ccccc1,[H]/[C](=[C](/[H])[P](=[O])([Cl])[Cl])[N]([H])[C](=[O])[N]([H])[c]1[c]([H])[c]([H])[c]([H])[c]([H])[c]1[H],[O:1]=[C:5]([N:14](/[C:6](=[C:7](/[P:16](=[O:2])([Cl:3])[Cl:4])[H:18])[H:17])[H:24])[N:15]([c:13]1[c:11]([H:22])[c:9]([H:20])[c:8]([H:19])[c:10]([H:21])[c:12]1[H:23])[H:25],25,unassigned_atom_type,1;2;3;15,"Atoms 1, 2, 3, 15 could not be assigned a bond charge correction atom type."
spice-pubchem,4903.npz,CN(C)P(=O)(OP(=S)(N(C)C)N(C)C)N(C)C,[H][C]([H])([H])[N]([C]([H])([H])[H])[P](=[O])([O][P](=[S])([N]([C]([H])([H])[H])[C]([H])([H])[H])[N]([C]([H])([H])[H])[C]([H])([H])[H])[N]([C]([H])([H])[H])[C]([H])([H])[H],[O:1]=[P:16]([O:3][P:17](=[S:2])([N:6]([C:12]([H:30])([H:31])[H:32])[C:13]([H:33])([H:34])[H:35])[N:7]([C:14]([H:36])([H:37])[H:38])[C:15]([H:39])([H:40])[H:41])([N:4]([C:8]([H:18])([H:19])[H:20])[C:9]([H:21])([H:22])[H:23])[N:5]([C:10]([H:24])([H:25])[H:26])[C:11]([H:27])([H:28])[H:29],41,unassigned_atom_type,0;1;2;15;16,"Atoms 0, 1, 2, 15, 16 could not be assigned a bond charge correction atom type."
spice-pubchem,4936.npz,CCCC(C)OP(=S)(OC)OC,[H][C]([H])([H])[O][P](=[S])([O][C]([H])([H])[H])[O][C]([H])([C]([H])([H])[H])[C]([H])([H])[C]([H])([H])[C]([H])([H])[H],[S:1]=[P:12]([O:2][C:5]([H:13])([H:14])[H:15])([O:3][C:6]([H:16])([H:17])[H:18])[O:4][C:11]([C:8]([H:22])([H:23])[H:24])([C:10]([C:9]([C:7]([H:19])([H:20])[H:21])([H:25])[H:26])([H:27])[H:28])[H:29],29,unassigned_atom_type,0;11,"Atoms 0, 11 could not be assigned a bond charge correction atom type."
spice-pubchem,4937.npz,O=P(O)(O)CN(CP(=O)(O)O)C1CCS(=O)(=O)C1,[H][O][P](=[O])([O][H])[C]([H])([H])[N]([C]1([H])[C]([H])([H])[C]([H])([H])[S](=[O])(=[O])[C]1([H])[H])[C]([H])([H])[P](=[O])([O][H])[O][H],[O:1]=[P:16]([O:5][H:19])([O:6][H:20])[C:12]([N:9]([C:11]1([H:25])[C:10]([H:23])([H:24])[C:14]([H:30])([H:31])[S:18](=[O:3])(=[O:4])[C:15]1([H:32])[H:33])[C:13]([P:17](=[O:2])([O:7][H:21])[O:8][H:22])([H:28])[H:29])([H:26])[H:27],33,unassigned_atom_type,0;1;15;16,"Atoms 0, 1, 15, 16 could not be assigned a bond charge correction atom type."
spice-pubchem,4943.npz,O=CN(O)C/C=C/P(=O)(O)O,[H][O][N]([C]([H])=[O])[C]([H])([H])/[C]([H])=[C](\[H])[P](=[O])([O][H])[O][H],[O:1]=[C:6]([N:9]([O:3][H:12])[C:10](/[C:7](=[C:8](/[P:11](=[O:2])([O:4][H:13])[O:5][H:14])[H:17])[H:16])([H:18])[H:19])[H:15],19,unassigned_atom_type,1;10,"Atoms 1, 10 could not be assigned a bond charge correction atom type."
spice-pubchem,4948.npz,CCP(=O)(NC(C)=O)SC,[H][N]([C](=[O])[C]([H])([H])[H])[P](=[O])([S][C]([H])([H])[H])[C]([H])([H])[C]([H])([H])[H],[O:1]=[C:4]([N:5]([P:10](=[O:2])([S:3][C:6]([H:12])([H:13])[H:14])[C:9]([C:8]([H:18])([H:19])[H:20])([H:21])[H:22])[H:11])[C:7]([H:15])([H:16])[H:17],22,unassigned_atom_type,1;9,"Atoms 1, 9 could not be assigned a bond charge correction atom type."
spice-pubchem,4949.npz,CCCC(=O)P(=O)(SCC)N(C)C,[H][C]([H])([H])[N]([C]([H])([H])[H])[P](=[O])([S][C]([H])([H])[C]([H])([H])[H])[C](=[O])[C]([H])([H])[C]([H])([H])[C]([H])([H])[H],[O:1]=[C:4]([C:11]([C:12]([C:9]([H:23])([H:24])[H:25])([H:30])[H:31])([H:28])[H:29])[P:13](=[O:2])([S:3][C:10]([C:8]([H:20])([H:21])[H:22])([H:26])[H:27])[N:5]([C:6]([H:14])([H:15])[H:16])[C:7]([H:17])([H:18])[H:19],31,unassigned_atom_type,1;12,"Atoms 1, 12 could not be assigned a bond charge correction atom type."
spice-pubchem,4953.npz,CCSP(N)(=O)C1CCCO1,[H][N]([H])[P](=[O])([S][C]([H])([H])[C]([H])([H])[H])[C]1([H])[O][C]([H])([H])[C]([H])([H])[C]1([H])[H],[O:1]=[P:11]([S:3][C:7]([C:5]([H:14])([H:15])[H:16])([H:19])[H:20])([N:4]([H:12])[H:13])[C:10]1([H:25])[O:2][C:6]([H:17])([H:18])[C:8]([H:21])([H:22])[C:9]1([H:23])[H:24],25,unassigned_atom_type,0;10,"Atoms 0, 10 could not be assigned a bond charge correction atom type."
spice-pubchem,4954.npz,CSP(C)(=S)N(C)C,[H][C]([H])([H])[S][P](=[S])([N]([C]([H])([H])[H])[C]([H])([H])[H])[C]([H])([H])[H],[S:1]=[P:8]([S:2][C:4]([H:9])([H:10])[H:11])([N:3]([C:5]([H:12])([H:13])[H:14])[C:6]([H:15])([H:16])[H:17])[C:7]([H:18])([H:19])[H:20],20,unassigned_atom_type,0;7,"Atoms 0, 7 could not be assigned a bond charge correction atom type."
spice-pubchem,4955.npz,CCOP(=O)(OCC)OC(/C=C/OCCCl)C(Cl)Cl,[H]/[C]([O][C]([H])([H])[C]([H])([H])[Cl])=[C](/[H])[C]([H])([O][P](=[O])([O][C]([H])([H])[C]([H])([H])[H])[O][C]([H])([H])[C]([H])([H])[H])[C]([H])([Cl])[Cl],[O:1]=[P:19]([O:6][C:15]([C:11]([H:22])([H:23])[H:24])([H:31])[H:32])([O:7][C:16]([C:12]([H:25])([H:26])[H:27])([H:33])[H:34])[O:8][C:18](/[C:10](=[C:9](/[O:5][C:17]([C:13]([Cl:2])([H:28])[H:29])([H:35])[H:36])[H:20])[H:21])([C:14]([Cl:3])([Cl:4])[H:30])[H:37],37,unassigned_atom_type,0;18,"Atoms 0, 18 could not be assigned a bond charge correction atom type."
spice-pubchem,4962.npz,CCSP(=O)(Oc1cnn(C)c(=O)c1OC)OC(C)C,[H][C]1=[N][N]([C]([H])([H])[H])[C](=[O])[C]([O][C]([H])([H])[H])=[C]1[O][P](=[O])([O][C]([H])([C]([H])([H])[H])[C]([H])([H])[H])[S][C]([H])([H])[C]([H])([H])[H],[O:1]=[C:8]1[C:10]([O:4][C:13]([H:22])([H:23])[H:24])=[C:11]([O:5][P:20](=[O:2])([O:6][C:19]([C:16]([H:31])([H:32])[H:33])([C:17]([H:34])([H:35])[H:36])[H:39])[S:7][C:18]([C:15]([H:28])([H:29])[H:30])([H:37])[H:38])[C:9]([H:21])=[N:3][N:12]1[C:14]([H:25])([H:26])[H:27],39,unassigned_atom_type,1;19,"Atoms 1, 19 could not be assigned a bond charge correction atom type."
spice-pubchem,4988.npz,CCOP(=S)(NCCO)OCC,[H][O][C]([H])([H])[C]([H])([H])[N]([H])[P](=[S])([O][C]([H])([H])[C]([H])([H])[H])[O][C]([H])([H])[C]([H])([H])[H],[S:1]=[P:12]([O:3][C:8]([C:6]([H:15])([H:16])[H:17])([H:21])[H:22])([O:4][C:9]([C:7]([H:18])([H:19])[H:20])([H:23])[H:24])[N:5]([C:11]([C:10]([O:2][H:13])([H:25])[H:26])([H:27])[H:28])[H:14],28,unassigned_atom_type,0;11,"Atoms 0, 11 could not be assigned a bond charge correction atom type."
spice-pubchem,4995.npz,COP1(=S)Oc2ccccc2-c2ccccc21,[H][c]1[c]([H])[c]([H])[c]2[c]([c]1[H])[O][P](=[S])([O][C]([H])([H])[H])[c]1[c]([H])[c]([H])[c]([H])[c]([H])[c]1-2,[S:1]=[P:17]1([O:3][C:16]([H:26])([H:27])[H:28])[O:2][c:12]2[c:8]([H:22])[c:4]([H:18])[c:5]([H:19])[c:9]([H:23])[c:13]2-[c:14]2[c:10]([H:24])[c:6]([H:20])[c:7]([H:21])[c:11]([H:25])[c:15]21,28,unassigned_atom_type,0;16,"Atoms 0, 16 could not be assigned a bond charge correction atom type."
spice-pubchem,4996.npz,C=CCSP(=O)(NC(=O)CC)OC,[H][C]([H])=[C]([H])[C]([H])([H])[S][P](=[O])([O][C]([H])([H])[H])[N]([H])[C](=[O])[C]([H])([H])[C]([H])([H])[H],[O:1]=[C:5]([N:8]([P:13](=[O:2])([O:3][C:9]([H:18])([H:19])[H:20])[S:4][C:10]([C:7](=[C:6]([H:14])[H:15])[H:16])([H:21])[H:22])[H:17])[C:12]([C:11]([H:23])([H:24])[H:25])([H:26])[H:27],27,unassigned_atom_type,1;12,"Atoms 1, 12 could not be assigned a bond charge correction atom type."
spice-pubchem,5041.npz,O=C1C2C3CCC(O3)C2C(=O)N1CCOP1SCCS1,[H][C]([H])([O][P]1[S][C]([H])([H])[C]([H])([H])[S]1)[C]([H])([H])[N]1[C](=[O])[C]2([H])[C]3([H])[O][C]([H])([C]([H])([H])[C]3([H])[H])[C]2([H])[C]1=[O],[O:1]=[C:7]1[N:9]([C:14]([C:11]([O:3][P:10]2[S:5][C:12]([H:23])([H:24])[C:13]([H:25])([H:26])[S:6]2)([H:21])[H:22])([H:27])[H:28])[C:8](=[O:2])[C:20]2([H:36])[C:18]3([H:34])[O:4][C:17]([H:33])([C:15]([H:29])([H:30])[C:16]3([H:31])[H:32])[C:19]12[H:35],36,unassigned_atom_type,9,Atoms 9 could not be assigned a bond charge correction atom type.
spice-pubchem,5044.npz,CCOP(=O)(OCC)OC(=C(F)F)C(F)(F)P(=O)(OCC)OCC,[H][C]([H])([H])[C]([H])([H])[O][P](=[O])([O][C](=[C]([F])[F])[C]([F])([F])[P](=[O])([O][C]([H])([H])[C]([H])([H])[H])[O][C]([H])([H])[C]([H])([H])[H])[O][C]([H])([H])[C]([H])([H])[H],[O:1]=[P:23]([O:7][C:13](=[C:12]([F:3])[F:4])[C:22]([F:5])([F:6])[P:24](=[O:2])([O:10][C:20]([C:16]([H:31])([H:32])[H:33])([H:41])[H:42])[O:11][C:21]([C:17]([H:34])([H:35])[H:36])([H:43])[H:44])([O:8][C:18]([C:14]([H:25])([H:26])[H:27])([H:37])[H:38])[O:9][C:19]([C:15]([H:28])([H:29])[H:30])([H:39])[H:40],44,unassigned_atom_type,0;1;22;23,"Atoms 0, 1, 22, 23 could not be assigned a bond charge correction atom type."
spice-pubchem,5045.npz,CCOP(=O)(O)CSSC(=N)N,[H][N]=[C]([S][S][C]([H])([H])[P](=[O])([O][H])[O][C]([H])([H])[C]([H])([H])[H])[N]([H])[H],[O:1]=[P:12]([O:3][H:14])([O:4][C:10]([C:9]([H:17])([H:18])[H:19])([H:20])[H:21])[C:11]([S:6][S:5][C:7](=[N:2][H:13])[N:8]([H:15])[H:16])([H:22])[H:23],23,unassigned_atom_type,0;11,"Atoms 0, 11 could not be assigned a bond charge correction atom type."
spice-pubchem,5049.npz,Brc1ccc(N2CN(c3ccc(Br)cc3)CP(c3ccccc3)C2)cc1,[H][c]1[c]([H])[c]([H])[c]([P]2[C]([H])([H])[N]([c]3[c]([H])[c]([H])[c]([Br])[c]([H])[c]3[H])[C]([H])([H])[N]([c]3[c]([H])[c]([H])[c]([Br])[c]([H])[c]3[H])[C]2([H])[H])[c]([H])[c]1[H],[Br:1][c:16]1[c:6]([H:30])[c:10]([H:34])[c:18]([N:21]2[C:24]([H:40])([H:41])[N:22]([c:19]3[c:12]([H:36])[c:8]([H:32])[c:17]([Br:2])[c:9]([H:33])[c:13]3[H:37])[C:26]([H:44])([H:45])[P:23]([c:20]3[c:14]([H:38])[c:4]([H:28])[c:3]([H:27])[c:5]([H:29])[c:15]3[H:39])[C:25]2([H:42])[H:43])[c:11]([H:35])[c:7]1[H:31],45,unassigned_atom_type,22,Atoms 22 could not be assigned a bond charge correction atom type.
spice-pubchem,5078.npz,COP(=O)(OC)c1nc(Cl)ncc1[N+](=O)[O-],[H][c]1[n][c]([Cl])[n][c]([P](=[O])([O][C]([H])([H])[H])[O][C]([H])([H])[H])[c]1[N+](=[O])[O-],[O:1]=[N+:13]([O-:3])[c:12]1[c:10]([H:17])[n:5][c:9]([Cl:4])[n:6][c:11]1[P:16](=[O:2])([O:7][C:14]([H:18])([H:19])[H:20])[O:8][C:15]([H:21])([H:22])[H:23],23,unassigned_atom_type,1;15,"Atoms 1, 15 could not be assigned a bond charge correction atom type."
spice-pubchem,5094.npz,CCN(CC)CCOP(C)(=O)OC1CCCCC1,[H][C]([H])([H])[C]([H])([H])[N]([C]([H])([H])[C]([H])([H])[H])[C]([H])([H])[C]([H])([H])[O][P](=[O])([O][C]1([H])[C]([H])([H])[C]([H])([H])[C]([H])([H])[C]([H])([H])[C]1([H])[H])[C]([H])([H])[H],[O:1]=[P:18]([O:2][C:7]([C:10]([N:4]([C:8]([C:5]([H:19])([H:20])[H:21])([H:27])[H:28])[C:9]([C:6]([H:22])([H:23])[H:24])([H:29])[H:30])([H:31])[H:32])([H:25])[H:26])([O:3][C:16]1([H:43])[C:14]([H:39])([H:40])[C:12]([H:35])([H:36])[C:11]([H:33])([H:34])[C:13]([H:37])([H:38])[C:15]1([H:41])[H:42])[C:17]([H:44])([H:45])[H:46],46,unassigned_atom_type,0;17,"Atoms 0, 17 could not be assigned a bond charge correction atom type."
spice-pubchem,5101.npz,O=[N+]([O-])c1ccc2c(c1)COP(=S)(N1CCOCC1)O2,[H][c]1[c]([H])[c]([N+](=[O])[O-])[c]([H])[c]2[c]1[O][P](=[S])([N]1[C]([H])([H])[C]([H])([H])[O][C]([H])([H])[C]1([H])[H])[O][C]2([H])[H],[O:1]=[N+:14]([O-:2])[c:11]1[c:8]([H:22])[c:7]([H:21])[c:10]2[c:12]([c:9]1[H:23])[C:15]([H:24])([H:25])[O:6][P:20](=[S:3])([N:13]1[C:18]([H:30])([H:31])[C:16]([H:26])([H:27])[O:4][C:17]([H:28])([H:29])[C:19]1([H:32])[H:33])[O:5]2,33,unassigned_atom_type,2;19,"Atoms 2, 19 could not be assigned a bond charge correction atom type."
spice-pubchem,5107.npz,N=c1c2ncn([C@H]3C[C@H](O)[C@@H](COP(=O)(O)O)O3)c2ncn1CCC(=O)O,[H][N]=[C]1[C]2=[C]([N]=[C]([H])[N]1[C]([H])([H])[C]([H])([H])[C](=[O])[O][H])[N]([C@]1([H])[O][C@]([H])([C]([H])([H])[O][P](=[O])([O][H])[O][H])[C@@]([H])([O][H])[C]1([H])[H])[C]([H])=[N]2,[O:1]=[C:12]([O:6][H:29])[C:20]([C:21]([N:18]1[C:13]([H:33])=[N:3][C:17]2=[C:16]([N:5]=[C:15]([H:34])[N:19]2[C@:25]2([H:44])[O:8][C@@:26]([C:23]([O:11][P:27](=[O:2])([O:9][H:31])[O:10][H:32])([H:41])[H:42])([H:45])[C@:24]([O:7][H:30])([H:43])[C:22]2([H:39])[H:40])[C:14]1=[N:4][H:28])([H:37])[H:38])([H:35])[H:36],45,unassigned_atom_type,1;26,"Atoms 1, 26 could not be assigned a bond charge correction atom type."
spice-pubchem,5114.npz,CCC(C)SP(=O)(NC)N(C)S(C)(=O)=O,[H][N]([C]([H])([H])[H])[P](=[O])([S][C]([H])([C]([H])([H])[H])[C]([H])([H])[C]([H])([H])[H])[N]([C]([H])([H])[H])[S](=[O])(=[O])[C]([H])([H])[H],[O:1]=[P:14]([S:4][C:12]([C:10]([H:26])([H:27])[H:28])([C:11]([C:9]([H:23])([H:24])[H:25])([H:29])[H:30])[H:31])([N:5]([C:7]([H:17])([H:18])[H:19])[H:16])[N:6]([C:8]([H:20])([H:21])[H:22])[S:15](=[O:2])(=[O:3])[C:13]([H:32])([H:33])[H:34],34,unassigned_atom_type,0;13,"Atoms 0, 13 could not be assigned a bond charge correction atom type."
spice-pubchem,5120.npz,O=P(O)(O)CC(O)Cc1nc[nH]n1,[H][O][C]([H])([C]([H])([H])[C]1=[N][N]([H])[C]([H])=[N]1)[C]([H])([H])[P](=[O])([O][H])[O][H],[O:1]=[P:13]([O:5][H:15])([O:6][H:16])[C:12]([C:11]([O:4][H:14])([C:10]([C:8]1=[N:3][N:9]([H:18])[C:7]([H:17])=[N:2]1)([H:19])[H:20])[H:21])([H:22])[H:23],23,unassigned_atom_type,0;12,"Atoms 0, 12 could not be assigned a bond charge correction atom type."
spice-pubchem,5121.npz,C/C(Cl)=N/OP(=O)(OCC(C)C)c1ccccc1,[H][c]1[c]([H])[c]([H])[c]([P](=[O])([O]/[N]=[C](\[Cl])[C]([H])([H])[H])[O][C]([H])([H])[C]([H])([C]([H])([H])[H])[C]([H])([H])[H])[c]([H])[c]1[H],[O:1]=[P:18]([O:4]/[N:3]=[C:6](\[Cl:2])[C:13]([H:24])([H:25])[H:26])([O:5][C:16]([C:17]([C:14]([H:27])([H:28])[H:29])([C:15]([H:30])([H:31])[H:32])[H:35])([H:33])[H:34])[c:12]1[c:10]([H:22])[c:8]([H:20])[c:7]([H:19])[c:9]([H:21])[c:11]1[H:23],35,unassigned_atom_type,0;17,"Atoms 0, 17 could not be assigned a bond charge correction atom type."
spice-pubchem,5158.npz,O=P(Sc1ccccc1)(N1CCCC1)N1CCCC1,[H][c]1[c]([H])[c]([H])[c]([S][P](=[O])([N]2[C]([H])([H])[C]([H])([H])[C]([H])([H])[C]2([H])[H])[N]2[C]([H])([H])[C]([H])([H])[C]([H])([H])[C]2([H])[H])[c]([H])[c]1[H],[O:1]=[P:19]([S:2][c:8]1[c:6]([H:23])[c:4]([H:21])[c:3]([H:20])[c:5]([H:22])[c:7]1[H:24])([N:9]1[C:11]([H:25])([H:26])[C:15]([H:33])([H:34])[C:16]([H:35])([H:36])[C:12]1([H:27])[H:28])[N:10]1[C:13]([H:29])([H:30])[C:17]([H:37])([H:38])[C:18]([H:39])([H:40])[C:14]1([H:31])[H:32],40,unassigned_atom_type,0;18,"Atoms 0, 18 could not be assigned a bond charge correction atom type."
spice-pubchem,5162.npz,O=P1(N2CCCC2)NCCS1,[H][N]1[C]([H])([H])[C]([H])([H])[S][P]1(=[O])[N]1[C]([H])([H])[C]([H])([H])[C]([H])([H])[C]1([H])[H],[O:1]=[P:11]1([N:4]2[C:7]([H:17])([H:18])[C:9]([H:21])([H:22])[C:10]([H:23])([H:24])[C:8]2([H:19])[H:20])[S:2][C:5]([H:13])([H:14])[C:6]([H:15])([H:16])[N:3]1[H:12],24,unassigned_atom_type,0;10,"Atoms 0, 10 could not be assigned a bond charge correction atom type."
spice-pubchem,5165.npz,CC(C)S(=O)(=O)OP(=O)(N1CCCC1)N1CCCC1,[H][C]([H])([H])[C]([H])([C]([H])([H])[H])[S](=[O])(=[O])[O][P](=[O])([N]1[C]([H])([H])[C]([H])([H])[C]([H])([H])[C]1([H])[H])[N]1[C]([H])([H])[C]([H])([H])[C]([H])([H])[C]1([H])[H],[O:1]=[P:18]([O:4][S:19](=[O:2])(=[O:3])[C:17]([C:7]([H:20])([H:21])[H:22])([C:8]([H:23])([H:24])[H:25])[H:42])([N:5]1[C:9]([H:26])([H:27])[C:13]([H:34])([H:35])[C:14]([H:36])([H:37])[C:10]1([H:28])[H:29])[N:6]1[C:11]([H:30])([H:31])[C:15]([H:38])([H:39])[C:16]([H:40])([H:41])[C:12]1([H:32])[H:33],42,unassigned_atom_type,0;17,"Atoms 0, 17 could not be assigned a bond charge correction atom type."
spice-pubchem,5179.npz,OP(S)S,[H][O][P]([S][H])[S][H],[O:1]([P:4]([S:2][H:6])[S:3][H:7])[H:5],7,unassigned_atom_type,3,Atoms 3 could not be assigned a bond charge correction atom type.
spice-pubchem,5217.npz,CCCC12COP(=S)(OC1)OC2CC,[H][C]([H])([H])[C]([H])([H])[C]([H])([H])[C]12[C]([H])([H])[O][P](=[S])([O][C]1([H])[H])[O][C]2([H])[C]([H])([H])[C]([H])([H])[H],[S:1]=[P:14]12[O:2][C:7]([H:21])([H:22])[C:13]([C:11]([C:9]([C:5]([H:15])([H:16])[H:17])([H:25])[H:26])([H:29])[H:30])([C:8]([H:23])([H:24])[O:3]1)[C:12]([C:10]([C:6]([H:18])([H:19])[H:20])([H:27])[H:28])([H:31])[O:4]2,31,unassigned_atom_type,0;13,"Atoms 0, 13 could not be assigned a bond charge correction atom type."
spice-pubchem,5255.npz,CCOP(=O)(OCC)Oc1cc2c(c3ccc4ccccc4c13)CCC2=O,[H][c]1[c]([H])[c]([H])[c]2[c]([c]1[H])[c]([H])[c]([H])[c]1[c]3[c]([c]([H])[c]([O][P](=[O])([O][C]([H])([H])[C]([H])([H])[H])[O][C]([H])([H])[C]([H])([H])[H])[c]12)[C](=[O])[C]([H])([H])[C]3([H])[H],[O:1]=[C:6]1[c:10]2[c:9]([H:30])[c:16]([O:3][P:27](=[O:2])([O:4][C:23]([C:21]([H:35])([H:36])[H:37])([H:41])[H:42])[O:5][C:24]([C:22]([H:38])([H:39])[H:40])([H:43])[H:44])[c:20]3[c:18]([c:13]([H:33])[c:12]([H:32])[c:17]4[c:11]([H:31])[c:7]([H:28])[c:8]([H:29])[c:15]([H:34])[c:19]43)[c:14]2[C:26]([H:47])([H:48])[C:25]1([H:45])[H:46],48,unassigned_atom_type,1;26,"Atoms 1, 26 could not be assigned a bond charge correction atom type."
spice-pubchem,5266.npz,CCS[P@@]1(=O)O[C@H](c2ccccc2)[C@H](C)N1C,[H][c]1[c]([H])[c]([H])[c]([C@@]2([H])[O][P@](=[O])([S][C]([H])([H])[C]([H])([H])[H])[N]([C]([H])([H])[H])[C@@]2([H])[C]([H])([H])[H])[c]([H])[c]1[H],[O:1]=[P@:17]1([S:3][C:13]([C:12]([H:26])([H:27])[H:28])([H:29])[H:30])[O:2][C@@:16]([c:9]2[c:7]([H:21])[c:5]([H:19])[c:4]([H:18])[c:6]([H:20])[c:8]2[H:22])([H:35])[C@@:15]([C:14]([H:31])([H:32])[H:33])([H:34])[N:10]1[C:11]([H:23])([H:24])[H:25],35,unassigned_atom_type,0;16,"Atoms 0, 16 could not be assigned a bond charge correction atom type."
spice-pubchem,5289.npz,CCCSP(=O)(OCC)OC1CC(F)(F)C1(F)Cl,[H][C]([H])([H])[C]([H])([H])[O][P](=[O])([O][C]1([H])[C]([H])([H])[C]([F])([F])[C]1([F])[Cl])[S][C]([H])([H])[C]([H])([H])[C]([H])([H])[H],[O:1]=[P:18]([O:6][C:11]([C:9]([H:19])([H:20])[H:21])([H:25])[H:26])([O:7][C:17]1([H:33])[C:14]([H:31])([H:32])[C:15]([F:2])([F:3])[C:16]1([F:4])[Cl:5])[S:8][C:12]([C:13]([C:10]([H:22])([H:23])[H:24])([H:29])[H:30])([H:27])[H:28],33,unassigned_atom_type,0;17,"Atoms 0, 17 could not be assigned a bond charge correction atom type."
spice-pubchem,5319.npz,COP(=O)([O-])c1c2ccccc2nc[n+]1C,[H][c]1[c]([H])[c]([H])[c]2[c]([P](=[O])([O-])[O][C]([H])([H])[H])[n+]([C]([H])([H])[H])[c]([H])[n][c]2[c]1[H],[O:1]=[P:16]([O-:2])([O:4][C:14]([H:22])([H:23])[H:24])[c:10]1[c:12]2[c:8]([H:20])[c:6]([H:18])[c:5]([H:17])[c:7]([H:19])[c:11]2[n:3][c:9]([H:21])[n+:13]1[C:15]([H:25])([H:26])[H:27],27,unassigned_atom_type,0;1;15,"Atoms 0, 1, 15 could not be assigned a bond charge correction atom type."
spice-pubchem,5344.npz,O=P[O-],[O]=[P][O-],[O:1]=[P:3][O-:2],3,unassigned_atom_type,0;1;2,"Atoms 0, 1, 2 could not be assigned a bond charge correction atom type."
spice-pubchem,5380.npz,Cc1cccc(C)c1OP(C)(=O)Oc1c(C)cccc1C,[H][c]1[c]([H])[c]([C]([H])([H])[H])[c]([O][P](=[O])([O][c]2[c]([C]([H])([H])[H])[c]([H])[c]([H])[c]([H])[c]2[C]([H])([H])[H])[C]([H])([H])[H])[c]([C]([H])([H])[H])[c]1[H],[O:1]=[P:21]([O:2][c:10]1[c:12]([C:16]([H:28])([H:29])[H:30])[c:6]([H:24])[c:4]([H:22])[c:7]([H:25])[c:13]1[C:17]([H:31])([H:32])[H:33])([O:3][c:11]1[c:14]([C:18]([H:34])([H:35])[H:36])[c:8]([H:26])[c:5]([H:23])[c:9]([H:27])[c:15]1[C:19]([H:37])([H:38])[H:39])[C:20]([H:40])([H:41])[H:42],42,unassigned_atom_type,0;20,"Atoms 0, 20 could not be assigned a bond charge correction atom type."
spice-pubchem,5394.npz,O=S=C1NCCN1,[H][N]1[C](=[S]=[O])[N]([H])[C]([H])([H])[C]1([H])[H],[O:1]=[S:2]=[C:3]1[N:4]([H:8])[C:6]([H:10])([H:11])[C:7]([H:12])([H:13])[N:5]1[H:9],13,incomplete_bond_assignment,2;3;4,Bond charge corrections could not be applied to all bonds in the molecule: | atom 2: expected=3 assigned=1.0 | atom 3: expected=3 assigned=2.0 | atom 4: expected=3 assigned=2.0
spice-pubchem,5398.npz,CCC(COP(O)(=S)S)C(=O)N/C(C)=N/c1cccc(C)c1,[H][O][P](=[S])([O][C]([H])([H])[C]([H])([C](=[O])[N]([H])/[C](=[N]/[c]1[c]([H])[c]([H])[c]([H])[c]([C]([H])([H])[H])[c]1[H])[C]([H])([H])[H])[C]([H])([H])[C]([H])([H])[H])[S][H],[O:1]=[C:7]([N:15](/[C:8](=[N:3]/[c:13]1[c:10]([H:26])[c:9]([H:25])[c:11]([H:27])[c:14]([C:17]([H:33])([H:34])[H:35])[c:12]1[H:28])[C:16]([H:30])([H:31])[H:32])[H:29])[C:21]([C:19]([O:5][P:22](=[S:2])([O:4][H:23])[S:6][H:24])([H:39])[H:40])([C:20]([C:18]([H:36])([H:37])[H:38])([H:41])[H:42])[H:43],43,unassigned_atom_type,1;21,"Atoms 1, 21 could not be assigned a bond charge correction atom type."
spice-pubchem,5400.npz,CN1P2(=S)N(C)P3(=S)N(C)P1(=S)N(C)P(=S)(N2C)N3C,[H][C]([H])([H])[N]1[P]2(=[S])[N]([C]([H])([H])[H])[P]3(=[S])[N]([C]([H])([H])[H])[P]1(=[S])[N]([C]([H])([H])[H])[P](=[S])([N]2[C]([H])([H])[H])[N]3[C]([H])([H])[H],[S:1]=[P:17]12[N:5]([C:11]([H:21])([H:22])[H:23])[P:18]3(=[S:2])[N:7]([C:13]([H:27])([H:28])[H:29])[P:19](=[S:3])([N:6]1[C:12]([H:24])([H:25])[H:26])[N:10]([C:16]([H:36])([H:37])[H:38])[P:20](=[S:4])([N:8]2[C:14]([H:30])([H:31])[H:32])[N:9]3[C:15]([H:33])([H:34])[H:35],38,unassigned_atom_type,0;1;2;3;16;17;18;19,"Atoms 0, 1, 2, 3, 16, 17, 18, 19 could not be assigned a bond charge correction atom type."
spice-pubchem,5401.npz,CCOP(=O)(SCC(C)C)SCS(=O)CC,[H][C]([H])([S][P](=[O])([O][C]([H])([H])[C]([H])([H])[H])[S][C]([H])([H])[C]([H])([C]([H])([H])[H])[C]([H])([H])[H])[S](=[O])[C]([H])([H])[C]([H])([H])[H],[O:1]=[S:6]([C:7]([S:4][P:16](=[O:2])([O:3][C:12]([C:8]([H:19])([H:20])[H:21])([H:31])[H:32])[S:5][C:13]([C:15]([C:10]([H:25])([H:26])[H:27])([C:11]([H:28])([H:29])[H:30])[H:37])([H:33])[H:34])([H:17])[H:18])[C:14]([C:9]([H:22])([H:23])[H:24])([H:35])[H:36],37,unassigned_atom_type,1;15,"Atoms 1, 15 could not be assigned a bond charge correction atom type."
spice-pubchem,5404.npz,CCC(=O)OCCOP(C)(=S)OC(C)CC,[H][C]([H])([H])[C]([H])([H])[C](=[O])[O][C]([H])([H])[C]([H])([H])[O][P](=[S])([O][C]([H])([C]([H])([H])[H])[C]([H])([H])[C]([H])([H])[H])[C]([H])([H])[H],[O:1]=[C:6]([O:3][C:10]([C:11]([O:4][P:16](=[S:2])([O:5][C:14]([C:9]([H:23])([H:24])[H:25])([C:13]([C:8]([H:20])([H:21])[H:22])([H:32])[H:33])[H:34])[C:15]([H:35])([H:36])[H:37])([H:28])[H:29])([H:26])[H:27])[C:12]([C:7]([H:17])([H:18])[H:19])([H:30])[H:31],37,unassigned_atom_type,1;15,"Atoms 1, 15 could not be assigned a bond charge correction atom type."
spice-pubchem,5405.npz,CCCSP(=O)(Oc1ccc(Br)cc1Cl)N1CCC[C@H]1C(=O)OCC,[H][c]1[c]([H])[c]([O][P](=[O])([S][C]([H])([H])[C]([H])([H])[C]([H])([H])[H])[N]2[C]([H])([H])[C]([H])([H])[C]([H])([H])[C@@]2([H])[C](=[O])[O][C]([H])([H])[C]([H])([H])[H])[c]([Cl])[c]([H])[c]1[Br],[O:1]=[C:8]([O:5][C:18]([C:16]([H:29])([H:30])[H:31])([H:35])[H:36])[C@@:24]1([H:47])[N:15]([P:25](=[O:2])([O:6][c:14]2[c:11]([H:28])[c:9]([H:26])[c:13]([Br:4])[c:10]([H:27])[c:12]2[Cl:3])[S:7][C:19]([C:21]([C:17]([H:32])([H:33])[H:34])([H:41])[H:42])([H:37])[H:38])[C:20]([H:39])([H:40])[C:22]([H:43])([H:44])[C:23]1([H:45])[H:46],47,unassigned_atom_type,1;24,"Atoms 1, 24 could not be assigned a bond charge correction atom type."
spice-pubchem,5409.npz,CC1CCCCC1OP(C)(=O)F,[H][C]([H])([H])[C]1([H])[C]([H])([H])[C]([H])([H])[C]([H])([H])[C]([H])([H])[C]1([H])[O][P](=[O])([F])[C]([H])([H])[H],[O:1]=[P:12]([F:2])([O:3][C:9]1([H:24])[C:7]([H:20])([H:21])[C:5]([H:16])([H:17])[C:6]([H:18])([H:19])[C:8]([H:22])([H:23])[C:10]1([C:4]([H:13])([H:14])[H:15])[H:25])[C:11]([H:26])([H:27])[H:28],28,unassigned_atom_type,0;1;11,"Atoms 0, 1, 11 could not be assigned a bond charge correction atom type."
spice-pubchem,5410.npz,CCC12CNP(=S)(NC1)N(C)C2,[H][N]1[C]([H])([H])[C]2([C]([H])([H])[C]([H])([H])[H])[C]([H])([H])[N]([H])[P]1(=[S])[N]([C]([H])([H])[H])[C]2([H])[H],[S:1]=[P:12]12[N:2]([H:13])[C:7]([H:21])([H:22])[C:11]([C:10]([C:6]([H:18])([H:19])[H:20])([H:27])[H:28])([C:8]([H:23])([H:24])[N:3]1[H:14])[C:9]([H:25])([H:26])[N:4]2[C:5]([H:15])([H:16])[H:17],28,unassigned_atom_type,0;11,"Atoms 0, 11 could not be assigned a bond charge correction atom type."
spice-pubchem,5413.npz,CC1COP(=O)(F)N(C)C1,[H][C]([H])([H])[N]1[C]([H])([H])[C]([H])([C]([H])([H])[H])[C]([H])([H])[O][P]1(=[O])[F],[O:1]=[P:10]1([F:2])[O:3][C:7]([H:17])([H:18])[C:9]([C:6]([H:14])([H:15])[H:16])([H:21])[C:8]([H:19])([H:20])[N:4]1[C:5]([H:11])([H:12])[H:13],21,unassigned_atom_type,0;1;9,"Atoms 0, 1, 9 could not be assigned a bond charge correction atom type."
spice-pubchem,5421.npz,O=P(OC=C(Cl)Cl)(c1ccccc1)c1ccccc1,[H][C]([O][P](=[O])([c]1[c]([H])[c]([H])[c]([H])[c]([H])[c]1[H])[c]1[c]([H])[c]([H])[c]([H])[c]([H])[c]1[H])=[C]([Cl])[Cl],[O:1]=[P:19]([O:4][C:6](=[C:5]([Cl:2])[Cl:3])[H:20])([c:17]1[c:13]([H:27])[c:9]([H:23])[c:7]([H:21])[c:10]([H:24])[c:14]1[H:28])[c:18]1[c:15]([H:29])[c:11]([H:25])[c:8]([H:22])[c:12]([H:26])[c:16]1[H:30],30,unassigned_atom_type,0;18,"Atoms 0, 18 could not be assigned a bond charge correction atom type."
spice-pubchem,5424.npz,CCOP(=O)(NC1SCC(C)S1)OCC,[H][N]([C]1([H])[S][C]([H])([H])[C]([H])([C]([H])([H])[H])[S]1)[P](=[O])([O][C]([H])([H])[C]([H])([H])[H])[O][C]([H])([H])[C]([H])([H])[H],[O:1]=[P:15]([O:2][C:11]([C:8]([H:18])([H:19])[H:20])([H:27])[H:28])([O:3][C:12]([C:9]([H:21])([H:22])[H:23])([H:29])[H:30])[N:6]([C:7]1([H:17])[S:4][C:13]([H:31])([H:32])[C:14]([C:10]([H:24])([H:25])[H:26])([H:33])[S:5]1)[H:16],33,unassigned_atom_type,0;14,"Atoms 0, 14 could not be assigned a bond charge correction atom type."
spice-pubchem,5435.npz,O=c1c2nc(Br)n([C@@H]3O[C@@H]4CO[P@](=O)(S)O[C@H]4[C@H]3O)c2[nH]c2nc(-c3ccccc3)cn12,[H][O][C@]1([H])[C@]2([H])[O][P@@](=[O])([S][H])[O][C]([H])([H])[C@@]2([H])[O][C@@]1([H])[N]1[C]([Br])=[N][C]2=[C]1[N]([H])[C]1=[N][C]([c]3[c]([H])[c]([H])[c]([H])[c]([H])[c]3[H])=[C]([H])[N]1[C]2=[O],[O:1]=[C:11]1[C:14]2=[C:17]([N:24]([H:41])[C:12]3=[N:4][C:15]([c:23]4[c:21]([H:39])[c:19]([H:37])[c:18]([H:36])[c:20]([H:38])[c:22]4[H:40])=[C:16]([H:35])[N:25]13)[N:26]([C@:30]1([H:46])[O:6][C@:29]3([H:45])[C:27]([H:42])([H:43])[O:8][P@:32](=[O:2])([S:10][H:34])[O:9][C@@:28]3([H:44])[C@:31]1([O:7][H:33])[H:47])[C:13]([Br:3])=[N:5]2,47,unassigned_atom_type,1;31,"Atoms 1, 31 could not be assigned a bond charge correction atom type."
spice-pubchem,544.npz,C[C@@H](NCc1cc(C#N)cc2[nH]c(=O)c(=O)[nH]c12)P(=O)(O)O,[H][O][P](=[O])([O][H])[C@]([H])([N]([H])[C]([H])([H])[c]1[c]([H])[c]([C]#[N])[c]([H])[c]2[c]1[N]([H])[C](=[O])[C](=[O])[N]2[H])[C]([H])([H])[H],[N:1]#[C:5][c:12]1[c:10]([H:25])[c:13]2[c:14]([c:15]([C:19]([N:18]([C@:21]([C:20]([H:32])([H:33])[H:34])([P:22](=[O:4])([O:6][H:23])[O:7][H:24])[H:35])[H:29])([H:30])[H:31])[c:11]1[H:26])[N:17]([H:28])[C:9](=[O:3])[C:8](=[O:2])[N:16]2[H:27],35,unassigned_atom_type,3;21,"Atoms 3, 21 could not be assigned a bond charge correction atom type."
spice-pubchem,5449.npz,COP(=O)(CC(=O)OCC/C(C)=C/C(=O)OCC(Cl)(Cl)Cl)OC,[H]/[C]([C](=[O])[O][C]([H])([H])[C]([Cl])([Cl])[Cl])=[C](/[C]([H])([H])[H])[C]([H])([H])[C]([H])([H])[O][C](=[O])[C]([H])([H])[P](=[O])([O][C]([H])([H])[H])[O][C]([H])([H])[H],[O:1]=[C:11]([O:7][C:19]([C:18]([Cl:4])([Cl:5])[Cl:6])([H:34])[H:35])/[C:13](=[C:14](\[C:17]([H:31])([H:32])[H:33])[C:21]([C:20]([O:8][C:12](=[O:2])[C:22]([P:23](=[O:3])([O:9][C:15]([H:25])([H:26])[H:27])[O:10][C:16]([H:28])([H:29])[H:30])([H:40])[H:41])([H:36])[H:37])([H:38])[H:39])[H:24],41,unassigned_atom_type,2;22,"Atoms 2, 22 could not be assigned a bond charge correction atom type."
spice-pubchem,5454.npz,Clc1nc(Cl)c(Cl)c(N=P(c2ccccc2)(c2ccccc2)c2ccccc2)c1Cl,[H][c]1[c]([H])[c]([H])[c]([P](=[N][c]2[c]([Cl])[c]([Cl])[n][c]([Cl])[c]2[Cl])([c]2[c]([H])[c]([H])[c]([H])[c]([H])[c]2[H])[c]2[c]([H])[c]([H])[c]([H])[c]([H])[c]2[H])[c]([H])[c]1[H],[Cl:1][c:7]1[n:6][c:8]([Cl:2])[c:25]([Cl:4])[c:26]([N:5]=[P:30]([c:27]2[c:18]([H:40])[c:12]([H:34])[c:9]([H:31])[c:13]([H:35])[c:19]2[H:41])([c:28]2[c:20]([H:42])[c:14]([H:36])[c:10]([H:32])[c:15]([H:37])[c:21]2[H:43])[c:29]2[c:22]([H:44])[c:16]([H:38])[c:11]([H:33])[c:17]([H:39])[c:23]2[H:45])[c:24]1[Cl:3],45,unassigned_atom_type,29,Atoms 29 could not be assigned a bond charge correction atom type.
spice-pubchem,5476.npz,O=P1(O)OC2C(O1)[C@@H](CO)O[C@H]2n1cnc2c1nnn1ccnc21,[H][O][C]([H])([H])[C@@]1([H])[O][C@@]([H])([N]2[C]([H])=[N][C]3=[C]2[N]=[N][N]2[C]3=[N][C]([H])=[C]2[H])[C]2([H])[O][P](=[O])([O][H])[O][C]21[H],[O:1]=[P:24]1([O:8][H:26])[O:9][C:19]2([H:30])[C:21]([H:33])([O:10]1)[C@:23]([C:20]([O:6][H:25])([H:31])[H:32])([H:35])[O:7][C@:22]2([N:18]1[C:12]([H:27])=[N:5][C:14]2=[C:16]1[N:2]=[N:3][N:17]1[C:11]2=[N:4][C:13]([H:28])=[C:15]1[H:29])[H:34],35,unassigned_atom_type,0;23,"Atoms 0, 23 could not be assigned a bond charge correction atom type."
spice-pubchem,5484.npz,CCCOP(=O)(Nc1c(Cl)c(Cl)nc(C(Cl)(Cl)Cl)c1Cl)OCCC,[H][N]([c]1[c]([Cl])[c]([Cl])[n][c]([C]([Cl])([Cl])[Cl])[c]1[Cl])[P](=[O])([O][C]([H])([H])[C]([H])([H])[C]([H])([H])[H])[O][C]([H])([H])[C]([H])([H])[C]([H])([H])[H],[O:1]=[P:24]([O:9][C:20]([C:22]([C:18]([H:26])([H:27])[H:28])([H:36])[H:37])([H:32])[H:33])([O:10][C:21]([C:23]([C:19]([H:29])([H:30])[H:31])([H:38])[H:39])([H:34])[H:35])[N:16]([c:15]1[c:13]([Cl:3])[c:11]([Cl:2])[n:8][c:12]([C:17]([Cl:5])([Cl:6])[Cl:7])[c:14]1[Cl:4])[H:25],39,unassigned_atom_type,0;23,"Atoms 0, 23 could not be assigned a bond charge correction atom type."
spice-pubchem,5511.npz,CCN(CC)C(=O)/C(O)=C(\C)OP(=O)(OC)OC,[H][O]/[C]([C](=[O])[N]([C]([H])([H])[C]([H])([H])[H])[C]([H])([H])[C]([H])([H])[H])=[C](\[O][P](=[O])([O][C]([H])([H])[H])[O][C]([H])([H])[H])[C]([H])([H])[H],[O:1]=[C:7](/[C:8]([O:3][H:19])=[C:9](/[O:4][P:18](=[O:2])([O:5][C:11]([H:20])([H:21])[H:22])[O:6][C:12]([H:23])([H:24])[H:25])[C:13]([H:26])([H:27])[H:28])[N:10]([C:16]([C:14]([H:29])([H:30])[H:31])([H:35])[H:36])[C:17]([C:15]([H:32])([H:33])[H:34])([H:37])[H:38],38,unassigned_atom_type,1;17,"Atoms 1, 17 could not be assigned a bond charge correction atom type."
spice-pubchem,5517.npz,CCN(CC)c1nc(C)cc(OP(=O)(O)S)n1,[H][O][P](=[O])([O][c]1[n][c]([N]([C]([H])([H])[C]([H])([H])[H])[C]([H])([H])[C]([H])([H])[H])[n][c]([C]([H])([H])[H])[c]1[H])[S][H],[O:1]=[P:17]([O:4][H:18])([O:5][c:8]1[n:2][c:7]([N:11]([C:15]([C:13]([H:24])([H:25])[H:26])([H:30])[H:31])[C:16]([C:14]([H:27])([H:28])[H:29])([H:32])[H:33])[n:3][c:9]([C:12]([H:21])([H:22])[H:23])[c:10]1[H:20])[S:6][H:19],33,unassigned_atom_type,0;16,"Atoms 0, 16 could not be assigned a bond charge correction atom type."
spice-pubchem,5531.npz,CCP1(=O)OC(C)=CC1(C)C,[H][C]1=[C]([C]([H])([H])[H])[O][P](=[O])([C]([H])([H])[C]([H])([H])[H])[C]1([C]([H])([H])[H])[C]([H])([H])[H],[O:1]=[P:11]1([C:9]([C:6]([H:16])([H:17])[H:18])([H:25])[H:26])[O:2][C:3]([C:5]([H:13])([H:14])[H:15])=[C:4]([H:12])[C:10]1([C:7]([H:19])([H:20])[H:21])[C:8]([H:22])([H:23])[H:24],26,unassigned_atom_type,0;10,"Atoms 0, 10 could not be assigned a bond charge correction atom type."
spice-pubchem,5540.npz,CP(C)(=S)n1ccoc1=O,[H][C]1=[C]([H])[N]([P](=[S])([C]([H])([H])[H])[C]([H])([H])[H])[C](=[O])[O]1,[O:1]=[C:4]1[O:3][C:5]([H:11])=[C:6]([H:12])[N:7]1[P:10](=[S:2])([C:8]([H:13])([H:14])[H:15])[C:9]([H:16])([H:17])[H:18],18,unassigned_atom_type,1;9,"Atoms 1, 9 could not be assigned a bond charge correction atom type."
spice-pubchem,5554.npz,CO[P@]1(=O)OC[C@H]2COC(=O)C2=C(C)O1,[H][C]([H])([H])[O][P@@]1(=[O])[O][C]([C]([H])([H])[H])=[C]2[C](=[O])[O][C]([H])([H])[C@]2([H])[C]([H])([H])[O]1,[O:1]=[C:7]1[O:3][C:12]([H:22])([H:23])[C@@:14]2([H:26])[C:9]1=[C:8]([C:11]([H:19])([H:20])[H:21])[O:4][P@:15](=[O:2])([O:5][C:10]([H:16])([H:17])[H:18])[O:6][C:13]2([H:24])[H:25],26,unassigned_atom_type,1;14,"Atoms 1, 14 could not be assigned a bond charge correction atom type."
spice-pubchem,5566.npz,O=P(O)(O)n1ccnc1,[H][O][P](=[O])([O][H])[N]1[C]([H])=[N][C]([H])=[C]1[H],[O:1]=[P:9]([O:3][H:10])([O:4][H:11])[N:8]1[C:5]([H:12])=[N:2][C:6]([H:13])=[C:7]1[H:14],14,unassigned_atom_type,0;8,"Atoms 0, 8 could not be assigned a bond charge correction atom type."
spice-pubchem,5573.npz,NC1(P(=O)([O-])O)CC1,[H][O][P](=[O])([O-])[C]1([N]([H])[H])[C]([H])([H])[C]1([H])[H],[O:1]=[P:8]([O-:2])([O:3][H:9])[C:7]1([N:4]([H:10])[H:11])[C:5]([H:12])([H:13])[C:6]1([H:14])[H:15],15,unassigned_atom_type,0;1;7,"Atoms 0, 1, 7 could not be assigned a bond charge correction atom type."
spice-pubchem,5587.npz,C=C(SP(=O)(O)O)C(=O)O,[H][O][C](=[O])[C]([S][P](=[O])([O][H])[O][H])=[C]([H])[H],[O:1]=[C:7]([O:3][H:11])[C:9]([S:6][P:10](=[O:2])([O:4][H:12])[O:5][H:13])=[C:8]([H:14])[H:15],15,unassigned_atom_type,1;9,"Atoms 1, 9 could not be assigned a bond charge correction atom type."
spice-pubchem,5588.npz,C=C(C)CCOP(=O)(O)CP(=O)(O)O,[H][O][P](=[O])([O][H])[C]([H])([H])[P](=[O])([O][H])[O][C]([H])([H])[C]([H])([H])[C](=[C]([H])[H])[C]([H])([H])[H],[O:1]=[P:13]([O:3][H:15])([O:4][H:16])[C:12]([P:14](=[O:2])([O:5][H:17])[O:6][C:10]([C:11]([C:8](=[C:7]([H:18])[H:19])[C:9]([H:20])([H:21])[H:22])([H:25])[H:26])([H:23])[H:24])([H:27])[H:28],28,unassigned_atom_type,0;1;12;13,"Atoms 0, 1, 12, 13 could not be assigned a bond charge correction atom type."
spice-pubchem,5590.npz,O=P(O)(O)Oc1ccc(CNc2cccc3c(S(=O)(=O)O)cccc23)c(OP(=O)(O)O)c1,[H][O][P](=[O])([O][H])[O][c]1[c]([H])[c]([H])[c]([C]([H])([H])[N]([H])[c]2[c]([H])[c]([H])[c]([H])[c]3[c]([S](=[O])(=[O])[O][H])[c]([H])[c]([H])[c]([H])[c]23)[c]([O][P](=[O])([O][H])[O][H])[c]1[H],[O:1]=[P:30]([O:5][H:33])([O:6][H:34])[O:9][c:19]1[c:12]([H:38])[c:14]([H:40])[c:21]([C:29]([N:28]([c:24]2[c:17]([H:43])[c:16]([H:42])[c:23]([H:46])[c:27]3[c:25]([S:32](=[O:3])(=[O:4])[O:11][H:37])[c:18]([H:44])[c:15]([H:41])[c:22]([H:45])[c:26]23)[H:47])([H:48])[H:49])[c:20]([O:10][P:31](=[O:2])([O:7][H:35])[O:8][H:36])[c:13]1[H:39],49,unassigned_atom_type,0;1;29;30,"Atoms 0, 1, 29, 30 could not be assigned a bond charge correction atom type."
spice-pubchem,5617.npz,N#CCCOP(Cl)Cl,[H][C]([H])([C]#[N])[C]([H])([H])[O][P]([Cl])[Cl],[N:1]#[C:4][C:7]([C:8]([O:5][P:6]([Cl:2])[Cl:3])([H:11])[H:12])([H:9])[H:10],12,unassigned_atom_type,1;2;5,"Atoms 1, 2, 5 could not be assigned a bond charge correction atom type."
spice-pubchem,5636.npz,O=C(O)[C@]1(SCCCSCP(=O)(O)O)C[C@@H](O)[C@@H](O)[C@@H]([C@H](O)CO)O1,[H][O][C](=[O])[C@@]1([S][C]([H])([H])[C]([H])([H])[C]([H])([H])[S][C]([H])([H])[P](=[O])([O][H])[O][H])[O][C@]([H])([C@]([H])([O][H])[C]([H])([H])[O][H])[C@]([H])([O][H])[C@]([H])([O][H])[C]1([H])[H],[O:1]=[C:13]([O:3][H:26])[C@@:20]1([S:12][C:15]([C:16]([C:14]([S:11][C:19]([P:25](=[O:2])([O:9][H:31])[O:10][H:32])([H:43])[H:44])([H:33])[H:34])([H:37])[H:38])([H:35])[H:36])[O:7][C@@:23]([C@:21]([O:5][H:28])([C:17]([O:4][H:27])([H:39])[H:40])[H:45])([H:47])[C@@:24]([O:8][H:30])([H:48])[C@@:22]([O:6][H:29])([H:46])[C:18]1([H:41])[H:42],48,unassigned_atom_type,1;24,"Atoms 1, 24 could not be assigned a bond charge correction atom type."
spice-pubchem,5640.npz,CCOP(=S)(OCC)Oc1ccc(OC(C)C)nn1,[H][c]1[c]([O][C]([H])([C]([H])([H])[H])[C]([H])([H])[H])[n][n][c]([O][P](=[S])([O][C]([H])([H])[C]([H])([H])[H])[O][C]([H])([H])[C]([H])([H])[H])[c]1[H],[S:1]=[P:19]([O:5][c:9]1[n:3][n:2][c:8]([O:4][C:18]([C:14]([H:28])([H:29])[H:30])([C:15]([H:31])([H:32])[H:33])[H:38])[c:10]([H:20])[c:11]1[H:21])([O:6][C:16]([C:12]([H:22])([H:23])[H:24])([H:34])[H:35])[O:7][C:17]([C:13]([H:25])([H:26])[H:27])([H:36])[H:37],38,unassigned_atom_type,0;18,"Atoms 0, 18 could not be assigned a bond charge correction atom type."
spice-pubchem,5651.npz,c1ccc(C23COP(OC2)OC3)cc1,[H][c]1[c]([H])[c]([H])[c]([C]23[C]([H])([H])[O][P]([O][C]2([H])[H])[O][C]3([H])[H])[c]([H])[c]1[H],[O:1]1[P:10]2[O:2][C:12]([H:22])([H:23])[C:14]([c:9]3[c:7]([H:18])[c:5]([H:16])[c:4]([H:15])[c:6]([H:17])[c:8]3[H:19])([C:11]1([H:20])[H:21])[C:13]([H:24])([H:25])[O:3]2,25,unassigned_atom_type,9,Atoms 9 could not be assigned a bond charge correction atom type.
spice-pubchem,5666.npz,CCCP(=O)(OC)SC,[H][C]([H])([H])[O][P](=[O])([S][C]([H])([H])[H])[C]([H])([H])[C]([H])([H])[C]([H])([H])[H],[O:1]=[P:9]([O:2][C:4]([H:10])([H:11])[H:12])([S:3][C:5]([H:13])([H:14])[H:15])[C:8]([C:7]([C:6]([H:16])([H:17])[H:18])([H:19])[H:20])([H:21])[H:22],22,unassigned_atom_type,0;8,"Atoms 0, 8 could not be assigned a bond charge correction atom type."
spice-pubchem,5672.npz,CCOP(=O)(CCP(=S)(N1CC1)N1CC1)OCC,[H][C]([H])([H])[C]([H])([H])[O][P](=[O])([O][C]([H])([H])[C]([H])([H])[H])[C]([H])([H])[C]([H])([H])[P](=[S])([N]1[C]([H])([H])[C]1([H])[H])[N]1[C]([H])([H])[C]1([H])[H],[O:1]=[P:17]([O:3][C:9]([C:7]([H:19])([H:20])[H:21])([H:25])[H:26])([O:4][C:10]([C:8]([H:22])([H:23])[H:24])([H:27])[H:28])[C:15]([C:16]([P:18](=[S:2])([N:5]1[C:11]([H:29])([H:30])[C:12]1([H:31])[H:32])[N:6]1[C:13]([H:33])([H:34])[C:14]1([H:35])[H:36])([H:39])[H:40])([H:37])[H:38],40,unassigned_atom_type,0;1;16;17,"Atoms 0, 1, 16, 17 could not be assigned a bond charge correction atom type."
spice-pubchem,5675.npz,CCCNP(=O)(NCCC)N1CC1,[H][N]([C]([H])([H])[C]([H])([H])[C]([H])([H])[H])[P](=[O])([N]1[C]([H])([H])[C]1([H])[H])[N]([H])[C]([H])([H])[C]([H])([H])[C]([H])([H])[H],[O:1]=[P:13]([N:2]1[C:7]([H:22])([H:23])[C:8]1([H:24])[H:25])([N:3]([C:9]([C:11]([C:5]([H:16])([H:17])[H:18])([H:30])[H:31])([H:26])[H:27])[H:14])[N:4]([C:10]([C:12]([C:6]([H:19])([H:20])[H:21])([H:32])[H:33])([H:28])[H:29])[H:15],33,unassigned_atom_type,0;12,"Atoms 0, 12 could not be assigned a bond charge correction atom type."
spice-pubchem,5677.npz,CCOP(=S)(OCC)SCCN(CC)CCF,[H][C]([H])([H])[C]([H])([H])[O][P](=[S])([O][C]([H])([H])[C]([H])([H])[H])[S][C]([H])([H])[C]([H])([H])[N]([C]([H])([H])[C]([H])([H])[H])[C]([H])([H])[C]([H])([H])[F],[F:1][C:10]([C:15]([N:6]([C:14]([C:9]([H:24])([H:25])[H:26])([H:35])[H:36])[C:16]([C:13]([S:5][P:17](=[S:2])([O:3][C:11]([C:7]([H:18])([H:19])[H:20])([H:29])[H:30])[O:4][C:12]([C:8]([H:21])([H:22])[H:23])([H:31])[H:32])([H:33])[H:34])([H:39])[H:40])([H:37])[H:38])([H:27])[H:28],40,unassigned_atom_type,1;16,"Atoms 1, 16 could not be assigned a bond charge correction atom type."
spice-pubchem,5678.npz,CCN(CC)S(=O)(=O)c1ccc(OP(=O)(OC)OC)cc1Cl,[H][c]1[c]([H])[c]([S](=[O])(=[O])[N]([C]([H])([H])[C]([H])([H])[H])[C]([H])([H])[C]([H])([H])[H])[c]([Cl])[c]([H])[c]1[O][P](=[O])([O][C]([H])([H])[H])[O][C]([H])([H])[H],[O:1]=[P:21]([O:5][c:12]1[c:8]([H:23])[c:10]([H:25])[c:13]([S:22](=[O:2])(=[O:3])[N:14]([C:19]([C:17]([H:32])([H:33])[H:34])([H:38])[H:39])[C:20]([C:18]([H:35])([H:36])[H:37])([H:40])[H:41])[c:11]([Cl:4])[c:9]1[H:24])([O:6][C:15]([H:26])([H:27])[H:28])[O:7][C:16]([H:29])([H:30])[H:31],41,unassigned_atom_type,0;20,"Atoms 0, 20 could not be assigned a bond charge correction atom type."
spice-pubchem,5680.npz,Cc1ncnc(NP(=O)(N2CC2)N2CC2)c1Br,[H][c]1[n][c]([N]([H])[P](=[O])([N]2[C]([H])([H])[C]2([H])[H])[N]2[C]([H])([H])[C]2([H])[H])[c]([Br])[c]([C]([H])([H])[H])[n]1,[O:1]=[P:17]([N:9]([c:6]1[n:3][c:5]([H:18])[n:4][c:7]([C:12]([H:20])([H:21])[H:22])[c:8]1[Br:2])[H:19])([N:10]1[C:13]([H:23])([H:24])[C:14]1([H:25])[H:26])[N:11]1[C:15]([H:27])([H:28])[C:16]1([H:29])[H:30],30,unassigned_atom_type,0;16,"Atoms 0, 16 could not be assigned a bond charge correction atom type."
spice-pubchem,5681.npz,O=P1(CCl)OC2=C(O1)C1CC1C=C2,[H][C]1=[C]([H])[C]2([H])[C]([H])([H])[C]2([H])[C]2=[C]1[O][P](=[O])([C]([H])([H])[Cl])[O]2,[O:1]=[P:13]1([C:12]([Cl:2])([H:20])[H:21])[O:3][C:6]2=[C:8]([O:4]1)[C:11]1([H:19])[C:9]([H:16])([H:17])[C:10]1([H:18])[C:7]([H:15])=[C:5]2[H:14],21,unassigned_atom_type,0;12,"Atoms 0, 12 could not be assigned a bond charge correction atom type."
spice-pubchem,5682.npz,C=CCP(C)(=O)OC(C)C,[H][C]([H])=[C]([H])[C]([H])([H])[P](=[O])([O][C]([H])([C]([H])([H])[H])[C]([H])([H])[H])[C]([H])([H])[H],[O:1]=[P:10]([O:2][C:7]([C:5]([H:14])([H:15])[H:16])([C:6]([H:17])([H:18])[H:19])[H:20])([C:8]([H:21])([H:22])[H:23])[C:9]([C:4](=[C:3]([H:11])[H:12])[H:13])([H:24])[H:25],25,unassigned_atom_type,0;9,"Atoms 0, 9 could not be assigned a bond charge correction atom type."
spice-pubchem,5684.npz,CCCCSP(SCCCC)c1ccccc1,[H][c]1[c]([H])[c]([H])[c]([P]([S][C]([H])([H])[C]([H])([H])[C]([H])([H])[C]([H])([H])[H])[S][C]([H])([H])[C]([H])([H])[C]([H])([H])[C]([H])([H])[H])[c]([H])[c]1[H],[S:1]([P:9]([S:2][C:13]([C:17]([C:15]([C:11]([H:26])([H:27])[H:28])([H:35])[H:36])([H:39])[H:40])([H:31])[H:32])[c:8]1[c:6]([H:21])[c:4]([H:19])[c:3]([H:18])[c:5]([H:20])[c:7]1[H:22])[C:12]([C:16]([C:14]([C:10]([H:23])([H:24])[H:25])([H:33])[H:34])([H:37])[H:38])([H:29])[H:30],40,unassigned_atom_type,8,Atoms 8 could not be assigned a bond charge correction atom type.
spice-pubchem,5695.npz,Cc1c(Cl)c(=O)oc2cc(OP(=O)(OCC(Cl)CCl)OCC(Cl)CCl)ccc12,[H][c]1[c]([H])[c]2[c]([c]([H])[c]1[O][P](=[O])([O][C]([H])([H])[C]([H])([Cl])[C]([H])([H])[Cl])[O][C]([H])([H])[C]([H])([Cl])[C]([H])([H])[Cl])[O][C](=[O])[C]([Cl])=[C]2[C]([H])([H])[H],[O:1]=[C:12]1[O:8][c:19]2[c:16]([H:30])[c:18]([O:9][P:28](=[O:2])([O:10][C:24]([C:26]([Cl:6])([C:22]([Cl:4])([H:35])[H:36])[H:43])([H:39])[H:40])[O:11][C:25]([C:27]([Cl:7])([C:23]([Cl:5])([H:37])[H:38])[H:44])([H:41])[H:42])[c:15]([H:29])[c:17]([H:31])[c:20]2[C:14]([C:21]([H:32])([H:33])[H:34])=[C:13]1[Cl:3],44,unassigned_atom_type,1;27,"Atoms 1, 27 could not be assigned a bond charge correction atom type."
spice-pubchem,5714.npz,CCN(CC(C)O)C(=S)NP(=S)(OC)OC,[H][O][C]([H])([C]([H])([H])[H])[C]([H])([H])[N]([C](=[S])[N]([H])[P](=[S])([O][C]([H])([H])[H])[O][C]([H])([H])[H])[C]([H])([H])[C]([H])([H])[H],[S:1]=[C:6]([N:7]([C:13]([C:11]([H:25])([H:26])[H:27])([H:31])[H:32])[C:14]([C:15]([O:3][H:17])([C:12]([H:28])([H:29])[H:30])[H:35])([H:33])[H:34])[N:8]([P:16](=[S:2])([O:4][C:9]([H:19])([H:20])[H:21])[O:5][C:10]([H:22])([H:23])[H:24])[H:18],35,unassigned_atom_type,1;15,"Atoms 1, 15 could not be assigned a bond charge correction atom type."
spice-pubchem,5736.npz,C=C(C)C1CCC(C)(OP(=S)(OC)OC)CC1,[H][C]([H])=[C]([C]([H])([H])[H])[C]1([H])[C]([H])([H])[C]([H])([H])[C]([O][P](=[S])([O][C]([H])([H])[H])[O][C]([H])([H])[H])([C]([H])([H])[H])[C]([H])([H])[C]1([H])[H],[S:1]=[P:17]([O:2][C:7]([H:20])([H:21])[H:22])([O:3][C:8]([H:23])([H:24])[H:25])[O:4][C:16]1([C:10]([H:29])([H:30])[H:31])[C:13]([H:36])([H:37])[C:11]([H:32])([H:33])[C:15]([C:6](=[C:5]([H:18])[H:19])[C:9]([H:26])([H:27])[H:28])([H:40])[C:12]([H:34])([H:35])[C:14]1([H:38])[H:39],40,unassigned_atom_type,0;16,"Atoms 0, 16 could not be assigned a bond charge correction atom type."
spice-pubchem,5740.npz,CCOP1(=O)CC=CC1C,[H][C]1=[C]([H])[C]([H])([C]([H])([H])[H])[P](=[O])([O][C]([H])([H])[C]([H])([H])[H])[C]1([H])[H],[O:1]=[P:10]1([O:2][C:7]([C:5]([H:13])([H:14])[H:15])([H:19])[H:20])[C:8]([H:21])([H:22])[C:3]([H:11])=[C:4]([H:12])[C:9]1([C:6]([H:16])([H:17])[H:18])[H:23],23,unassigned_atom_type,0;9,"Atoms 0, 9 could not be assigned a bond charge correction atom type."
spice-pubchem,5754.npz,O=c1[nH]c2cc(C(F)(F)F)c(N3CCOCC3)cc2n(CP(=O)(O)O)c1=O,[H][O][P](=[O])([O][H])[C]([H])([H])[N]1[C](=[O])[C](=[O])[N]([H])[c]2[c]([H])[c]([C]([F])([F])[F])[c]([N]3[C]([H])([H])[C]([H])([H])[O][C]([H])([H])[C]3([H])[H])[c]([H])[c]21,[O:1]=[C:10]1[C:11](=[O:2])[N:20]([C:26]([P:27](=[O:3])([O:8][H:28])[O:9][H:29])([H:41])[H:42])[c:16]2[c:12]([H:30])[c:15]([N:19]3[C:24]([H:37])([H:38])[C:22]([H:33])([H:34])[O:7][C:23]([H:35])([H:36])[C:25]3([H:39])[H:40])[c:17]([C:21]([F:4])([F:5])[F:6])[c:13]([H:31])[c:14]2[N:18]1[H:32],42,unassigned_atom_type,2;26,"Atoms 2, 26 could not be assigned a bond charge correction atom type."
spice-pubchem,5757.npz,COC(=O)/C=C(/CC(=O)OC)OP(=S)(OC)OC,[H]/[C]([C](=[O])[O][C]([H])([H])[H])=[C](/[O][P](=[S])([O][C]([H])([H])[H])[O][C]([H])([H])[H])[C]([H])([H])[C](=[O])[O][C]([H])([H])[H],[O:1]=[C:9]([O:4][C:13]([H:20])([H:21])[H:22])/[C:11](=[C:12](\[O:6][P:18](=[S:3])([O:7][C:15]([H:26])([H:27])[H:28])[O:8][C:16]([H:29])([H:30])[H:31])[C:17]([C:10](=[O:2])[O:5][C:14]([H:23])([H:24])[H:25])([H:32])[H:33])[H:19],33,unassigned_atom_type,2;17,"Atoms 2, 17 could not be assigned a bond charge correction atom type."
spice-pubchem,5777.npz,S=[PH](NC1CCCCC1)c1ccc(-c2ccccc2)cc1,[H][c]1[c]([H])[c]([H])[c](-[c]2[c]([H])[c]([H])[c]([P]([H])(=[S])[N]([H])[C]3([H])[C]([H])([H])[C]([H])([H])[C]([H])([H])[C]([H])([H])[C]3([H])[H])[c]([H])[c]2[H])[c]([H])[c]1[H],[S:1]=[P:21]([c:13]1[c:9]([H:29])[c:7]([H:27])[c:12](-[c:11]2[c:5]([H:25])[c:3]([H:23])[c:2]([H:22])[c:4]([H:24])[c:6]2[H:26])[c:8]([H:28])[c:10]1[H:30])([N:14]([C:20]1([H:42])[C:18]([H:38])([H:39])[C:16]([H:34])([H:35])[C:15]([H:32])([H:33])[C:17]([H:36])([H:37])[C:19]1([H:40])[H:41])[H:31])[H:43],43,unassigned_atom_type,0;20;42,"Atoms 0, 20, 42 could not be assigned a bond charge correction atom type."
spice-pubchem,5805.npz,CCOP(N)(=O)N(C=O)c1ncc(OC)c(N2CC2)n1,[H][C](=[O])[N]([c]1[n][c]([H])[c]([O][C]([H])([H])[H])[c]([N]2[C]([H])([H])[C]2([H])[H])[n]1)[P](=[O])([O][C]([H])([H])[C]([H])([H])[H])[N]([H])[H],[O:1]=[C:7]([N:14]([c:8]1[n:3][c:9]([H:22])[c:11]([O:5][C:15]([H:25])([H:26])[H:27])[c:10]([N:12]2[C:18]([H:33])([H:34])[C:19]2([H:35])[H:36])[n:4]1)[P:20](=[O:2])([O:6][C:17]([C:16]([H:28])([H:29])[H:30])([H:31])[H:32])[N:13]([H:23])[H:24])[H:21],36,unassigned_atom_type,1;19,"Atoms 1, 19 could not be assigned a bond charge correction atom type."
spice-pubchem,5809.npz,C=CCNP(=O)(OC=C(Cl)Cl)OC1CCCCC1,[H][C]([H])=[C]([H])[C]([H])([H])[N]([H])[P](=[O])([O][C]([H])=[C]([Cl])[Cl])[O][C]1([H])[C]([H])([H])[C]([H])([H])[C]([H])([H])[C]([H])([H])[C]1([H])[H],[O:1]=[P:18]([O:4][C:8](=[C:7]([Cl:2])[Cl:3])[H:21])([O:5][C:17]1([H:36])[C:15]([H:32])([H:33])[C:13]([H:28])([H:29])[C:12]([H:26])([H:27])[C:14]([H:30])([H:31])[C:16]1([H:34])[H:35])[N:10]([C:11]([C:9](=[C:6]([H:19])[H:20])[H:22])([H:24])[H:25])[H:23],36,unassigned_atom_type,0;17,"Atoms 0, 17 could not be assigned a bond charge correction atom type."
spice-pubchem,5810.npz,O=[N+]([O-])c1cccc(OP2(=O)C=CCC2)c1,[H][C]1=[C]([H])[P](=[O])([O][c]2[c]([H])[c]([H])[c]([H])[c]([N+](=[O])[O-])[c]2[H])[C]([H])([H])[C]1([H])[H],[O:1]=[N+:13]([O-:3])[c:12]1[c:9]([H:21])[c:7]([H:19])[c:8]([H:20])[c:11]([O:4][P:16]2(=[O:2])[C:6]([H:18])=[C:5]([H:17])[C:14]([H:23])([H:24])[C:15]2([H:25])[H:26])[c:10]1[H:22],26,unassigned_atom_type,1;15,"Atoms 1, 15 could not be assigned a bond charge correction atom type."
spice-pubchem,5832.npz,O=C(O)C1(C(=O)O)NC(P(=O)(O)O)Cc2c1[nH]c1ccccc21,[H][O][C](=[O])[C]1([C](=[O])[O][H])[C]2=[C]([c]3[c]([H])[c]([H])[c]([H])[c]([H])[c]3[N]2[H])[C]([H])([H])[C]([H])([P](=[O])([O][H])[O][H])[N]1[H],[O:1]=[C:8]([O:4][H:24])[C:20]1([C:9](=[O:2])[O:5][H:25])[C:10]2=[C:11]([c:16]3[c:14]([H:30])[c:12]([H:28])[c:13]([H:29])[c:15]([H:31])[c:17]3[N:18]2[H:32])[C:21]([H:34])([H:35])[C:22]([P:23](=[O:3])([O:6][H:26])[O:7][H:27])([H:36])[N:19]1[H:33],36,unassigned_atom_type,2;22,"Atoms 2, 22 could not be assigned a bond charge correction atom type."
spice-pubchem,5840.npz,CN(CCOS(C)(=O)=O)P1(=O)OCCC(ONC(N)=O)N1CCCl,[H][N]([H])[C](=[O])[N]([H])[O][C]1([H])[N]([C]([H])([H])[C]([H])([H])[Cl])[P](=[O])([N]([C]([H])([H])[H])[C]([H])([H])[C]([H])([H])[O][S](=[O])(=[O])[C]([H])([H])[H])[O][C]([H])([H])[C]1([H])[H],[O:1]=[C:9]([N:10]([H:25])[H:26])[N:11]([O:6][C:20]1([H:41])[N:13]([C:18]([C:15]([Cl:5])([H:31])[H:32])([H:37])[H:38])[P:23](=[O:2])([N:12]([C:14]([H:28])([H:29])[H:30])[C:19]([C:16]([O:8][S:24](=[O:3])(=[O:4])[C:22]([H:44])([H:45])[H:46])([H:33])[H:34])([H:39])[H:40])[O:7][C:17]([H:35])([H:36])[C:21]1([H:42])[H:43])[H:27],46,unassigned_atom_type,1;22,"Atoms 1, 22 could not be assigned a bond charge correction atom type."
spice-pubchem,5841.npz,NP(=O)(OCC/C=N/O)N(CCCl)CCCl,[H][O]/[N]=[C](\[H])[C]([H])([H])[C]([H])([H])[O][P](=[O])([N]([H])[H])[N]([C]([H])([H])[C]([H])([H])[Cl])[C]([H])([H])[C]([H])([H])[Cl],[O:1]=[P:16]([O:6][C:12]([C:13](/[C:7](=[N:4]/[O:5][H:17])[H:18])([H:27])[H:28])([H:25])[H:26])([N:8]([H:19])[H:20])[N:9]([C:14]([C:10]([Cl:2])([H:21])[H:22])([H:29])[H:30])[C:15]([C:11]([Cl:3])([H:23])[H:24])([H:31])[H:32],32,unassigned_atom_type,0;15,"Atoms 0, 15 could not be assigned a bond charge correction atom type."
spice-pubchem,5873.npz,CC(CP)CC(C)(C)C,[H][P]([H])[C]([H])([H])[C]([H])([C]([H])([H])[H])[C]([H])([H])[C]([C]([H])([H])[H])([C]([H])([H])[H])[C]([H])([H])[H],[P:1]([C:6]([C:8]([C:2]([H:12])([H:13])[H:14])([C:7]([C:9]([C:3]([H:15])([H:16])[H:17])([C:4]([H:18])([H:19])[H:20])[C:5]([H:21])([H:22])[H:23])([H:26])[H:27])[H:28])([H:24])[H:25])([H:10])[H:11],28,unassigned_atom_type,0;9;10,"Atoms 0, 9, 10 could not be assigned a bond charge correction atom type."
spice-pubchem,5875.npz,CCC(C)P(CCCO)CCCO,[H][O][C]([H])([H])[C]([H])([H])[C]([H])([H])[P]([C]([H])([H])[C]([H])([H])[C]([H])([H])[O][H])[C]([H])([C]([H])([H])[H])[C]([H])([H])[C]([H])([H])[H],[O:1]([C:6]([C:10]([C:8]([P:3]([C:9]([C:11]([C:7]([O:2][H:15])([H:24])[H:25])([H:32])[H:33])([H:28])[H:29])[C:13]([C:5]([H:19])([H:20])[H:21])([C:12]([C:4]([H:16])([H:17])[H:18])([H:34])[H:35])[H:36])([H:26])[H:27])([H:30])[H:31])([H:22])[H:23])[H:14],36,unassigned_atom_type,2,Atoms 2 could not be assigned a bond charge correction atom type.
spice-pubchem,5891.npz,CCOP(=O)(OCC)SCSC(CC(=O)OC)C(=O)OC,[H][C]([H])([H])[O][C](=[O])[C]([H])([H])[C]([H])([S][C]([H])([H])[S][P](=[O])([O][C]([H])([H])[C]([H])([H])[H])[O][C]([H])([H])[C]([H])([H])[H])[C](=[O])[O][C]([H])([H])[H],[O:1]=[C:10]([O:4][C:12]([H:22])([H:23])[H:24])[C:19]([C:20]([S:8][C:14]([S:9][P:21](=[O:3])([O:6][C:17]([C:15]([H:30])([H:31])[H:32])([H:36])[H:37])[O:7][C:18]([C:16]([H:33])([H:34])[H:35])([H:38])[H:39])([H:28])[H:29])([C:11](=[O:2])[O:5][C:13]([H:25])([H:26])[H:27])[H:42])([H:40])[H:41],42,unassigned_atom_type,2;20,"Atoms 2, 20 could not be assigned a bond charge correction atom type."
spice-pubchem,590.npz,O=[N+]([O-])c1cc2c(OCCC3CCCCN3)c(-c3cccs3)c(=[OH+])[n-]c2cc1Cl,[H][O+]=[C]1[N-][c]2[c]([H])[c]([Cl])[c]([N+](=[O])[O-])[c]([H])[c]2[C]([O][C]([H])([H])[C]([H])([H])[C]2([H])[N]([H])[C]([H])([H])[C]([H])([H])[C]([H])([H])[C]2([H])[H])=[C]1[C]1=[C]([H])[C]([H])=[C]([H])[S]1,[O:1]=[N+:22]([O-:2])[c:20]1[c:16]([H:35])[c:19]2[c:18]([c:15]([H:34])[c:17]1[Cl:3])[N-:4][C:8](=[O+:6][H:30])[C:13]([C:12]1=[C:11]([H:33])[C:10]([H:32])=[C:9]([H:31])[S:7]1)=[C:14]2[O:5][C:23]([C:27]([C:29]1([H:49])[N:21]([H:36])[C:24]([H:39])([H:40])[C:25]([H:41])([H:42])[C:26]([H:43])([H:44])[C:28]1([H:47])[H:48])([H:45])[H:46])([H:37])[H:38],49,incomplete_bond_assignment,3;7,Bond charge corrections could not be applied to all bonds in the molecule: | atom 3: expected=2 assigned=1.0 | atom 7: expected=3 assigned=2.0
spice-pubchem,5909.npz,CCOC[PH](=S)SCC(=O)N[C@H](C(=O)OCC)C(C)C,[H][N]([C](=[O])[C]([H])([H])[S][P]([H])(=[S])[C]([H])([H])[O][C]([H])([H])[C]([H])([H])[H])[C@]([H])([C](=[O])[O][C]([H])([H])[C]([H])([H])[H])[C]([H])([C]([H])([H])[H])[C]([H])([H])[H],[O:1]=[C:7]([N:9]([C@:19]([C:8](=[O:2])[O:4][C:15]([C:11]([H:24])([H:25])[H:26])([H:36])[H:37])([C:17]([C:13]([H:30])([H:31])[H:32])([C:14]([H:33])([H:34])[H:35])[H:40])[H:43])[H:21])[C:10]([S:6][P:20](=[S:3])([C:18]([O:5][C:16]([C:12]([H:27])([H:28])[H:29])([H:38])[H:39])([H:41])[H:42])[H:44])([H:22])[H:23],44,unassigned_atom_type,2;19;43,"Atoms 2, 19, 43 could not be assigned a bond charge correction atom type."
spice-pubchem,5915.npz,Cc1cn([C@H]2CC[C@@H](OCP(=O)(O)OP(=O)(O)OP(=O)(O)O)[C@@H]2F)c(=O)[nH]c1=O,[H][O][P](=[O])([O][H])[O][P](=[O])([O][H])[O][P](=[O])([O][H])[C]([H])([H])[O][C@]1([H])[C]([H])([H])[C]([H])([H])[C@]([H])([N]2[C](=[O])[N]([H])[C](=[O])[C]([C]([H])([H])[H])=[C]2[H])[C@@]1([H])[F],[O:1]=[C:14]1[C:17]([C:20]([H:36])([H:37])[H:38])=[C:16]([H:34])[N:19]([C@@:24]2([H:45])[C:21]([H:39])([H:40])[C:22]([H:41])([H:42])[C@:25]([O:7][C:23]([P:29](=[O:5])([O:12][H:33])[O:13][P:28](=[O:4])([O:10][H:32])[O:11][P:27](=[O:3])([O:8][H:30])[O:9][H:31])([H:43])[H:44])([H:46])[C@@:26]2([F:6])[H:47])[C:15](=[O:2])[N:18]1[H:35],47,unassigned_atom_type,2;3;4;10;12;26;27;28,"Atoms 2, 3, 4, 10, 12, 26, 27, 28 could not be assigned a bond charge correction atom type."
spice-pubchem,5945.npz,Cc1ccc(P(Cl)Cl)cc1,[H][c]1[c]([H])[c]([C]([H])([H])[H])[c]([H])[c]([H])[c]1[P]([Cl])[Cl],[Cl:1][P:9]([Cl:2])[c:7]1[c:3]([H:11])[c:5]([H:13])[c:8]([C:10]([H:15])([H:16])[H:17])[c:6]([H:14])[c:4]1[H:12],17,unassigned_atom_type,0;1;8,"Atoms 0, 1, 8 could not be assigned a bond charge correction atom type."
spice-pubchem,5972.npz,CC(C)CC(C)OP(=O)(O)OC(C)CC(C)C,[H][O][P](=[O])([O][C]([H])([C]([H])([H])[H])[C]([H])([H])[C]([H])([C]([H])([H])[H])[C]([H])([H])[H])[O][C]([H])([C]([H])([H])[H])[C]([H])([H])[C]([H])([C]([H])([H])[H])[C]([H])([H])[H],[O:1]=[P:17]([O:2][H:18])([O:3][C:13]([C:5]([H:19])([H:20])[H:21])([C:11]([C:15]([C:7]([H:25])([H:26])[H:27])([C:8]([H:28])([H:29])[H:30])[H:43])([H:37])[H:38])[H:41])[O:4][C:14]([C:6]([H:22])([H:23])[H:24])([C:12]([C:16]([C:9]([H:31])([H:32])[H:33])([C:10]([H:34])([H:35])[H:36])[H:44])([H:39])[H:40])[H:42],44,unassigned_atom_type,0;16,"Atoms 0, 16 could not be assigned a bond charge correction atom type."
spice-pubchem,5981.npz,CC(CCN(CP(=O)(O)O)CP(=O)(O)O)CC(C)(C)C,[H][O][P](=[O])([O][H])[C]([H])([H])[N]([C]([H])([H])[C]([H])([H])[C]([H])([C]([H])([H])[H])[C]([H])([H])[C]([C]([H])([H])[H])([C]([H])([H])[H])[C]([H])([H])[H])[C]([H])([H])[P](=[O])([O][H])[O][H],[O:1]=[P:19]([O:3][H:21])([O:4][H:22])[C:17]([N:7]([C:12]([C:13]([C:15]([C:8]([H:25])([H:26])[H:27])([C:14]([C:16]([C:9]([H:28])([H:29])[H:30])([C:10]([H:31])([H:32])[H:33])[C:11]([H:34])([H:35])[H:36])([H:41])[H:42])[H:43])([H:39])[H:40])([H:37])[H:38])[C:18]([P:20](=[O:2])([O:5][H:23])[O:6][H:24])([H:46])[H:47])([H:44])[H:45],47,unassigned_atom_type,0;1;18;19,"Atoms 0, 1, 18, 19 could not be assigned a bond charge correction atom type."
spice-pubchem,5987.npz,O=PO,[H][O][P]=[O],[O:1]=[P:3][O:2][H:4],4,unassigned_atom_type,0;2,"Atoms 0, 2 could not be assigned a bond charge correction atom type."
spice-pubchem,5991.npz,CC(C)OP(C)OC(C)C,[H][C]([H])([H])[P]([O][C]([H])([C]([H])([H])[H])[C]([H])([H])[H])[O][C]([H])([C]([H])([H])[H])[C]([H])([H])[H],[O:1]([P:3]([O:2][C:10]([C:7]([H:20])([H:21])[H:22])([C:8]([H:23])([H:24])[H:25])[H:27])[C:4]([H:11])([H:12])[H:13])[C:9]([C:5]([H:14])([H:15])[H:16])([C:6]([H:17])([H:18])[H:19])[H:26],27,unassigned_atom_type,2,Atoms 2 could not be assigned a bond charge correction atom type.
spice-pubchem,6020.npz,COP(=O)(OC)C1(O)C[C@@H](c2ccccc2)S[C@@H](c2ccccc2)C1,[H][O][C]1([P](=[O])([O][C]([H])([H])[H])[O][C]([H])([H])[H])[C]([H])([H])[C@]([H])([c]2[c]([H])[c]([H])[c]([H])[c]([H])[c]2[H])[S][C@]([H])([c]2[c]([H])[c]([H])[c]([H])[c]([H])[c]2[H])[C]1([H])[H],[O:1]=[P:25]([O:3][C:18]([H:37])([H:38])[H:39])([O:4][C:19]([H:40])([H:41])[H:42])[C:22]1([O:2][H:26])[C:20]([H:43])([H:44])[C@:23]([c:16]2[c:12]([H:33])[c:8]([H:29])[c:6]([H:27])[c:9]([H:30])[c:13]2[H:34])([H:47])[S:5][C@:24]([c:17]2[c:14]([H:35])[c:10]([H:31])[c:7]([H:28])[c:11]([H:32])[c:15]2[H:36])([H:48])[C:21]1([H:45])[H:46],48,unassigned_atom_type,0;24,"Atoms 0, 24 could not be assigned a bond charge correction atom type."
spice-pubchem,6041.npz,O=c1c2c(c1=O)N(CCP(=O)(O)O)CCCN2,[H][O][P](=[O])([O][H])[C]([H])([H])[C]([H])([H])[N]1[C]2=[C]([C](=[O])[C]2=[O])[N]([H])[C]([H])([H])[C]([H])([H])[C]1([H])[H],[O:1]=[C:6]1[C:7](=[O:2])[C:9]2=[C:8]1[N:10]([H:20])[C:12]([H:21])([H:22])[C:15]([H:27])([H:28])[C:13]([H:23])([H:24])[N:11]2[C:14]([C:16]([P:17](=[O:3])([O:4][H:18])[O:5][H:19])([H:29])[H:30])([H:25])[H:26],30,unassigned_atom_type,2;16,"Atoms 2, 16 could not be assigned a bond charge correction atom type."
spice-pubchem,6056.npz,CC1(C)COP(=S)(NC(C)(C)C)OC1,[H][N]([C]([C]([H])([H])[H])([C]([H])([H])[H])[C]([H])([H])[H])[P]1(=[S])[O][C]([H])([H])[C]([C]([H])([H])[H])([C]([H])([H])[H])[C]([H])([H])[O]1,[S:1]=[P:14]1([N:4]([C:12]([C:5]([H:16])([H:17])[H:18])([C:6]([H:19])([H:20])[H:21])[C:7]([H:22])([H:23])[H:24])[H:15])[O:2][C:10]([H:31])([H:32])[C:13]([C:8]([H:25])([H:26])[H:27])([C:9]([H:28])([H:29])[H:30])[C:11]([H:33])([H:34])[O:3]1,34,unassigned_atom_type,0;13,"Atoms 0, 13 could not be assigned a bond charge correction atom type."
spice-pubchem,6059.npz,C=Cc1ccc(CP(=O)(OCC)c2ccccc2)c2ccccc12,[H][C]([H])=[C]([H])[c]1[c]([H])[c]([H])[c]([C]([H])([H])[P](=[O])([O][C]([H])([H])[C]([H])([H])[H])[c]2[c]([H])[c]([H])[c]([H])[c]([H])[c]2[H])[c]2[c]([H])[c]([H])[c]([H])[c]([H])[c]12,[O:1]=[P:24]([O:2][C:22]([C:21]([H:39])([H:40])[H:41])([H:42])[H:43])([c:14]1[c:8]([H:31])[c:6]([H:29])[c:5]([H:28])[c:7]([H:30])[c:9]1[H:32])[C:23]([c:18]1[c:13]([H:36])[c:12]([H:35])[c:17]([C:4](=[C:3]([H:25])[H:26])[H:27])[c:19]2[c:15]([H:37])[c:10]([H:33])[c:11]([H:34])[c:16]([H:38])[c:20]12)([H:44])[H:45],45,unassigned_atom_type,0;23,"Atoms 0, 23 could not be assigned a bond charge correction atom type."
spice-pubchem,6060.npz,O=P(Cl)(Cl)OP(=O)(Cl)Cl,[O]=[P]([Cl])([Cl])[O][P](=[O])([Cl])[Cl],[O:1]=[P:8]([Cl:3])([Cl:4])[O:7][P:9](=[O:2])([Cl:5])[Cl:6],9,unassigned_atom_type,0;1;2;3;4;5;6;7;8,"Atoms 0, 1, 2, 3, 4, 5, 6, 7, 8 could not be assigned a bond charge correction atom type."
spice-pubchem,6073.npz,O=P(CC(Br)CCl)(OC(CCl)CBr)OC(CCl)CBr,[H][C]([H])([Cl])[C]([H])([Br])[C]([H])([H])[P](=[O])([O][C]([H])([C]([H])([H])[Cl])[C]([H])([H])[Br])[O][C]([H])([C]([H])([H])[Cl])[C]([H])([H])[Br],[O:1]=[P:19]([O:8][C:16]([C:11]([Cl:3])([H:22])[H:23])([C:13]([Br:5])([H:26])[H:27])[H:31])([O:9][C:17]([C:12]([Cl:4])([H:24])[H:25])([C:14]([Br:6])([H:28])[H:29])[H:32])[C:18]([C:15]([Br:7])([C:10]([Cl:2])([H:20])[H:21])[H:30])([H:33])[H:34],34,unassigned_atom_type,0;18,"Atoms 0, 18 could not be assigned a bond charge correction atom type."
spice-pubchem,6080.npz,CN(C(=O)N(O)C1CCOP(N(CCCl)CCCl)N1)C1=CCC(=O)C=C1,[H][O][N]([C](=[O])[N]([C]1=[C]([H])[C]([H])([H])[C](=[O])[C]([H])=[C]1[H])[C]([H])([H])[H])[C]1([H])[N]([H])[P]([N]([C]([H])([H])[C]([H])([H])[Cl])[C]([H])([H])[C]([H])([H])[Cl])[O][C]([H])([H])[C]1([H])[H],[O:1]=[C:7]([N:13]([C:11]1=[C:12]([H:30])[C:18]([H:32])([H:33])[C:8](=[O:2])[C:9]([H:28])=[C:10]1[H:29])[C:19]([H:34])([H:35])[H:36])[N:15]([O:5][H:27])[C:25]1([H:47])[N:16]([H:31])[P:17]([N:14]([C:23]([C:20]([Cl:3])([H:37])[H:38])([H:43])[H:44])[C:24]([C:21]([Cl:4])([H:39])[H:40])([H:45])[H:46])[O:6][C:22]([H:41])([H:42])[C:26]1([H:48])[H:49],49,unassigned_atom_type,16,Atoms 16 could not be assigned a bond charge correction atom type.
spice-pubchem,6144.npz,CC(=O)OC(C#N)CCP(C)(=O)OCC(C)C,[H][C]([H])([H])[C](=[O])[O][C]([H])([C]#[N])[C]([H])([H])[C]([H])([H])[P](=[O])([O][C]([H])([H])[C]([H])([C]([H])([H])[H])[C]([H])([H])[H])[C]([H])([H])[H],[N:1]#[C:4][C:12]([O:5][C:7](=[O:2])[C:8]([H:18])([H:19])[H:20])([C:13]([C:16]([P:17](=[O:3])([O:6][C:11]([C:14]([C:9]([H:21])([H:22])[H:23])([C:10]([H:24])([H:25])[H:26])[H:32])([H:27])[H:28])[C:15]([H:33])([H:34])[H:35])([H:36])[H:37])([H:30])[H:31])[H:29],37,unassigned_atom_type,2;16,"Atoms 2, 16 could not be assigned a bond charge correction atom type."
spice-pubchem,6149.npz,C/N=C(\OC)[C@H](C)SCCOP(=S)(S)OC,[H][S][P](=[S])([O][C]([H])([H])[H])[O][C]([H])([H])[C]([H])([H])[S][C@]([H])(/[C](=[N]/[C]([H])([H])[H])[O][C]([H])([H])[H])[C]([H])([H])[H],[S:1]=[P:16]([O:4][C:11]([H:24])([H:25])[H:26])([O:5][C:12]([C:13]([S:6][C@:15](/[C:8](=[N:2]/[C:9]([H:18])([H:19])[H:20])[O:3][C:10]([H:21])([H:22])[H:23])([C:14]([H:31])([H:32])[H:33])[H:34])([H:29])[H:30])([H:27])[H:28])[S:7][H:17],34,unassigned_atom_type,0;15,"Atoms 0, 15 could not be assigned a bond charge correction atom type."
spice-pubchem,6156.npz,CCOP(=O)(OCC)C(=O)NCCCCCCCl,[H][N]([C](=[O])[P](=[O])([O][C]([H])([H])[C]([H])([H])[H])[O][C]([H])([H])[C]([H])([H])[H])[C]([H])([H])[C]([H])([H])[C]([H])([H])[C]([H])([H])[C]([H])([H])[C]([H])([H])[Cl],[O:1]=[C:6]([N:7]([C:13]([C:15]([C:17]([C:16]([C:14]([C:10]([Cl:3])([H:26])[H:27])([H:34])[H:35])([H:38])[H:39])([H:40])[H:41])([H:36])[H:37])([H:32])[H:33])[H:19])[P:18](=[O:2])([O:4][C:11]([C:8]([H:20])([H:21])[H:22])([H:28])[H:29])[O:5][C:12]([C:9]([H:23])([H:24])[H:25])([H:30])[H:31],41,unassigned_atom_type,1;17,"Atoms 1, 17 could not be assigned a bond charge correction atom type."
spice-pubchem,6188.npz,CCCSP(=O)(OCC)N1CCN(CC)/C1=N\C#N,[H][C]([H])([H])[C]([H])([H])[O][P](=[O])([S][C]([H])([H])[C]([H])([H])[C]([H])([H])[H])[N]1/[C](=[N]/[C]#[N])[N]([C]([H])([H])[C]([H])([H])[H])[C]([H])([H])[C]1([H])[H],[N:1]#[C:3]/[N:4]=[C:7]1\[N:8]([C:15]([C:11]([H:23])([H:24])[H:25])([H:33])[H:34])[C:16]([H:35])([H:36])[C:17]([H:37])([H:38])[N:9]1[P:19](=[O:2])([O:5][C:13]([C:10]([H:20])([H:21])[H:22])([H:29])[H:30])[S:6][C:14]([C:18]([C:12]([H:26])([H:27])[H:28])([H:39])[H:40])([H:31])[H:32],40,unassigned_atom_type,1;18,"Atoms 1, 18 could not be assigned a bond charge correction atom type."
spice-pubchem,6320.npz,O=P1(O)OCCCNCCN1CCCl,[H][O][P]1(=[O])[O][C]([H])([H])[C]([H])([H])[C]([H])([H])[N]([H])[C]([H])([H])[C]([H])([H])[N]1[C]([H])([H])[C]([H])([H])[Cl],[O:1]=[P:14]1([O:3][H:15])[O:4][C:8]([H:19])([H:20])[C:13]([H:29])([H:30])[C:12]([H:27])([H:28])[N:5]([H:16])[C:10]([H:23])([H:24])[C:11]([H:25])([H:26])[N:6]1[C:9]([C:7]([Cl:2])([H:17])[H:18])([H:21])[H:22],30,unassigned_atom_type,0;13,"Atoms 0, 13 could not be assigned a bond charge correction atom type."
spice-pubchem,6323.npz,O=C1NP(=O)(N(CCO)CCO)Oc2ccccc21,[H][O][C]([H])([H])[C]([H])([H])[N]([C]([H])([H])[C]([H])([H])[O][H])[P]1(=[O])[O][c]2[c]([H])[c]([H])[c]([H])[c]([H])[c]2[C](=[O])[N]1[H],[O:1]=[C:6]1[c:12]2[c:10]([H:25])[c:8]([H:23])[c:7]([H:22])[c:9]([H:24])[c:11]2[O:5][P:19](=[O:2])([N:14]([C:17]([C:15]([O:3][H:20])([H:27])[H:28])([H:31])[H:32])[C:18]([C:16]([O:4][H:21])([H:29])[H:30])([H:33])[H:34])[N:13]1[H:26],34,unassigned_atom_type,1;18,"Atoms 1, 18 could not be assigned a bond charge correction atom type."
spice-pubchem,6324.npz,O=P1(NCCBr)OCCCN1CCBr,[H][N]([C]([H])([H])[C]([H])([H])[Br])[P]1(=[O])[O][C]([H])([H])[C]([H])([H])[C]([H])([H])[N]1[C]([H])([H])[C]([H])([H])[Br],[O:1]=[P:14]1([N:5]([C:10]([C:7]([Br:2])([H:16])[H:17])([H:22])[H:23])[H:15])[O:4][C:9]([H:20])([H:21])[C:13]([H:28])([H:29])[C:12]([H:26])([H:27])[N:6]1[C:11]([C:8]([Br:3])([H:18])[H:19])([H:24])[H:25],29,unassigned_atom_type,0;13,"Atoms 0, 13 could not be assigned a bond charge correction atom type."
spice-pubchem,6344.npz,CC12CN3CC(C)(CN(C1)P3(=O)Oc1ccccc1)C2=O,[H][c]1[c]([H])[c]([H])[c]([O][P]2(=[O])[N]3[C]([H])([H])[C]4([C]([H])([H])[H])[C](=[O])[C]([C]([H])([H])[H])([C]3([H])[H])[C]([H])([H])[N]2[C]4([H])[H])[c]([H])[c]1[H],[O:1]=[C:4]1[C:19]2([C:13]([H:27])([H:28])[H:29])[C:15]([H:33])([H:34])[N:11]3[C:17]([H:37])([H:38])[C:20]1([C:14]([H:30])([H:31])[H:32])[C:18]([H:39])([H:40])[N:12]([C:16]2([H:35])[H:36])[P:21]3(=[O:2])[O:3][c:10]1[c:8]([H:25])[c:6]([H:23])[c:5]([H:22])[c:7]([H:24])[c:9]1[H:26],40,unassigned_atom_type,1;20,"Atoms 1, 20 could not be assigned a bond charge correction atom type."
spice-pubchem,6368.npz,CCCCOP(C)(=O)C(NC(=O)OCC)(C(F)(F)F)C(F)(F)F,[H][N]([C](=[O])[O][C]([H])([H])[C]([H])([H])[H])[C]([C]([F])([F])[F])([C]([F])([F])[F])[P](=[O])([O][C]([H])([H])[C]([H])([H])[C]([H])([H])[C]([H])([H])[H])[C]([H])([H])[H],[O:1]=[C:11]([O:9][C:17]([C:13]([H:25])([H:26])[H:27])([H:31])[H:32])[N:12]([C:22]([C:15]([F:3])([F:4])[F:5])([C:16]([F:6])([F:7])[F:8])[P:23](=[O:2])([O:10][C:18]([C:20]([C:19]([C:14]([H:28])([H:29])[H:30])([H:35])[H:36])([H:37])[H:38])([H:33])[H:34])[C:21]([H:39])([H:40])[H:41])[H:24],41,unassigned_atom_type,1;22,"Atoms 1, 22 could not be assigned a bond charge correction atom type."
spice-pubchem,6418.npz,CC(C)(C)C1=NOC(P(=O)(O)O)C1,[H][O][P](=[O])([O][H])[C]1([H])[O][N]=[C]([C]([C]([H])([H])[H])([C]([H])([H])[H])[C]([H])([H])[H])[C]1([H])[H],[O:1]=[P:13]([O:4][H:14])([O:5][H:15])[C:12]1([H:27])[O:3][N:2]=[C:6]([C:11]([C:7]([H:16])([H:17])[H:18])([C:8]([H:19])([H:20])[H:21])[C:9]([H:22])([H:23])[H:24])[C:10]1([H:25])[H:26],27,unassigned_atom_type,0;12,"Atoms 0, 12 could not be assigned a bond charge correction atom type."
spice-pubchem,6420.npz,CP(=O)(NCC(=O)OCc1ccccc1)C1CC(c2ccccc2)=NO1,[H][c]1[c]([H])[c]([H])[c]([C]2=[N][O][C]([H])([P](=[O])([N]([H])[C]([H])([H])[C](=[O])[O][C]([H])([H])[c]3[c]([H])[c]([H])[c]([H])[c]([H])[c]3[H])[C]([H])([H])[H])[C]2([H])[H])[c]([H])[c]1[H],[O:1]=[C:6]([O:4][C:21]([c:19]1[c:16]([H:35])[c:12]([H:31])[c:9]([H:28])[c:13]([H:32])[c:17]1[H:36])([H:38])[H:39])[C:22]([N:20]([P:26](=[O:2])([C:24]([H:44])([H:45])[H:46])[C:25]1([H:47])[O:5][N:3]=[C:7]([c:18]2[c:14]([H:33])[c:10]([H:29])[c:8]([H:27])[c:11]([H:30])[c:15]2[H:34])[C:23]1([H:42])[H:43])[H:37])([H:40])[H:41],47,unassigned_atom_type,1;25,"Atoms 1, 25 could not be assigned a bond charge correction atom type."
spice-pubchem,6422.npz,O=P(O)(O)OP(O)(O)=S,[H][O][P](=[O])([O][H])[O][P](=[S])([O][H])[O][H],[O:1]=[P:8]([O:3][H:10])([O:4][H:11])[O:7][P:9](=[S:2])([O:5][H:12])[O:6][H:13],13,unassigned_atom_type,0;1;6;7;8,"Atoms 0, 1, 6, 7, 8 could not be assigned a bond charge correction atom type."
spice-pubchem,6449.npz,CCOP(=O)(Cc1ccc(-c2nc3ccccc3s2)cc1)N1CCSC1=O,[H][c]1[c]([H])[c]([H])[c]2[c]([c]1[H])[N]=[C]([c]1[c]([H])[c]([H])[c]([C]([H])([H])[P](=[O])([O][C]([H])([H])[C]([H])([H])[H])[N]3[C](=[O])[S][C]([H])([H])[C]3([H])[H])[c]([H])[c]1[H])[S]2,[O:1]=[C:7]1[S:6][C:24]([H:41])([H:42])[C:25]([H:43])([H:44])[N:21]1[P:27](=[O:2])([O:4][C:23]([C:22]([H:36])([H:37])[H:38])([H:39])[H:40])[C:26]([c:20]1[c:15]([H:34])[c:13]([H:32])[c:19]([C:8]2=[N:3][c:17]3[c:11]([H:30])[c:9]([H:28])[c:10]([H:29])[c:12]([H:31])[c:18]3[S:5]2)[c:14]([H:33])[c:16]1[H:35])([H:45])[H:46],46,unassigned_atom_type,1;26,"Atoms 1, 26 could not be assigned a bond charge correction atom type."
spice-pubchem,646.npz,O=[PH](O)C1(O)CCNCC1,[H][O][C]1([P]([H])(=[O])[O][H])[C]([H])([H])[C]([H])([H])[N]([H])[C]([H])([H])[C]1([H])[H],[O:1]=[P:10]([O:3][H:12])([C:9]1([O:2][H:11])[C:7]([H:18])([H:19])[C:5]([H:14])([H:15])[N:4]([H:13])[C:6]([H:16])([H:17])[C:8]1([H:20])[H:21])[H:22],22,unassigned_atom_type,0;9;21,"Atoms 0, 9, 21 could not be assigned a bond charge correction atom type."
spice-pubchem,6466.npz,COP(=S)(OC)Oc1nc(Cl)n(C(C)C)n1,[H][C]([H])([H])[O][P](=[S])([O][C]1=[N][N]([C]([H])([C]([H])([H])[H])[C]([H])([H])[H])[C]([Cl])=[N]1)[O][C]([H])([H])[H],[S:1]=[P:16]([O:5][C:8]1=[N:3][N:10]([C:15]([C:13]([H:23])([H:24])[H:25])([C:14]([H:26])([H:27])[H:28])[H:29])[C:9]([Cl:2])=[N:4]1)([O:6][C:11]([H:17])([H:18])[H:19])[O:7][C:12]([H:20])([H:21])[H:22],29,unassigned_atom_type,0;15,"Atoms 0, 15 could not be assigned a bond charge correction atom type."
spice-pubchem,6483.npz,FC(F)C(F)(F)C(F)(F)C(F)(F)CP(CC(F)(F)C(F)(F)C(F)(F)C(F)F)CC(F)(F)C(F)(F)C(F)(F)C(F)F,[H][C]([F])([F])[C]([F])([F])[C]([F])([F])[C]([F])([F])[C]([H])([H])[P]([C]([H])([H])[C]([F])([F])[C]([F])([F])[C]([F])([F])[C]([H])([F])[F])[C]([H])([H])[C]([F])([F])[C]([F])([F])[C]([F])([F])[C]([H])([F])[F],[F:1][C:26]([F:2])([C:32]([F:7])([F:8])[C:38]([F:19])([F:20])[C:35]([F:13])([F:14])[C:29]([P:25]([C:30]([C:36]([F:15])([F:16])[C:39]([F:21])([F:22])[C:33]([F:9])([F:10])[C:27]([F:3])([F:4])[H:42])([H:46])[H:47])[C:31]([C:37]([F:17])([F:18])[C:40]([F:23])([F:24])[C:34]([F:11])([F:12])[C:28]([F:5])([F:6])[H:43])([H:48])[H:49])([H:44])[H:45])[H:41],49,unassigned_atom_type,24,Atoms 24 could not be assigned a bond charge correction atom type.
spice-pubchem,6491.npz,Nc1nc(=O)c2nc(C(=O)C3OP(=O)(O)OCC3O)cnc2[nH]1,[H][O][C]1([H])[C]([H])([H])[O][P](=[O])([O][H])[O][C]1([H])[C](=[O])[c]1[n][c]2[c]([n][c]1[H])[N]([H])[C]([N]([H])[H])=[N][C]2=[O],[O:1]=[C:11]1[N:4]=[C:13]([N:18]([H:27])[H:28])[N:19]([H:29])[c:17]2[n:6][c:14]([H:26])[c:15]([C:12](=[O:2])[C:21]3([H:32])[O:10][P:23](=[O:3])([O:8][H:25])[O:9][C:20]([H:30])([H:31])[C:22]3([O:7][H:24])[H:33])[n:5][c:16]21,33,unassigned_atom_type,2;22,"Atoms 2, 22 could not be assigned a bond charge correction atom type."
spice-pubchem,6517.npz,S=P(S)(C1CCCCC1)C1CCCCC1,[H][S][P](=[S])([C]1([H])[C]([H])([H])[C]([H])([H])[C]([H])([H])[C]([H])([H])[C]1([H])[H])[C]1([H])[C]([H])([H])[C]([H])([H])[C]([H])([H])[C]([H])([H])[C]1([H])[H],[S:1]=[P:15]([S:2][H:16])([C:13]1([H:37])[C:9]([H:29])([H:30])[C:5]([H:21])([H:22])[C:3]([H:17])([H:18])[C:6]([H:23])([H:24])[C:10]1([H:31])[H:32])[C:14]1([H:38])[C:11]([H:33])([H:34])[C:7]([H:25])([H:26])[C:4]([H:19])([H:20])[C:8]([H:27])([H:28])[C:12]1([H:35])[H:36],38,unassigned_atom_type,0;14,"Atoms 0, 14 could not be assigned a bond charge correction atom type."
spice-pubchem,6526.npz,CCCOP(=O)(/C=C(\C)O[C@H](C)CCl)OCCC,[H]/[C](=[C](\[O][C@]([H])([C]([H])([H])[H])[C]([H])([H])[Cl])[C]([H])([H])[H])[P](=[O])([O][C]([H])([H])[C]([H])([H])[C]([H])([H])[H])[O][C]([H])([H])[C]([H])([H])[C]([H])([H])[H],[O:1]=[P:18]([O:4][C:11]([C:13]([C:9]([H:23])([H:24])[H:25])([H:33])[H:34])([H:29])[H:30])([O:5][C:12]([C:14]([C:10]([H:26])([H:27])[H:28])([H:35])[H:36])([H:31])[H:32])/[C:7](=[C:6](/[O:3][C@:17]([C:15]([H:37])([H:38])[H:39])([C:16]([Cl:2])([H:40])[H:41])[H:42])[C:8]([H:20])([H:21])[H:22])[H:19],42,unassigned_atom_type,0;17,"Atoms 0, 17 could not be assigned a bond charge correction atom type."
spice-pubchem,6529.npz,O1P2OP3OP1OP(O2)O3,[O]1[P]2[O][P]3[O][P]1[O][P]([O]2)[O]3,[O:1]1[P:7]2[O:2][P:9]3[O:3][P:8]1[O:5][P:10]([O:4]2)[O:6]3,10,unassigned_atom_type,0;1;2;3;4;5;6;7;8;9,"Atoms 0, 1, 2, 3, 4, 5, 6, 7, 8, 9 could not be assigned a bond charge correction atom type."
spice-pubchem,660.npz,CNc1nc(Cl)nc2c1ncn2CC(COC(C)=O)COP(=O)(O)O,[H][O][P](=[O])([O][H])[O][C]([H])([H])[C]([H])([C]([H])([H])[O][C](=[O])[C]([H])([H])[H])[C]([H])([H])[N]1[C]([H])=[N][c]2[c]([N]([H])[C]([H])([H])[H])[n][c]([Cl])[n][c]21,[O:1]=[C:11]([O:7][C:21]([C:24]([C:22]([O:10][P:25](=[O:2])([O:8][H:26])[O:9][H:27])([H:38])[H:39])([C:23]([N:18]1[C:12]([H:28])=[N:4][c:16]2[c:14]([N:17]([C:20]([H:33])([H:34])[H:35])[H:29])[n:5][c:13]([Cl:3])[n:6][c:15]21)([H:40])[H:41])[H:42])([H:36])[H:37])[C:19]([H:30])([H:31])[H:32],42,unassigned_atom_type,1;24,"Atoms 1, 24 could not be assigned a bond charge correction atom type."
spice-pubchem,6600.npz,CN(C)P(=O)(NC1CCCCC1)N(CCCl)CCCl,[H][N]([C]1([H])[C]([H])([H])[C]([H])([H])[C]([H])([H])[C]([H])([H])[C]1([H])[H])[P](=[O])([N]([C]([H])([H])[H])[C]([H])([H])[H])[N]([C]([H])([H])[C]([H])([H])[Cl])[C]([H])([H])[C]([H])([H])[Cl],[O:1]=[P:19]([N:4]([C:7]([H:21])([H:22])[H:23])[C:8]([H:24])([H:25])[H:26])([N:5]([C:11]([C:9]([Cl:2])([H:27])[H:28])([H:31])[H:32])[C:12]([C:10]([Cl:3])([H:29])[H:30])([H:33])[H:34])[N:6]([C:18]1([H:45])[C:16]([H:41])([H:42])[C:14]([H:37])([H:38])[C:13]([H:35])([H:36])[C:15]([H:39])([H:40])[C:17]1([H:43])[H:44])[H:20],45,unassigned_atom_type,0;18,"Atoms 0, 18 could not be assigned a bond charge correction atom type."
spice-pubchem,6638.npz,CN(c1ccc(/C=C/c2ccccc2)cc1)P1(=O)NCCCO1,[H]/[C](=[C](/[H])[c]1[c]([H])[c]([H])[c]([N]([C]([H])([H])[H])[P]2(=[O])[O][C]([H])([H])[C]([H])([H])[C]([H])([H])[N]2[H])[c]([H])[c]1[H])[c]1[c]([H])[c]([H])[c]([H])[c]([H])[c]1[H],[O:1]=[P:23]1([N:17]([c:16]2[c:12]([H:33])[c:10]([H:31])[c:15](/[C:4](=[C:3](/[c:14]3[c:8]([H:29])[c:6]([H:27])[c:5]([H:26])[c:7]([H:28])[c:9]3[H:30])[H:24])[H:25])[c:11]([H:32])[c:13]2[H:34])[C:19]([H:36])([H:37])[H:38])[O:2][C:20]([H:39])([H:40])[C:22]([H:43])([H:44])[C:21]([H:41])([H:42])[N:18]1[H:35],44,unassigned_atom_type,0;22,"Atoms 0, 22 could not be assigned a bond charge correction atom type."
spice-pubchem,6646.npz,CCC(C)[P+](c1ccccc1)(c1ccccc1)c1ccccc1,[H][c]1[c]([H])[c]([H])[c]([P+]([c]2[c]([H])[c]([H])[c]([H])[c]([H])[c]2[H])([c]2[c]([H])[c]([H])[c]([H])[c]([H])[c]2[H])[C]([H])([C]([H])([H])[H])[C]([H])([H])[C]([H])([H])[H])[c]([H])[c]1[H],[c:1]1([H:24])[c:4]([H:27])[c:10]([H:33])[c:16]([P+:23]([c:17]2[c:12]([H:35])[c:6]([H:29])[c:2]([H:25])[c:7]([H:30])[c:13]2[H:36])([c:18]2[c:14]([H:37])[c:8]([H:31])[c:3]([H:26])[c:9]([H:32])[c:15]2[H:38])[C:22]([C:20]([H:42])([H:43])[H:44])([C:21]([C:19]([H:39])([H:40])[H:41])([H:45])[H:46])[H:47])[c:11]([H:34])[c:5]1[H:28],47,unassigned_atom_type,22,Atoms 22 could not be assigned a bond charge correction atom type.
spice-pubchem,6705.npz,COc1nc(OC)n(C)c(=O)c1OP(=O)(OC)OC,[H][C]([H])([H])[O][C]1=[N][C]([O][C]([H])([H])[H])=[C]([O][P](=[O])([O][C]([H])([H])[H])[O][C]([H])([H])[H])[C](=[O])[N]1[C]([H])([H])[H],[O:1]=[C:9]1[C:12]([O:6][P:19](=[O:2])([O:7][C:16]([H:26])([H:27])[H:28])[O:8][C:17]([H:29])([H:30])[H:31])=[C:11]([O:5][C:15]([H:23])([H:24])[H:25])[N:3]=[C:10]([O:4][C:14]([H:20])([H:21])[H:22])[N:13]1[C:18]([H:32])([H:33])[H:34],34,unassigned_atom_type,1;18,"Atoms 1, 18 could not be assigned a bond charge correction atom type."
spice-pubchem,6707.npz,NNC(=O)NP(=O)(NC(=O)NN)NC(=O)NN,[H][N]([H])[N]([H])[C](=[O])[N]([H])[P](=[O])([N]([H])[C](=[O])[N]([H])[N]([H])[H])[N]([H])[C](=[O])[N]([H])[N]([H])[H],[O:1]=[C:5]([N:11]([N:8]([H:18])[H:19])[H:24])[N:14]([P:17](=[O:4])([N:15]([C:6](=[O:2])[N:12]([N:9]([H:20])[H:21])[H:25])[H:28])[N:16]([C:7](=[O:3])[N:13]([N:10]([H:22])[H:23])[H:26])[H:29])[H:27],29,unassigned_atom_type,3;16,"Atoms 3, 16 could not be assigned a bond charge correction atom type."
spice-pubchem,6726.npz,O/C(=C\[P+](c1ccccc1)(c1ccccc1)c1ccccc1)c1ccccc1,[H][O]/[C](=[C](/[H])[P+]([c]1[c]([H])[c]([H])[c]([H])[c]([H])[c]1[H])([c]1[c]([H])[c]([H])[c]([H])[c]([H])[c]1[H])[c]1[c]([H])[c]([H])[c]([H])[c]([H])[c]1[H])[c]1[c]([H])[c]([H])[c]([H])[c]([H])[c]1[H],[O:1](/[C:2](=[C:3](\[P+:28]([c:25]1[c:18]([H:45])[c:10]([H:37])[c:5]([H:32])[c:11]([H:38])[c:19]1[H:46])([c:26]1[c:20]([H:47])[c:12]([H:39])[c:6]([H:33])[c:13]([H:40])[c:21]1[H:48])[c:27]1[c:22]([H:49])[c:14]([H:41])[c:7]([H:34])[c:15]([H:42])[c:23]1[H:50])[H:30])[c:24]1[c:16]([H:43])[c:8]([H:35])[c:4]([H:31])[c:9]([H:36])[c:17]1[H:44])[H:29],50,unassigned_atom_type,27,Atoms 27 could not be assigned a bond charge correction atom type.
spice-pubchem,6752.npz,O=P(c1ccccc1)(c1ccccc1)N1N=NN/C1=C\c1ccc(Cl)cc1,[H]/[C](=[C]1/[N]([H])[N]=[N][N]1[P](=[O])([c]1[c]([H])[c]([H])[c]([H])[c]([H])[c]1[H])[c]1[c]([H])[c]([H])[c]([H])[c]([H])[c]1[H])[c]1[c]([H])[c]([H])[c]([Cl])[c]([H])[c]1[H],[O:1]=[P:27]([c:23]1[c:17]([H:39])[c:9]([H:31])[c:7]([H:29])[c:10]([H:32])[c:18]1[H:40])([c:24]1[c:19]([H:41])[c:11]([H:33])[c:8]([H:30])[c:12]([H:34])[c:20]1[H:42])[N:26]1[N:4]=[N:3][N:25]([H:43])/[C:6]1=[C:5](\[c:22]1[c:15]([H:37])[c:13]([H:35])[c:21]([Cl:2])[c:14]([H:36])[c:16]1[H:38])[H:28],43,unassigned_atom_type,0;26,"Atoms 0, 26 could not be assigned a bond charge correction atom type."
spice-pubchem,6757.npz,C[N+]12CN3CN(CP(C3)C1)C2,[H][C]1([H])[N]2[C]([H])([H])[P]3[C]([H])([H])[N]1[C]([H])([H])[N+]([C]([H])([H])[H])([C]2([H])[H])[C]3([H])[H],[N:1]12[C:4]([H:12])([H:13])[N:2]3[C:6]([H:16])([H:17])[P:3]([C:5]1([H:14])[H:15])[C:10]([H:25])([H:26])[N+:11]([C:7]([H:18])([H:19])[H:20])([C:8]2([H:21])[H:22])[C:9]3([H:23])[H:24],26,unassigned_atom_type,2,Atoms 2 could not be assigned a bond charge correction atom type.
spice-pubchem,6794.npz,C/C=C/C[P+](Cc1ccccc1)(c1ccccc1)c1ccccc1,[H]/[C](=[C](/[H])[C]([H])([H])[P+]([c]1[c]([H])[c]([H])[c]([H])[c]([H])[c]1[H])([c]1[c]([H])[c]([H])[c]([H])[c]([H])[c]1[H])[C]([H])([H])[c]1[c]([H])[c]([H])[c]([H])[c]([H])[c]1[H])[C]([H])([H])[H],[C:1](=[C:2](/[C:22]([P+:24]([c:19]1[c:14]([H:38])[c:8]([H:32])[c:4]([H:28])[c:9]([H:33])[c:15]1[H:39])([c:20]1[c:16]([H:40])[c:10]([H:34])[c:5]([H:29])[c:11]([H:35])[c:17]1[H:41])[C:23]([c:18]1[c:12]([H:36])[c:6]([H:30])[c:3]([H:27])[c:7]([H:31])[c:13]1[H:37])([H:47])[H:48])([H:45])[H:46])[H:26])(\[C:21]([H:42])([H:43])[H:44])[H:25],48,unassigned_atom_type,23,Atoms 23 could not be assigned a bond charge correction atom type.
spice-pubchem,6798.npz,COP1(=O)OC(C)=C(C)c2cccn21,[H][C]1=[C]([H])[N]2[C](=[C]1[H])[C]([C]([H])([H])[H])=[C]([C]([H])([H])[H])[O][P]2(=[O])[O][C]([H])([H])[H],[O:1]=[P:14]1([O:3][C:11]([H:18])([H:19])[H:20])[O:2][C:8]([C:12]([H:21])([H:22])[H:23])=[C:9]([C:13]([H:24])([H:25])[H:26])[C:7]2=[C:5]([H:16])[C:4]([H:15])=[C:6]([H:17])[N:10]21,26,unassigned_atom_type,0;13,"Atoms 0, 13 could not be assigned a bond charge correction atom type."
spice-pubchem,6806.npz,O=P1(CCc2ccc(Cl)cc2)CC(Br)C(Br)C1,[H][c]1[c]([H])[c]([C]([H])([H])[C]([H])([H])[P]2(=[O])[C]([H])([H])[C]([H])([Br])[C]([H])([Br])[C]2([H])[H])[c]([H])[c]([H])[c]1[Cl],[O:1]=[P:17]1([C:14]([C:11]([c:10]2[c:7]([H:20])[c:5]([H:18])[c:9]([Cl:2])[c:6]([H:19])[c:8]2[H:21])([H:22])[H:23])([H:26])[H:27])[C:15]([H:28])([H:29])[C:12]([Br:3])([H:24])[C:13]([Br:4])([H:25])[C:16]1([H:30])[H:31],31,unassigned_atom_type,0;16,"Atoms 0, 16 could not be assigned a bond charge correction atom type."
spice-pubchem,6812.npz,COc1c(OP2(=S)OCC(C)(C)CO2)cnn(C2CCCCC2)c1=O,[H][C]1=[N][N]([C]2([H])[C]([H])([H])[C]([H])([H])[C]([H])([H])[C]([H])([H])[C]2([H])[H])[C](=[O])[C]([O][C]([H])([H])[H])=[C]1[O][P]1(=[S])[O][C]([H])([H])[C]([C]([H])([H])[H])([C]([H])([H])[H])[C]([H])([H])[O]1,[O:1]=[C:8]1[C:10]([O:4][C:13]([H:27])([H:28])[H:29])=[C:11]([O:5][P:25]2(=[S:2])[O:6][C:16]([H:36])([H:37])[C:24]([C:14]([H:30])([H:31])[H:32])([C:15]([H:33])([H:34])[H:35])[C:17]([H:38])([H:39])[O:7]2)[C:9]([H:26])=[N:3][N:12]1[C:23]1([H:50])[C:21]([H:46])([H:47])[C:19]([H:42])([H:43])[C:18]([H:40])([H:41])[C:20]([H:44])([H:45])[C:22]1([H:48])[H:49],50,unassigned_atom_type,1;24,"Atoms 1, 24 could not be assigned a bond charge correction atom type."
spice-pubchem,6816.npz,O=P(OC1=CCCCC1)(c1ccccc1)c1ccccc1,[H][C]1=[C]([O][P](=[O])([c]2[c]([H])[c]([H])[c]([H])[c]([H])[c]2[H])[c]2[c]([H])[c]([H])[c]([H])[c]([H])[c]2[H])[C]([H])([H])[C]([H])([H])[C]([H])([H])[C]1([H])[H],[O:1]=[P:21]([O:2][C:4]1=[C:3]([H:22])[C:17]([H:33])([H:34])[C:19]([H:37])([H:38])[C:20]([H:39])([H:40])[C:18]1([H:35])[H:36])([c:15]1[c:11]([H:29])[c:7]([H:25])[c:5]([H:23])[c:8]([H:26])[c:12]1[H:30])[c:16]1[c:13]([H:31])[c:9]([H:27])[c:6]([H:24])[c:10]([H:28])[c:14]1[H:32],40,unassigned_atom_type,0;20,"Atoms 0, 20 could not be assigned a bond charge correction atom type."
spice-pubchem,6822.npz,CC1(O)c2ccccc2[P+](C)(c2ccccc2)c2ccccc21,[H][O][C]1([C]([H])([H])[H])[c]2[c]([H])[c]([H])[c]([H])[c]([H])[c]2[P+]([c]2[c]([H])[c]([H])[c]([H])[c]([H])[c]2[H])([C]([H])([H])[H])[c]2[c]([H])[c]([H])[c]([H])[c]([H])[c]21,[O:1]([C:21]1([C:20]([H:38])([H:39])[H:40])[c:15]2[c:9]([H:32])[c:3]([H:26])[c:7]([H:30])[c:13]([H:36])[c:18]2[P+:23]([c:17]2[c:11]([H:34])[c:5]([H:28])[c:2]([H:25])[c:6]([H:29])[c:12]2[H:35])([C:22]([H:41])([H:42])[H:43])[c:19]2[c:14]([H:37])[c:8]([H:31])[c:4]([H:27])[c:10]([H:33])[c:16]21)[H:24],43,unassigned_atom_type,22,Atoms 22 could not be assigned a bond charge correction atom type.
spice-pubchem,683.npz,CCCP(=O)(O)CC(CCC(=O)O)C(=O)O,[H][O][C](=[O])[C]([H])([H])[C]([H])([H])[C]([H])([C](=[O])[O][H])[C]([H])([H])[P](=[O])([O][H])[C]([H])([H])[C]([H])([H])[C]([H])([H])[H],[O:1]=[C:7]([O:4][H:17])[C:10]([C:11]([C:13]([C:8](=[O:2])[O:5][H:18])([C:15]([P:16](=[O:3])([O:6][H:19])[C:14]([C:12]([C:9]([H:20])([H:21])[H:22])([H:27])[H:28])([H:30])[H:31])([H:32])[H:33])[H:29])([H:25])[H:26])([H:23])[H:24],33,unassigned_atom_type,2;15,"Atoms 2, 15 could not be assigned a bond charge correction atom type."
spice-pubchem,6834.npz,CC(C)(C)C1=CP(=O)(c2ccccc2)C=C(C(C)(C)C)N1,[H][C]1=[C]([C]([C]([H])([H])[H])([C]([H])([H])[H])[C]([H])([H])[H])[N]([H])[C]([C]([C]([H])([H])[H])([C]([H])([H])[H])[C]([H])([H])[H])=[C]([H])[P]1(=[O])[c]1[c]([H])[c]([H])[c]([H])[c]([H])[c]1[H],[O:1]=[P:21]1([c:11]2[c:9]([H:27])[c:7]([H:25])[c:6]([H:24])[c:8]([H:26])[c:10]2[H:28])[C:4]([H:22])=[C:2]([C:19]([C:13]([H:30])([H:31])[H:32])([C:14]([H:33])([H:34])[H:35])[C:15]([H:36])([H:37])[H:38])[N:12]([H:29])[C:3]([C:20]([C:16]([H:39])([H:40])[H:41])([C:17]([H:42])([H:43])[H:44])[C:18]([H:45])([H:46])[H:47])=[C:5]1[H:23],47,unassigned_atom_type,0;20,"Atoms 0, 20 could not be assigned a bond charge correction atom type."
spice-pubchem,6874.npz,NCP1(=O)CNC(=O)NC1,[H][N]([H])[C]([H])([H])[P]1(=[O])[C]([H])([H])[N]([H])[C](=[O])[N]([H])[C]1([H])[H],[O:1]=[C:3]1[N:5]([H:13])[C:8]([H:17])([H:18])[P:10](=[O:2])([C:7]([N:4]([H:11])[H:12])([H:15])[H:16])[C:9]([H:19])([H:20])[N:6]1[H:14],20,unassigned_atom_type,1;9,"Atoms 1, 9 could not be assigned a bond charge correction atom type."
spice-pubchem,6885.npz,O=c1oc2ccccc2n1P(=O)(N1CCOCC1)N1CCOCC1,[H][c]1[c]([H])[c]([H])[c]2[c]([c]1[H])[O][C](=[O])[N]2[P](=[O])([N]1[C]([H])([H])[C]([H])([H])[O][C]([H])([H])[C]1([H])[H])[N]1[C]([H])([H])[C]([H])([H])[O][C]([H])([H])[C]1([H])[H],[O:1]=[C:6]1[O:3][c:11]2[c:9]([H:27])[c:7]([H:25])[c:8]([H:26])[c:10]([H:28])[c:12]2[N:13]1[P:24](=[O:2])([N:14]1[C:20]([H:37])([H:38])[C:16]([H:29])([H:30])[O:4][C:17]([H:31])([H:32])[C:21]1([H:39])[H:40])[N:15]1[C:22]([H:41])([H:42])[C:18]([H:33])([H:34])[O:5][C:19]([H:35])([H:36])[C:23]1([H:43])[H:44],44,unassigned_atom_type,1;23,"Atoms 1, 23 could not be assigned a bond charge correction atom type."
spice-pubchem,6901.npz,C[P+]1(C)CCc2c1ccc1ccccc21,[H][c]1[c]([H])[c]([H])[c]2[c]3[c]([c]([H])[c]([H])[c]2[c]1[H])[P+]([C]([H])([H])[H])([C]([H])([H])[H])[C]([H])([H])[C]3([H])[H],[c:1]1([H:16])[c:3]([H:18])[c:7]([H:21])[c:10]2[c:8]3[c:4]([c:2]([H:17])[c:6]([H:20])[c:9]2[c:5]1[H:19])[P+:15]([C:12]([H:24])([H:25])[H:26])([C:13]([H:27])([H:28])[H:29])[C:14]([H:30])([H:31])[C:11]3([H:22])[H:23],31,unassigned_atom_type,14,Atoms 14 could not be assigned a bond charge correction atom type.
spice-pubchem,6909.npz,COC(=O)C(C)(C)C(OP(=S)(N(C)C)N(C)C)=C(C)C,[H][C]([H])([H])[O][C](=[O])[C]([C]([O][P](=[S])([N]([C]([H])([H])[H])[C]([H])([H])[H])[N]([C]([H])([H])[H])[C]([H])([H])[H])=[C]([C]([H])([H])[H])[C]([H])([H])[H])([C]([H])([H])[H])[C]([H])([H])[H],[O:1]=[C:5]([O:3][C:10]([H:21])([H:22])[H:23])[C:19]([C:7]([O:4][P:20](=[S:2])([N:8]([C:13]([H:30])([H:31])[H:32])[C:14]([H:33])([H:34])[H:35])[N:9]([C:15]([H:36])([H:37])[H:38])[C:16]([H:39])([H:40])[H:41])=[C:6]([C:11]([H:24])([H:25])[H:26])[C:12]([H:27])([H:28])[H:29])([C:17]([H:42])([H:43])[H:44])[C:18]([H:45])([H:46])[H:47],47,unassigned_atom_type,1;19,"Atoms 1, 19 could not be assigned a bond charge correction atom type."
spice-pubchem,6923.npz,COC1=C(C(=O)O)P(C)(=O)CC1,[H][O][C](=[O])[C]1=[C]([O][C]([H])([H])[H])[C]([H])([H])[C]([H])([H])[P]1(=[O])[C]([H])([H])[H],[O:1]=[C:5]([O:3][H:13])[C:7]1=[C:6]([O:4][C:8]([H:14])([H:15])[H:16])[C:9]([H:17])([H:18])[C:11]([H:22])([H:23])[P:12]1(=[O:2])[C:10]([H:19])([H:20])[H:21],23,unassigned_atom_type,1;11,"Atoms 1, 11 could not be assigned a bond charge correction atom type."
spice-pubchem,6952.npz,CCOP(=O)(Oc1ccc(C(C)=O)cc1)C(=O)OC,[H][c]1[c]([H])[c]([C](=[O])[C]([H])([H])[H])[c]([H])[c]([H])[c]1[O][P](=[O])([O][C]([H])([H])[C]([H])([H])[H])[C](=[O])[O][C]([H])([H])[H],[O:1]=[C:7]([c:14]1[c:11]([H:22])[c:9]([H:20])[c:13]([O:5][P:19](=[O:3])([O:6][C:18]([C:17]([H:30])([H:31])[H:32])([H:33])[H:34])[C:8](=[O:2])[O:4][C:15]([H:24])([H:25])[H:26])[c:10]([H:21])[c:12]1[H:23])[C:16]([H:27])([H:28])[H:29],34,unassigned_atom_type,2;18,"Atoms 2, 18 could not be assigned a bond charge correction atom type."
spice-pubchem,6960.npz,COc1ccc2c(c1)CCC1=C2C=C[P+]1(C)C,[H][C]1=[C]([H])[P+]([C]([H])([H])[H])([C]([H])([H])[H])[C]2=[C]1[c]1[c]([H])[c]([H])[c]([O][C]([H])([H])[H])[c]([H])[c]1[C]([H])([H])[C]2([H])[H],[O:1]([c:9]1[c:6]([H:20])[c:7]([H:21])[c:10]2[c:11]([c:8]1[H:22])[C:14]([H:28])([H:29])[C:13]([H:26])([H:27])[C:5]1=[C:3]2[C:2]([H:18])=[C:4]([H:19])[P+:17]1([C:15]([H:30])([H:31])[H:32])[C:16]([H:33])([H:34])[H:35])[C:12]([H:23])([H:24])[H:25],35,unassigned_atom_type,16,Atoms 16 could not be assigned a bond charge correction atom type.
spice-pubchem,6978.npz,CC(=O)N1N=C(C)C2ON=C(c3ccc(Cl)cc3)P21,[H][c]1[c]([H])[c]([C]2=[N][O][C]3([H])[C]([C]([H])([H])[H])=[N][N]([C](=[O])[C]([H])([H])[H])[P]23)[c]([H])[c]([H])[c]1[Cl],[O:1]=[C:6]([N:15]1[N:4]=[C:8]([C:18]([H:27])([H:28])[H:29])[C:19]2([H:30])[O:5][N:3]=[C:7]([c:14]3[c:11]([H:22])[c:9]([H:20])[c:13]([Cl:2])[c:10]([H:21])[c:12]3[H:23])[P:16]12)[C:17]([H:24])([H:25])[H:26],30,unassigned_atom_type,15,Atoms 15 could not be assigned a bond charge correction atom type.
spice-pubchem,6998.npz,CCCCCCOP(=O)([O-])OCC[NH2+]C,[H][C]([H])([H])[C]([H])([H])[C]([H])([H])[C]([H])([H])[C]([H])([H])[C]([H])([H])[O][P](=[O])([O-])[O][C]([H])([H])[C]([H])([H])[N+]([H])([H])[C]([H])([H])[H],[O:1]=[P:15]([O-:2])([O:3][C:6]([C:9]([C:11]([C:10]([C:8]([C:5]([H:16])([H:17])[H:18])([H:23])[H:24])([H:27])[H:28])([H:29])[H:30])([H:25])[H:26])([H:19])[H:20])[O:4][C:7]([C:13]([N+:14]([C:12]([H:31])([H:32])[H:33])([H:36])[H:37])([H:34])[H:35])([H:21])[H:22],37,unassigned_atom_type,0;1;14,"Atoms 0, 1, 14 could not be assigned a bond charge correction atom type."
spice-pubchem,7005.npz,CC1=CC(O)(c2ccccn2)P(=O)(c2ccccc2)C=C1C,[H][O][C]1([c]2[n][c]([H])[c]([H])[c]([H])[c]2[H])[C]([H])=[C]([C]([H])([H])[H])[C]([C]([H])([H])[H])=[C]([H])[P]1(=[O])[c]1[c]([H])[c]([H])[c]([H])[c]([H])[c]1[H],[O:1]=[P:22]1([c:18]2[c:16]([H:33])[c:14]([H:31])[c:13]([H:30])[c:15]([H:32])[c:17]2[H:34])[C:7]([H:25])=[C:5]([C:20]([H:38])([H:39])[H:40])[C:4]([C:19]([H:35])([H:36])[H:37])=[C:6]([H:24])[C:21]1([O:3][H:23])[c:9]1[n:2][c:8]([H:26])[c:10]([H:27])[c:12]([H:29])[c:11]1[H:28],40,unassigned_atom_type,0;21,"Atoms 0, 21 could not be assigned a bond charge correction atom type."
spice-pubchem,7012.npz,COc1ccc(P2(=S)OCCOP(=S)(c3ccc(OC)cc3)S2)cc1,[H][c]1[c]([H])[c]([P]2(=[S])[O][C]([H])([H])[C]([H])([H])[O][P](=[S])([c]3[c]([H])[c]([H])[c]([O][C]([H])([H])[H])[c]([H])[c]3[H])[S]2)[c]([H])[c]([H])[c]1[O][C]([H])([H])[H],[S:1]=[P:24]1([c:18]2[c:12]([H:30])[c:8]([H:26])[c:16]([O:3][C:20]([H:34])([H:35])[H:36])[c:9]([H:27])[c:13]2[H:31])[O:5][C:22]([H:40])([H:41])[C:23]([H:42])([H:43])[O:6][P:25](=[S:2])([c:19]2[c:14]([H:32])[c:10]([H:28])[c:17]([O:4][C:21]([H:37])([H:38])[H:39])[c:11]([H:29])[c:15]2[H:33])[S:7]1,43,unassigned_atom_type,0;1;6;23;24,"Atoms 0, 1, 6, 23, 24 could not be assigned a bond charge correction atom type."
spice-pubchem,7054.npz,COc1cccc2c1OP(=O)(OC[C@@H]1C=C[C@H](n3cc(C)c(=O)[nH]c3=O)O1)OC2,[H][C]1=[C]([C]([H])([H])[H])[C](=[O])[N]([H])[C](=[O])[N]1[C@]1([H])[O][C@]([H])([C]([H])([H])[O][P]2(=[O])[O][c]3[c]([O][C]([H])([H])[H])[c]([H])[c]([H])[c]([H])[c]3[C]([H])([H])[O]2)[C]([H])=[C]1[H],[O:1]=[C:9]1[C:12]([C:24]([H:40])([H:41])[H:42])=[C:11]([H:30])[N:22]([C@:28]2([H:48])[O:5][C@@:27]([C:26]([O:8][P:29]3(=[O:3])[O:6][c:19]4[c:18]([O:4][C:23]([H:37])([H:38])[H:39])[c:16]([H:34])[c:15]([H:33])[c:17]([H:35])[c:20]4[C:25]([H:43])([H:44])[O:7]3)([H:45])[H:46])([H:47])[C:13]([H:31])=[C:14]2[H:32])[C:10](=[O:2])[N:21]1[H:36],48,unassigned_atom_type,2;28,"Atoms 2, 28 could not be assigned a bond charge correction atom type."
spice-pubchem,7086.npz,O=C(O)C1=NN(c2ccc(S(=O)(=O)O)cc2)C(=O)C1/N=N/c1cccc(P(=O)(O)O)c1,[H][O][C](=[O])[C]1=[N][N]([c]2[c]([H])[c]([H])[c]([S](=[O])(=[O])[O][H])[c]([H])[c]2[H])[C](=[O])[C]1([H])/[N]=[N]/[c]1[c]([H])[c]([H])[c]([H])[c]([P](=[O])([O][H])[O][H])[c]1[H],[O:1]=[C:13]([O:9][H:32])[C:15]1=[N:6][N:28]([c:25]2[c:18]([H:38])[c:22]([H:42])[c:27]([S:31](=[O:4])(=[O:5])[O:12][H:35])[c:23]([H:43])[c:19]2[H:39])[C:14](=[O:2])[C:29]1(/[N:8]=[N:7]/[c:24]1[c:17]([H:37])[c:16]([H:36])[c:20]([H:40])[c:26]([P:30](=[O:3])([O:10][H:33])[O:11][H:34])[c:21]1[H:41])[H:44],44,unassigned_atom_type,2;29,"Atoms 2, 29 could not be assigned a bond charge correction atom type."
spice-pubchem,7138.npz,O=[PH]1OC(O)O1,[H][O][C]1([H])[O][P]([H])(=[O])[O]1,[O:1]=[P:6]1([H:9])[O:3][C:5]([O:2][H:7])([H:8])[O:4]1,9,unassigned_atom_type,0;5;8,"Atoms 0, 5, 8 could not be assigned a bond charge correction atom type."
spice-pubchem,7146.npz,COP(=S)(OC)Oc1ccc2c(c1)C(=O)N(Cc1ccccc1)C2=O,[H][c]1[c]([H])[c]([H])[c]([C]([H])([H])[N]2[C](=[O])[c]3[c]([H])[c]([H])[c]([O][P](=[S])([O][C]([H])([H])[H])[O][C]([H])([H])[H])[c]([H])[c]3[C]2=[O])[c]([H])[c]1[H],[O:1]=[C:7]1[c:18]2[c:13]([H:30])[c:12]([H:29])[c:17]([O:4][P:25](=[S:3])([O:5][C:22]([H:34])([H:35])[H:36])[O:6][C:23]([H:37])([H:38])[H:39])[c:14]([H:31])[c:19]2[C:8](=[O:2])[N:21]1[C:24]([c:20]1[c:15]([H:32])[c:10]([H:27])[c:9]([H:26])[c:11]([H:28])[c:16]1[H:33])([H:40])[H:41],41,unassigned_atom_type,2;24,"Atoms 2, 24 could not be assigned a bond charge correction atom type."
spice-pubchem,7148.npz,NCCCOP(O)(=S)OCCN,[H][O][P](=[S])([O][C]([H])([H])[C]([H])([H])[N]([H])[H])[O][C]([H])([H])[C]([H])([H])[C]([H])([H])[N]([H])[H],[S:1]=[P:12]([O:2][H:13])([O:3][C:7]([C:9]([N:5]([H:14])[H:15])([H:22])[H:23])([H:18])[H:19])[O:4][C:8]([C:11]([C:10]([N:6]([H:16])[H:17])([H:24])[H:25])([H:26])[H:27])([H:20])[H:21],27,unassigned_atom_type,0;11,"Atoms 0, 11 could not be assigned a bond charge correction atom type."
spice-pubchem,7163.npz,OP(=S)(OCc1ccccc1)SCc1ccccc1,[H][O][P](=[S])([O][C]([H])([H])[c]1[c]([H])[c]([H])[c]([H])[c]([H])[c]1[H])[S][C]([H])([H])[c]1[c]([H])[c]([H])[c]([H])[c]([H])[c]1[H],[S:1]=[P:19]([O:2][H:20])([O:3][C:17]([c:15]1[c:11]([H:27])[c:7]([H:23])[c:5]([H:21])[c:8]([H:24])[c:12]1[H:28])([H:31])[H:32])[S:4][C:18]([c:16]1[c:13]([H:29])[c:9]([H:25])[c:6]([H:22])[c:10]([H:26])[c:14]1[H:30])([H:33])[H:34],34,unassigned_atom_type,0;18,"Atoms 0, 18 could not be assigned a bond charge correction atom type."
spice-pubchem,7166.npz,OP(O)Oc1ccc(Cl)cc1Cl,[H][O][P]([O][H])[O][c]1[c]([H])[c]([H])[c]([Cl])[c]([H])[c]1[Cl],[Cl:1][c:9]1[c:6]([H:15])[c:8]([H:17])[c:11]([O:5][P:12]([O:3][H:13])[O:4][H:14])[c:10]([Cl:2])[c:7]1[H:16],17,unassigned_atom_type,11,Atoms 11 could not be assigned a bond charge correction atom type.
spice-pubchem,718.npz,N#CC1=CCc2cccc(O)c2N1OP(=O)(O)O,[H][O][c]1[c]([H])[c]([H])[c]([H])[c]2[c]1[N]([O][P](=[O])([O][H])[O][H])[C]([C]#[N])=[C]([H])[C]2([H])[H],[N:1]#[C:3][C:8]1=[C:9]([H:22])[C:17]([H:26])([H:27])[c:15]2[c:12]([H:25])[c:10]([H:23])[c:11]([H:24])[c:13]([O:4][H:19])[c:14]2[N:16]1[O:7][P:18](=[O:2])([O:5][H:20])[O:6][H:21],27,unassigned_atom_type,1;17,"Atoms 1, 17 could not be assigned a bond charge correction atom type."
spice-pubchem,7246.npz,CCCP(N1CC1)N1CC1,[H][C]([H])([H])[C]([H])([H])[C]([H])([H])[P]([N]1[C]([H])([H])[C]1([H])[H])[N]1[C]([H])([H])[C]1([H])[H],[N:1]1([P:3]([N:2]2[C:7]([H:18])([H:19])[C:8]2([H:20])[H:21])[C:9]([C:10]([C:4]([H:11])([H:12])[H:13])([H:24])[H:25])([H:22])[H:23])[C:5]([H:14])([H:15])[C:6]1([H:16])[H:17],25,unassigned_atom_type,2,Atoms 2 could not be assigned a bond charge correction atom type.
spice-pubchem,7252.npz,CCOP(=O)(OCC)Oc1noc(C)c1Cl,[H][C]([H])([H])[C]1=[C]([Cl])[C]([O][P](=[O])([O][C]([H])([H])[C]([H])([H])[H])[O][C]([H])([H])[C]([H])([H])[H])=[N][O]1,[O:1]=[P:16]([O:5][C:8]1=[N:3][O:4][C:10]([C:11]([H:17])([H:18])[H:19])=[C:9]1[Cl:2])([O:6][C:14]([C:12]([H:20])([H:21])[H:22])([H:26])[H:27])[O:7][C:15]([C:13]([H:23])([H:24])[H:25])([H:28])[H:29],29,unassigned_atom_type,0;15,"Atoms 0, 15 could not be assigned a bond charge correction atom type."
spice-pubchem,7258.npz,CC1SCCN1P(=O)(N1CC1)N1CC1,[H][C]([H])([H])[C]1([H])[S][C]([H])([H])[C]([H])([H])[N]1[P](=[O])([N]1[C]([H])([H])[C]1([H])[H])[N]1[C]([H])([H])[C]1([H])[H],[O:1]=[P:14]([N:3]1[C:9]([H:22])([H:23])[C:10]1([H:24])[H:25])([N:4]1[C:11]([H:26])([H:27])[C:12]1([H:28])[H:29])[N:5]1[C:8]([H:20])([H:21])[C:7]([H:18])([H:19])[S:2][C:13]1([C:6]([H:15])([H:16])[H:17])[H:30],30,unassigned_atom_type,0;13,"Atoms 0, 13 could not be assigned a bond charge correction atom type."
spice-pubchem,7259.npz,C/C=C/COP(C)(=O)F,[H]/[C](=[C](/[H])[C]([H])([H])[O][P](=[O])([F])[C]([H])([H])[H])[C]([H])([H])[H],[O:1]=[P:9]([F:2])([O:3][C:7](/[C:5](=[C:4](/[C:6]([H:12])([H:13])[H:14])[H:10])[H:11])([H:15])[H:16])[C:8]([H:17])([H:18])[H:19],19,unassigned_atom_type,0;1;8,"Atoms 0, 1, 8 could not be assigned a bond charge correction atom type."
spice-pubchem,7268.npz,CS/C(C)=N\OC(=O)N(C)SN(C(C)C)P1(=S)OCCCO1,[H][C]([H])([H])[S]/[C](=[N]\[O][C](=[O])[N]([S][N]([C]([H])([C]([H])([H])[H])[C]([H])([H])[H])[P]1(=[S])[O][C]([H])([H])[C]([H])([H])[C]([H])([H])[O]1)[C]([H])([H])[H])[C]([H])([H])[H],[O:1]=[C:9]([O:4]/[N:3]=[C:10](\[S:8][C:13]([H:23])([H:24])[H:25])[C:14]([H:26])([H:27])[H:28])[N:11]([S:7][N:12]([C:21]([C:16]([H:32])([H:33])[H:34])([C:17]([H:35])([H:36])[H:37])[H:44])[P:22]1(=[S:2])[O:5][C:18]([H:38])([H:39])[C:20]([H:42])([H:43])[C:19]([H:40])([H:41])[O:6]1)[C:15]([H:29])([H:30])[H:31],44,unassigned_atom_type,1;21,"Atoms 1, 21 could not be assigned a bond charge correction atom type."
spice-pubchem,7295.npz,O=P1(c2ccccc2)OCC2=C(c3ccccc3)CC2=C1c1ccccc1,[H][c]1[c]([H])[c]([H])[c]([C]2=[C]3[C](=[C]([c]4[c]([H])[c]([H])[c]([H])[c]([H])[c]4[H])[P](=[O])([c]4[c]([H])[c]([H])[c]([H])[c]([H])[c]4[H])[O][C]3([H])[H])[C]2([H])[H])[c]([H])[c]1[H],[O:1]=[P:27]1([c:24]2[c:20]([H:41])[c:14]([H:35])[c:9]([H:30])[c:15]([H:36])[c:21]2[H:42])[O:2][C:25]([H:43])([H:44])[C:3]2=[C:5]([c:22]3[c:16]([H:37])[c:10]([H:31])[c:7]([H:28])[c:11]([H:32])[c:17]3[H:38])[C:26]([H:45])([H:46])[C:4]2=[C:6]1[c:23]1[c:18]([H:39])[c:12]([H:33])[c:8]([H:29])[c:13]([H:34])[c:19]1[H:40],46,unassigned_atom_type,0;26,"Atoms 0, 26 could not be assigned a bond charge correction atom type."
spice-pubchem,7309.npz,O=P(Cl)(c1cccs1)c1cccs1,[H][C]1=[C]([H])[C]([H])=[C]([P](=[O])([Cl])[C]2=[C]([H])[C]([H])=[C]([H])[S]2)[S]1,[O:1]=[P:13]([Cl:2])([C:11]1=[C:9]([H:18])[C:7]([H:16])=[C:5]([H:14])[S:3]1)[C:12]1=[C:10]([H:19])[C:8]([H:17])=[C:6]([H:15])[S:4]1,19,unassigned_atom_type,0;1;12,"Atoms 0, 1, 12 could not be assigned a bond charge correction atom type."
spice-pubchem,7313.npz,Cc1c2cn(C)ccc-2c(C)[c+]2[nH]c3ccc(N)cc3c12,[H][C]1=[C]([H])[N]([C]([H])([H])[H])[C]([H])=[C]2[C]1=[C]([C]([H])([H])[H])[C+]1[C](=[C]2[C]([H])([H])[H])[c]2[c]([H])[c]([N]([H])[H])[c]([H])[c]([H])[c]2[N]1[H],[C:1]1([H:22])=[C:5]([H:23])[N:18]([C:21]([H:37])([H:38])[H:39])[C:6]([H:24])=[C:2]2[C:3]1=[C:8]([C:20]([H:34])([H:35])[H:36])[C+:15]1[C:4](=[C:7]2[C:19]([H:31])([H:32])[H:33])[c:12]2[c:10]([H:26])[c:13]([N:16]([H:28])[H:29])[c:9]([H:25])[c:11]([H:27])[c:14]2[N:17]1[H:30],39,unassigned_atom_type,14,Atoms 14 could not be assigned a bond charge correction atom type.
spice-pubchem,7329.npz,c1ccc(SP(Sc2ccccc2)Sc2ccccc2)cc1,[H][c]1[c]([H])[c]([H])[c]([S][P]([S][c]2[c]([H])[c]([H])[c]([H])[c]([H])[c]2[H])[S][c]2[c]([H])[c]([H])[c]([H])[c]([H])[c]2[H])[c]([H])[c]1[H],[S:1]([c:19]1[c:13]([H:32])[c:7]([H:26])[c:4]([H:23])[c:8]([H:27])[c:14]1[H:33])[P:22]([S:2][c:20]1[c:15]([H:34])[c:9]([H:28])[c:5]([H:24])[c:10]([H:29])[c:16]1[H:35])[S:3][c:21]1[c:17]([H:36])[c:11]([H:30])[c:6]([H:25])[c:12]([H:31])[c:18]1[H:37],37,unassigned_atom_type,21,Atoms 21 could not be assigned a bond charge correction atom type.
spice-pubchem,7345.npz,CCP(=O)(O/N=C(/C)c1ccccn1)OC(C)C,[H][c]1[n][c](/[C](=[N]\[O][P](=[O])([O][C]([H])([C]([H])([H])[H])[C]([H])([H])[H])[C]([H])([H])[C]([H])([H])[H])[C]([H])([H])[H])[c]([H])[c]([H])[c]1[H],[O:1]=[P:18]([O:4]/[N:2]=[C:6](\[c:8]1[n:3][c:7]([H:19])[c:9]([H:20])[c:11]([H:22])[c:10]1[H:21])[C:12]([H:23])([H:24])[H:25])([O:5][C:16]([C:13]([H:26])([H:27])[H:28])([C:14]([H:29])([H:30])[H:31])[H:35])[C:17]([C:15]([H:32])([H:33])[H:34])([H:36])[H:37],37,unassigned_atom_type,0;17,"Atoms 0, 17 could not be assigned a bond charge correction atom type."
spice-pubchem,7382.npz,CSP(=O)(c1ccccc1)c1ccccc1,[H][c]1[c]([H])[c]([H])[c]([P](=[O])([S][C]([H])([H])[H])[c]2[c]([H])[c]([H])[c]([H])[c]([H])[c]2[H])[c]([H])[c]1[H],[O:1]=[P:16]([S:2][C:15]([H:27])([H:28])[H:29])([c:13]1[c:9]([H:23])[c:5]([H:19])[c:3]([H:17])[c:6]([H:20])[c:10]1[H:24])[c:14]1[c:11]([H:25])[c:7]([H:21])[c:4]([H:18])[c:8]([H:22])[c:12]1[H:26],29,unassigned_atom_type,0;15,"Atoms 0, 15 could not be assigned a bond charge correction atom type."
spice-pubchem,7391.npz,NC[C@@H](F)COP=O,[H][N]([H])[C]([H])([H])[C@@]([H])([F])[C]([H])([H])[O][P]=[O],[O:1]=[P:4][O:3][C:6]([C@:8]([F:2])([C:7]([N:5]([H:9])[H:10])([H:13])[H:14])[H:15])([H:11])[H:12],15,unassigned_atom_type,0;3,"Atoms 0, 3 could not be assigned a bond charge correction atom type."
spice-pubchem,7408.npz,CCN(/C=N/c1ccc(C)cc1)P(=O)(NC)SC,[H]/[C](=[N]\[c]1[c]([H])[c]([H])[c]([C]([H])([H])[H])[c]([H])[c]1[H])[N]([C]([H])([H])[C]([H])([H])[H])[P](=[O])([S][C]([H])([H])[H])[N]([H])[C]([H])([H])[H],[O:1]=[P:18]([S:3][C:13]([H:25])([H:26])[H:27])([N:11]([C:15]([H:31])([H:32])[H:33])[H:24])[N:12](/[C:4](=[N:2]/[c:9]1[c:5]([H:20])[c:7]([H:22])[c:10]([C:14]([H:28])([H:29])[H:30])[c:8]([H:23])[c:6]1[H:21])[H:19])[C:17]([C:16]([H:34])([H:35])[H:36])([H:37])[H:38],38,unassigned_atom_type,0;17,"Atoms 0, 17 could not be assigned a bond charge correction atom type."
spice-pubchem,7422.npz,O=P(O)(O)CN1CCOP(=O)(O)C1,[H][O][P](=[O])([O][H])[C]([H])([H])[N]1[C]([H])([H])[C]([H])([H])[O][P](=[O])([O][H])[C]1([H])[H],[O:1]=[P:12]([O:3][H:14])([O:4][H:15])[C:10]([N:7]1[C:9]([H:19])([H:20])[C:8]([H:17])([H:18])[O:6][P:13](=[O:2])([O:5][H:16])[C:11]1([H:23])[H:24])([H:21])[H:22],24,unassigned_atom_type,0;1;11;12,"Atoms 0, 1, 11, 12 could not be assigned a bond charge correction atom type."
spice-pubchem,7446.npz,O=P1(Oc2c(Br)cc(Br)cc2Br)OCC(CBr)(CBr)CO1,[H][c]1[c]([Br])[c]([H])[c]([Br])[c]([O][P]2(=[O])[O][C]([H])([H])[C]([C]([H])([H])[Br])([C]([H])([H])[Br])[C]([H])([H])[O]2)[c]1[Br],[O:1]=[P:21]1([O:7][c:15]2[c:13]([Br:3])[c:10]([H:22])[c:12]([Br:2])[c:11]([H:23])[c:14]2[Br:4])[O:8][C:18]([H:28])([H:29])[C:20]([C:16]([Br:5])([H:24])[H:25])([C:17]([Br:6])([H:26])[H:27])[C:19]([H:30])([H:31])[O:9]1,31,unassigned_atom_type,0;20,"Atoms 0, 20 could not be assigned a bond charge correction atom type."
spice-pubchem,7447.npz,CN(C)P(=S)(N(C)C)N1CCCCC1,[H][C]([H])([H])[N]([C]([H])([H])[H])[P](=[S])([N]([C]([H])([H])[H])[C]([H])([H])[H])[N]1[C]([H])([H])[C]([H])([H])[C]([H])([H])[C]([H])([H])[C]1([H])[H],[S:1]=[P:14]([N:2]([C:5]([H:15])([H:16])[H:17])[C:6]([H:18])([H:19])[H:20])([N:3]([C:7]([H:21])([H:22])[H:23])[C:8]([H:24])([H:25])[H:26])[N:4]1[C:9]([H:27])([H:28])[C:11]([H:31])([H:32])[C:13]([H:35])([H:36])[C:12]([H:33])([H:34])[C:10]1([H:29])[H:30],36,unassigned_atom_type,0;13,"Atoms 0, 13 could not be assigned a bond charge correction atom type."
spice-pubchem,7460.npz,CCN(CC)P(C)(=O)Cl,[H][C]([H])([H])[C]([H])([H])[N]([C]([H])([H])[C]([H])([H])[H])[P](=[O])([Cl])[C]([H])([H])[H],[O:1]=[P:9]([Cl:2])([N:3]([C:6]([C:4]([H:10])([H:11])[H:12])([H:16])[H:17])[C:7]([C:5]([H:13])([H:14])[H:15])([H:18])[H:19])[C:8]([H:20])([H:21])[H:22],22,unassigned_atom_type,0;1;8,"Atoms 0, 1, 8 could not be assigned a bond charge correction atom type."
spice-pubchem,7463.npz,NC1NC(=O)N([C@@H]2OC3=C(OP(=O)([O-])OC3)[C@H]2O)C=C1F,[H][O][C@]1([H])[C]2=[C]([O][C@@]1([H])[N]1[C](=[O])[N]([H])[C]([H])([N]([H])[H])[C]([F])=[C]1[H])[C]([H])([H])[O][P](=[O])([O-])[O]2,[O:1]=[C:9]1[N:15]([H:26])[C:18]([N:14]([H:24])[H:25])([H:29])[C:12]([F:4])=[C:10]([H:23])[N:16]1[C@:20]1([H:31])[O:6][C:11]2=[C:13]([O:7][P:21](=[O:2])([O-:3])[O:8][C:17]2([H:27])[H:28])[C@:19]1([O:5][H:22])[H:30],31,unassigned_atom_type,1;2;20,"Atoms 1, 2, 20 could not be assigned a bond charge correction atom type."
spice-pubchem,7488.npz,COP(=S)(Oc1cc(Cl)c(Br)cc1Cl)c1ccccc1,[H][c]1[c]([H])[c]([H])[c]([P](=[S])([O][c]2[c]([H])[c]([Cl])[c]([Br])[c]([H])[c]2[Cl])[O][C]([H])([H])[H])[c]([H])[c]1[H],[S:1]=[P:20]([O:5][c:17]1[c:11]([H:25])[c:14]([Cl:2])[c:16]([Br:4])[c:10]([H:24])[c:15]1[Cl:3])([O:6][C:19]([H:28])([H:29])[H:30])[c:18]1[c:12]([H:26])[c:8]([H:22])[c:7]([H:21])[c:9]([H:23])[c:13]1[H:27],30,unassigned_atom_type,0;19,"Atoms 0, 19 could not be assigned a bond charge correction atom type."
spice-pubchem,7509.npz,NP(N)(N)=S,[H][N]([H])[P](=[S])([N]([H])[H])[N]([H])[H],[S:1]=[P:5]([N:2]([H:6])[H:7])([N:3]([H:8])[H:9])[N:4]([H:10])[H:11],11,unassigned_atom_type,0;4,"Atoms 0, 4 could not be assigned a bond charge correction atom type."
spice-pubchem,7519.npz,CCC(C)[PH](=O)C(C)CC,[H][C]([H])([H])[C]([H])([H])[C]([H])([C]([H])([H])[H])[P]([H])(=[O])[C]([H])([C]([H])([H])[H])[C]([H])([H])[C]([H])([H])[H],[O:1]=[P:10]([C:8]([C:4]([H:17])([H:18])[H:19])([C:6]([C:2]([H:11])([H:12])[H:13])([H:23])[H:24])[H:27])([C:9]([C:5]([H:20])([H:21])[H:22])([C:7]([C:3]([H:14])([H:15])[H:16])([H:25])[H:26])[H:28])[H:29],29,unassigned_atom_type,0;9;28,"Atoms 0, 9, 28 could not be assigned a bond charge correction atom type."
spice-pubchem,7543.npz,O=P1(Cl)Oc2c(Br)cc(Br)cc2-c2cc(Br)cc(Br)c2O1,[H][c]1[c]([Br])[c]([H])[c]2[c]([c]1[Br])[O][P](=[O])([Cl])[O][c]1[c]([Br])[c]([H])[c]([Br])[c]([H])[c]1-2,[O:1]=[P:21]1([Cl:2])[O:7][c:17]2[c:15]([Br:5])[c:9]([H:22])[c:13]([Br:3])[c:11]([H:24])[c:19]2-[c:20]2[c:12]([H:25])[c:14]([Br:4])[c:10]([H:23])[c:16]([Br:6])[c:18]2[O:8]1,25,unassigned_atom_type,0;1;20,"Atoms 0, 1, 20 could not be assigned a bond charge correction atom type."
spice-pubchem,7556.npz,O=P(O)(O)NP(=O)(O)O,[H][O][P](=[O])([O][H])[N]([H])[P](=[O])([O][H])[O][H],[O:1]=[P:8]([O:3][H:10])([O:4][H:11])[N:7]([P:9](=[O:2])([O:5][H:12])[O:6][H:13])[H:14],14,unassigned_atom_type,0;1;7;8,"Atoms 0, 1, 7, 8 could not be assigned a bond charge correction atom type."
spice-pubchem,7566.npz,O=[PH](O)C[N+]([O-])(CP(=O)(O)O)CP(=O)(O)O,[H][O][P]([H])(=[O])[C]([H])([H])[N+]([O-])([C]([H])([H])[P](=[O])([O][H])[O][H])[C]([H])([H])[P](=[O])([O][H])[O][H],[O:1]=[P:14]([O:5][H:17])([C:10]([N+:13]([O-:4])([C:11]([P:15](=[O:2])([O:6][H:18])[O:7][H:19])([H:24])[H:25])[C:12]([P:16](=[O:3])([O:8][H:20])[O:9][H:21])([H:26])[H:27])([H:22])[H:23])[H:28],28,unassigned_atom_type,0;1;2;13;14;15;27,"Atoms 0, 1, 2, 13, 14, 15, 27 could not be assigned a bond charge correction atom type."
spice-pubchem,7576.npz,O=C(O)O[C@H](COP(=O)(O)O)C(=O)[C@H](O)COP(=O)(O)O,[H][O][C](=[O])[O][C@@]([H])([C](=[O])[C@]([H])([O][H])[C]([H])([H])[O][P](=[O])([O][H])[O][H])[C]([H])([H])[O][P](=[O])([O][H])[O][H],[O:1]=[C:14]([O:5][H:22])[O:7][C@@:19]([C:15](=[O:2])[C@:18]([O:6][H:23])([C:16]([O:12][P:20](=[O:3])([O:8][H:24])[O:9][H:25])([H:28])[H:29])[H:32])([C:17]([O:13][P:21](=[O:4])([O:10][H:26])[O:11][H:27])([H:30])[H:31])[H:33],33,unassigned_atom_type,2;3;19;20,"Atoms 2, 3, 19, 20 could not be assigned a bond charge correction atom type."
spice-pubchem,7579.npz,CCNCO[PH](=S)O/C(C)=C\C(=O)OC(C)C,[H]/[C]([C](=[O])[O][C]([H])([C]([H])([H])[H])[C]([H])([H])[H])=[C](/[O][P]([H])(=[S])[O][C]([H])([H])[N]([H])[C]([H])([H])[C]([H])([H])[H])[C]([H])([H])[H],[O:1]=[C:6]([O:3][C:16]([C:13]([H:28])([H:29])[H:30])([C:14]([H:31])([H:32])[H:33])[H:36])/[C:7](=[C:8](\[O:4][P:17](=[S:2])([O:5][C:11]([N:9]([C:15]([C:12]([H:25])([H:26])[H:27])([H:34])[H:35])[H:19])([H:23])[H:24])[H:37])[C:10]([H:20])([H:21])[H:22])[H:18],37,unassigned_atom_type,1;16;36,"Atoms 1, 16, 36 could not be assigned a bond charge correction atom type."
spice-pubchem,7585.npz,CCCSP1(=O)OCC(CO)(C2CCCCC2)CO1,[H][O][C]([H])([H])[C]1([C]2([H])[C]([H])([H])[C]([H])([H])[C]([H])([H])[C]([H])([H])[C]2([H])[H])[C]([H])([H])[O][P](=[O])([S][C]([H])([H])[C]([H])([H])[C]([H])([H])[H])[O][C]1([H])[H],[O:1]=[P:19]1([S:5][C:10]([C:11]([C:6]([H:21])([H:22])[H:23])([H:32])[H:33])([H:30])[H:31])[O:3][C:8]([H:26])([H:27])[C:18]([C:7]([O:2][H:20])([H:24])[H:25])([C:17]2([H:44])[C:15]([H:40])([H:41])[C:13]([H:36])([H:37])[C:12]([H:34])([H:35])[C:14]([H:38])([H:39])[C:16]2([H:42])[H:43])[C:9]([H:28])([H:29])[O:4]1,44,unassigned_atom_type,0;18,"Atoms 0, 18 could not be assigned a bond charge correction atom type."
spice-pubchem,7588.npz,O=c1[nH]c([C@H]2C[C@@H]3OP(=O)(O)OC[C@H]3O2)c(Br)c(=O)[nH]1,[H][O][P]1(=[O])[O][C]([H])([H])[C@@]2([H])[O][C@@]([H])([C]3=[C]([Br])[C](=[O])[N]([H])[C](=[O])[N]3[H])[C]([H])([H])[C@]2([H])[O]1,[O:1]=[C:9]1[C:11]([Br:4])=[C:12]([C@:18]2([H:29])[O:5][C@:19]3([H:30])[C:16]([H:26])([H:27])[O:7][P:20](=[O:3])([O:6][H:21])[O:8][C@@:17]3([H:28])[C:15]2([H:24])[H:25])[N:14]([H:23])[C:10](=[O:2])[N:13]1[H:22],30,unassigned_atom_type,2;19,"Atoms 2, 19 could not be assigned a bond charge correction atom type."
spice-pubchem,7609.npz,C=CP1(=O)OCc2ccccc2O1,[H][C]([H])=[C]([H])[P]1(=[O])[O][c]2[c]([H])[c]([H])[c]([H])[c]([H])[c]2[C]([H])([H])[O]1,[O:1]=[P:13]1([C:5](=[C:4]([H:14])[H:15])[H:16])[O:2][c:10]2[c:8]([H:19])[c:6]([H:17])[c:7]([H:18])[c:9]([H:20])[c:11]2[C:12]([H:21])([H:22])[O:3]1,22,unassigned_atom_type,0;12,"Atoms 0, 12 could not be assigned a bond charge correction atom type."
spice-pubchem,7614.npz,Oc1ccc(O)c([P+](c2ccccc2)(c2ccccc2)c2ccccc2)c1,[H][O][c]1[c]([H])[c]([H])[c]([O][H])[c]([P+]([c]2[c]([H])[c]([H])[c]([H])[c]([H])[c]2[H])([c]2[c]([H])[c]([H])[c]([H])[c]([H])[c]2[H])[c]2[c]([H])[c]([H])[c]([H])[c]([H])[c]2[H])[c]1[H],[O:1]([c:21]1[c:12]([H:39])[c:13]([H:40])[c:22]([O:2][H:29])[c:26]([P+:27]([c:23]2[c:14]([H:41])[c:6]([H:33])[c:3]([H:30])[c:7]([H:34])[c:15]2[H:42])([c:24]2[c:16]([H:43])[c:8]([H:35])[c:4]([H:31])[c:9]([H:36])[c:17]2[H:44])[c:25]2[c:18]([H:45])[c:10]([H:37])[c:5]([H:32])[c:11]([H:38])[c:19]2[H:46])[c:20]1[H:47])[H:28],47,unassigned_atom_type,26,Atoms 26 could not be assigned a bond charge correction atom type.
spice-pubchem,7632.npz,CCCCCc1nc(N)n(P(=S)(N(C)C)N(C)C)n1,[H][N]([H])[C]1=[N][C]([C]([H])([H])[C]([H])([H])[C]([H])([H])[C]([H])([H])[C]([H])([H])[H])=[N][N]1[P](=[S])([N]([C]([H])([H])[H])[C]([H])([H])[H])[N]([C]([H])([H])[H])[C]([H])([H])[H],[S:1]=[P:19]([N:7]1[N:3]=[C:5]([C:15]([C:17]([C:18]([C:16]([C:14]([H:34])([H:35])[H:36])([H:39])[H:40])([H:43])[H:44])([H:41])[H:42])([H:37])[H:38])[N:2]=[C:4]1[N:6]([H:20])[H:21])([N:8]([C:10]([H:22])([H:23])[H:24])[C:11]([H:25])([H:26])[H:27])[N:9]([C:12]([H:28])([H:29])[H:30])[C:13]([H:31])([H:32])[H:33],44,unassigned_atom_type,0;18,"Atoms 0, 18 could not be assigned a bond charge correction atom type."
spice-pubchem,7650.npz,CCOP(=S)(CC)OCP(=S)(OC)OC,[H][C]([H])([H])[O][P](=[S])([O][C]([H])([H])[H])[C]([H])([H])[O][P](=[S])([O][C]([H])([H])[C]([H])([H])[H])[C]([H])([H])[C]([H])([H])[H],[S:1]=[P:14]([O:3][C:7]([H:16])([H:17])[H:18])([O:4][C:8]([H:19])([H:20])[H:21])[C:12]([O:6][P:15](=[S:2])([O:5][C:11]([C:9]([H:22])([H:23])[H:24])([H:28])[H:29])[C:13]([C:10]([H:25])([H:26])[H:27])([H:32])[H:33])([H:30])[H:31],33,unassigned_atom_type,0;1;13;14,"Atoms 0, 1, 13, 14 could not be assigned a bond charge correction atom type."
spice-pubchem,7660.npz,CC(C)OP1Oc2ccccc2O1,[H][c]1[c]([H])[c]([H])[c]2[c]([c]1[H])[O][P]([O][C]([H])([C]([H])([H])[H])[C]([H])([H])[H])[O]2,[O:1]1[c:8]2[c:6]([H:16])[c:4]([H:14])[c:5]([H:15])[c:7]([H:17])[c:9]2[O:2][P:10]1[O:3][C:13]([C:11]([H:18])([H:19])[H:20])([C:12]([H:21])([H:22])[H:23])[H:24],24,unassigned_atom_type,9,Atoms 9 could not be assigned a bond charge correction atom type.
spice-pubchem,7662.npz,CC1=CC([C@@H]2O[C@H](COP(=O)(O)CC(=O)O)[C@@H](O)[C@@H]2O)C(=O)NC1N,[H][O][C](=[O])[C]([H])([H])[P](=[O])([O][H])[O][C]([H])([H])[C@@]1([H])[O][C@@]([H])([C]2([H])[C](=[O])[N]([H])[C]([H])([N]([H])[H])[C]([C]([H])([H])[H])=[C]2[H])[C@@]([H])([O][H])[C@]1([H])[O][H],[O:1]=[C:10]1[N:15]([H:33])[C:17]([N:14]([H:31])[H:32])([H:37])[C:12]([C:16]([H:34])([H:35])[H:36])=[C:13]([H:30])[C:18]1([C@:21]1([H:43])[O:7][C@@:24]([C:19]([O:9][P:25](=[O:3])([O:8][H:29])[C:20]([C:11](=[O:2])[O:4][H:26])([H:41])[H:42])([H:39])[H:40])([H:46])[C@:23]([O:6][H:28])([H:45])[C@@:22]1([O:5][H:27])[H:44])[H:38],46,unassigned_atom_type,2;24,"Atoms 2, 24 could not be assigned a bond charge correction atom type."
spice-pubchem,7682.npz,COP(=S)(OC)SCCOP(=O)(O)N(C)C,[H][O][P](=[O])([O][C]([H])([H])[C]([H])([H])[S][P](=[S])([O][C]([H])([H])[H])[O][C]([H])([H])[H])[N]([C]([H])([H])[H])[C]([H])([H])[H],[O:1]=[P:15]([O:3][H:17])([O:4][C:13]([C:14]([S:7][P:16](=[S:2])([O:5][C:9]([H:18])([H:19])[H:20])[O:6][C:10]([H:21])([H:22])[H:23])([H:32])[H:33])([H:30])[H:31])[N:8]([C:11]([H:24])([H:25])[H:26])[C:12]([H:27])([H:28])[H:29],33,unassigned_atom_type,0;1;14;15,"Atoms 0, 1, 14, 15 could not be assigned a bond charge correction atom type."
spice-pubchem,7728.npz,S=P12SP3SP(SP(S3)S1)S2,[S]=[P]12[S][P]3[S][P]([S][P]([S]3)[S]1)[S]2,[S:1]=[P:11]12[S:5][P:8]3[S:2][P:9]([S:4][P:10]([S:3]3)[S:7]1)[S:6]2,11,unassigned_atom_type,0;1;2;3;4;5;6;7;8;9;10,"Atoms 0, 1, 2, 3, 4, 5, 6, 7, 8, 9, 10 could not be assigned a bond charge correction atom type."
spice-pubchem,7732.npz,CCOP(=S)(OCC)OC/C=C(\C)Cl,[H]/[C](=[C](\[Cl])[C]([H])([H])[H])[C]([H])([H])[O][P](=[S])([O][C]([H])([H])[C]([H])([H])[H])[O][C]([H])([H])[C]([H])([H])[H],[S:1]=[P:14]([O:3][C:9](/[C:7](=[C:6](/[Cl:2])[C:8]([H:16])([H:17])[H:18])[H:15])([H:19])[H:20])([O:4][C:12]([C:10]([H:21])([H:22])[H:23])([H:27])[H:28])[O:5][C:13]([C:11]([H:24])([H:25])[H:26])([H:29])[H:30],30,unassigned_atom_type,0;13,"Atoms 0, 13 could not be assigned a bond charge correction atom type."
spice-pubchem,7755.npz,O=P([O-])([O-])OP(=O)([O-])n1cnc(-c2ccccc2Nc2ccncc2)n1,[H][C]1=[N][C]([c]2[c]([H])[c]([H])[c]([H])[c]([H])[c]2[N]([H])[c]2[c]([H])[c]([H])[n][c]([H])[c]2[H])=[N][N]1[P](=[O])([O-])[O][P](=[O])([O-])[O-],[O:1]=[P:25]([O-:3])([O-:4])[O:9][P:26](=[O:2])([O-:5])[N:24]1[N:6]=[C:10]([c:20]2[c:16]([H:32])[c:14]([H:30])[c:15]([H:31])[c:19]([H:35])[c:22]2[N:23]([c:21]2[c:17]([H:33])[c:12]([H:28])[n:8][c:13]([H:29])[c:18]2[H:34])[H:36])[N:7]=[C:11]1[H:27],36,unassigned_atom_type,0;1;2;3;4;8;24;25,"Atoms 0, 1, 2, 3, 4, 8, 24, 25 could not be assigned a bond charge correction atom type."
spice-pubchem,7770.npz,CCNP(=O)(CCC(N)C(=O)OC)OC,[H][N]([H])[C]([H])([C](=[O])[O][C]([H])([H])[H])[C]([H])([H])[C]([H])([H])[P](=[O])([O][C]([H])([H])[H])[N]([H])[C]([H])([H])[C]([H])([H])[H],[O:1]=[C:5]([O:3][C:8]([H:19])([H:20])[H:21])[C:12]([N:6]([H:16])[H:17])([C:13]([C:14]([P:15](=[O:2])([O:4][C:9]([H:22])([H:23])[H:24])[N:7]([C:11]([C:10]([H:25])([H:26])[H:27])([H:28])[H:29])[H:18])([H:33])[H:34])([H:31])[H:32])[H:30],34,unassigned_atom_type,1;14,"Atoms 1, 14 could not be assigned a bond charge correction atom type."
spice-pubchem,7800.npz,Cc1ccc(OP(=O)(N(C)C)N2CCOCC2)cc1,[H][c]1[c]([H])[c]([C]([H])([H])[H])[c]([H])[c]([H])[c]1[O][P](=[O])([N]([C]([H])([H])[H])[C]([H])([H])[H])[N]1[C]([H])([H])[C]([H])([H])[O][C]([H])([H])[C]1([H])[H],[O:1]=[P:19]([O:3][c:8]1[c:4]([H:20])[c:6]([H:22])[c:9]([C:12]([H:24])([H:25])[H:26])[c:7]([H:23])[c:5]1[H:21])([N:10]([C:13]([H:27])([H:28])[H:29])[C:14]([H:30])([H:31])[H:32])[N:11]1[C:17]([H:37])([H:38])[C:15]([H:33])([H:34])[O:2][C:16]([H:35])([H:36])[C:18]1([H:39])[H:40],40,unassigned_atom_type,0;18,"Atoms 0, 18 could not be assigned a bond charge correction atom type."
spice-pubchem,7807.npz,CO/N=C(\C(=O)NCP(=O)(O)Oc1ccc(C#N)c(F)c1)c1cnc(NC(=O)C(Cl)(Cl)Cl)s1,[H][O][P](=[O])([O][c]1[c]([H])[c]([H])[c]([C]#[N])[c]([F])[c]1[H])[C]([H])([H])[N]([H])[C](=[O])/[C](=[N]\[O][C]([H])([H])[H])[C]1=[C]([H])[N]=[C]([N]([H])[C](=[O])[C]([Cl])([Cl])[Cl])[S]1,[N:1]#[C:9][c:26]1[c:22]([H:36])[c:23]([H:37])[c:27]([O:14][P:33](=[O:4])([O:13][H:34])[C:32]([N:29]([C:16](=[O:2])/[C:21](=[N:11]\[O:12][C:30]([H:41])([H:42])[H:43])[C:20]2=[C:19]([H:35])[N:10]=[C:18]([N:28]([C:17](=[O:3])[C:31]([Cl:6])([Cl:7])[Cl:8])[H:39])[S:15]2)[H:40])([H:44])[H:45])[c:24]([H:38])[c:25]1[F:5],45,unassigned_atom_type,3;32,"Atoms 3, 32 could not be assigned a bond charge correction atom type."
spice-pubchem,7909.npz,C#CCOP(C)(=O)OC(C(=O)OC)C(F)(F)F,[H][C]#[C][C]([H])([H])[O][P](=[O])([O][C]([H])([C](=[O])[O][C]([H])([H])[H])[C]([F])([F])[F])[C]([H])([H])[H],[O:1]=[C:11]([O:8][C:12]([H:19])([H:20])[H:21])[C:15]([O:10][P:17](=[O:2])([O:9][C:13]([C:7]#[C:6][H:18])([H:22])[H:23])[C:16]([H:25])([H:26])[H:27])([C:14]([F:3])([F:4])[F:5])[H:24],27,unassigned_atom_type,1;16,"Atoms 1, 16 could not be assigned a bond charge correction atom type."
spice-pubchem,7959.npz,CCOP(=O)(OCC)[C@H](Nc1ccc(Br)cc1)c1ccccc1O,[H][O][c]1[c]([H])[c]([H])[c]([H])[c]([H])[c]1[C@@]([H])([N]([H])[c]1[c]([H])[c]([H])[c]([Br])[c]([H])[c]1[H])[P](=[O])([O][C]([H])([H])[C]([H])([H])[H])[O][C]([H])([H])[C]([H])([H])[H],[O:1]=[P:24]([O:4][C:21]([C:19]([H:35])([H:36])[H:37])([H:41])[H:42])([O:5][C:22]([C:20]([H:38])([H:39])[H:40])([H:43])[H:44])[C@@:23]([c:17]1[c:13]([H:33])[c:7]([H:27])[c:6]([H:26])[c:10]([H:30])[c:15]1[O:3][H:25])([N:18]([c:16]1[c:11]([H:31])[c:8]([H:28])[c:14]([Br:2])[c:9]([H:29])[c:12]1[H:32])[H:34])[H:45],45,unassigned_atom_type,0;23,"Atoms 0, 23 could not be assigned a bond charge correction atom type."
spice-pubchem,7966.npz,O=C([O-])C(CC(=O)N(O)CCCCOP(=O)([O-])O)C(=O)O,[H][O][C](=[O])[C]([H])([C](=[O])[O-])[C]([H])([H])[C](=[O])[N]([O][H])[C]([H])([H])[C]([H])([H])[C]([H])([H])[C]([H])([H])[O][P](=[O])([O-])[O][H],[O:1]=[C:11]([N:14]([O:8][H:23])[C:18]([C:20]([C:19]([C:15]([O:10][P:21](=[O:4])([O-:6])[O:9][H:24])([H:25])[H:26])([H:32])[H:33])([H:34])[H:35])([H:30])[H:31])[C:16]([C:17]([C:12](=[O:2])[O-:5])([C:13](=[O:3])[O:7][H:22])[H:29])([H:27])[H:28],35,unassigned_atom_type,3;5;20,"Atoms 3, 5, 20 could not be assigned a bond charge correction atom type."
spice-pubchem,7981.npz,O=c1[nH]cnc2c([NH2+]CCCP(=O)([O-])[O-])c[nH]c12,[H][C]1=[N][C]2=[C]([C](=[O])[N]1[H])[N]([H])[C]([H])=[C]2[N+]([H])([H])[C]([H])([H])[C]([H])([H])[C]([H])([H])[P](=[O])([O-])[O-],[O:1]=[C:6]1[C:10]2=[C:8]([N:5]=[C:7]([H:19])[N:12]1[H:21])[C:11]([N+:17]([C:15]([C:14]([C:16]([P:18](=[O:2])([O-:3])[O-:4])([H:27])[H:28])([H:23])[H:24])([H:25])[H:26])([H:29])[H:30])=[C:9]([H:20])[N:13]2[H:22],30,unassigned_atom_type,1;2;3;17,"Atoms 1, 2, 3, 17 could not be assigned a bond charge correction atom type."
spice-pubchem,8045.npz,Cc1cccnc1NC(P(C)(=O)O)P(C)(=O)O,[H][O][P](=[O])([C]([H])([H])[H])[C]([H])([N]([H])[c]1[n][c]([H])[c]([H])[c]([H])[c]1[C]([H])([H])[H])[P](=[O])([O][H])[C]([H])([H])[H],[O:1]=[P:16]([O:4][H:18])([C:13]([H:27])([H:28])[H:29])[C:15]([N:11]([c:7]1[n:3][c:6]([H:20])[c:8]([H:21])[c:9]([H:22])[c:10]1[C:12]([H:24])([H:25])[H:26])[H:23])([P:17](=[O:2])([O:5][H:19])[C:14]([H:30])([H:31])[H:32])[H:33],33,unassigned_atom_type,0;1;15;16,"Atoms 0, 1, 15, 16 could not be assigned a bond charge correction atom type."
spice-pubchem,806.npz,CCCCOP(=O)(CCCSc1cccs1)OCCCC,[H][C]1=[C]([H])[C]([H])=[C]([S][C]([H])([H])[C]([H])([H])[C]([H])([H])[P](=[O])([O][C]([H])([H])[C]([H])([H])[C]([H])([H])[C]([H])([H])[H])[O][C]([H])([H])[C]([H])([H])[C]([H])([H])[C]([H])([H])[H])[S]1,[O:1]=[P:21]([O:2][C:12]([C:17]([C:15]([C:10]([H:25])([H:26])[H:27])([H:37])[H:38])([H:41])[H:42])([H:31])[H:32])([O:3][C:13]([C:18]([C:16]([C:11]([H:28])([H:29])[H:30])([H:39])[H:40])([H:43])[H:44])([H:33])[H:34])[C:20]([C:19]([C:14]([S:5][C:7]1=[C:9]([H:24])[C:8]([H:23])=[C:6]([H:22])[S:4]1)([H:35])[H:36])([H:45])[H:46])([H:47])[H:48],48,unassigned_atom_type,0;20,"Atoms 0, 20 could not be assigned a bond charge correction atom type."
spice-pubchem,8088.npz,O=P(O)(O)C(O)(C1CCc2ccncc21)P(=O)(O)O,[H][O][C]([C]1([H])[c]2[c]([H])[n][c]([H])[c]([H])[c]2[C]([H])([H])[C]1([H])[H])([P](=[O])([O][H])[O][H])[P](=[O])([O][H])[O][H],[O:1]=[P:18]([O:5][H:21])([O:6][H:22])[C:17]([O:4][H:20])([C:16]1([H:32])[c:13]2[c:10]([H:26])[n:3][c:9]([H:25])[c:11]([H:27])[c:12]2[C:14]([H:28])([H:29])[C:15]1([H:30])[H:31])[P:19](=[O:2])([O:7][H:23])[O:8][H:24],32,unassigned_atom_type,0;1;17;18,"Atoms 0, 1, 17, 18 could not be assigned a bond charge correction atom type."
spice-pubchem,8090.npz,COP(=O)(CCOC(=O)c1c(C)oc2c1C(=O)c1ncccc1C2=O)OC,[H][c]1[n][c]2[c]([c]([H])[c]1[H])[C](=[O])[C]1=[C]([C]2=[O])[C]([C](=[O])[O][C]([H])([H])[C]([H])([H])[P](=[O])([O][C]([H])([H])[H])[O][C]([H])([H])[H])=[C]([C]([H])([H])[H])[O]1,[O:1]=[C:10]([O:7][C:25]([C:26]([P:27](=[O:4])([O:8][C:22]([H:31])([H:32])[H:33])[O:9][C:23]([H:34])([H:35])[H:36])([H:42])[H:43])([H:40])[H:41])[C:15]1=[C:16]([C:24]([H:37])([H:38])[H:39])[O:6][C:13]2=[C:14]1[C:11](=[O:2])[c:18]1[n:5][c:17]([H:28])[c:19]([H:29])[c:20]([H:30])[c:21]1[C:12]2=[O:3],43,unassigned_atom_type,3;26,"Atoms 3, 26 could not be assigned a bond charge correction atom type."
spice-pubchem,8119.npz,CCOP(=O)(OCC)C(Cc1ccc(F)cc1)c1csc2ccc(F)cc12,[H][C]1=[C]([C]([H])([C]([H])([H])[c]2[c]([H])[c]([H])[c]([F])[c]([H])[c]2[H])[P](=[O])([O][C]([H])([H])[C]([H])([H])[H])[O][C]([H])([H])[C]([H])([H])[H])[c]2[c]([H])[c]([F])[c]([H])[c]([H])[c]2[S]1,[O:1]=[P:27]([O:4][C:23]([C:21]([H:36])([H:37])[H:38])([H:42])[H:43])([O:5][C:24]([C:22]([H:39])([H:40])[H:41])([H:44])[H:45])[C:26]([C:8]1=[C:7]([H:28])[S:6][c:18]2[c:12]([H:32])[c:11]([H:31])[c:17]([F:3])[c:13]([H:33])[c:19]21)([C:25]([c:20]1[c:14]([H:34])[c:9]([H:29])[c:16]([F:2])[c:10]([H:30])[c:15]1[H:35])([H:46])[H:47])[H:48],48,unassigned_atom_type,0;26,"Atoms 0, 26 could not be assigned a bond charge correction atom type."
spice-pubchem,8152.npz,C=Cn1cnc2c(Nc3ccc(P(C)(C)=O)cc3)nc(OC3CCOC3)nc21,[H][C]1=[N][c]2[c]([n][c]([O][C]3([H])[C]([H])([H])[O][C]([H])([H])[C]3([H])[H])[n][c]2[N]([H])[c]2[c]([H])[c]([H])[c]([P](=[O])([C]([H])([H])[H])[C]([H])([H])[H])[c]([H])[c]2[H])[N]1[C]([H])=[C]([H])[H],[O:1]=[P:28]([c:19]1[c:15]([H:35])[c:13]([H:33])[c:18]([N:21]([c:12]2[n:4][c:10]([O:6][C:25]3([H:44])[C:23]([H:40])([H:41])[O:5][C:22]([H:38])([H:39])[C:24]3([H:42])[H:43])[n:3][c:11]3[c:17]2[N:2]=[C:7]([H:29])[N:20]3[C:9](=[C:8]([H:30])[H:31])[H:32])[H:37])[c:14]([H:34])[c:16]1[H:36])([C:26]([H:45])([H:46])[H:47])[C:27]([H:48])([H:49])[H:50],50,unassigned_atom_type,0;27,"Atoms 0, 27 could not be assigned a bond charge correction atom type."
spice-pubchem,823.npz,O=C(c1ccccc1)P(=O)([O-])O,[H][O][P](=[O])([O-])[C](=[O])[c]1[c]([H])[c]([H])[c]([H])[c]([H])[c]1[H],[O:1]=[C:5]([c:11]1[c:9]([H:17])[c:7]([H:15])[c:6]([H:14])[c:8]([H:16])[c:10]1[H:18])[P:12](=[O:2])([O-:3])[O:4][H:13],18,unassigned_atom_type,1;2;11,"Atoms 1, 2, 11 could not be assigned a bond charge correction atom type."
spice-pubchem,8230.npz,O=C([O-])C1(O)CC(O)C(O)C(CP(=O)([O-])[O-])O1,[H][O][C]1([C](=[O])[O-])[O][C]([H])([C]([H])([H])[P](=[O])([O-])[O-])[C]([H])([O][H])[C]([H])([O][H])[C]1([H])[H],[O:1]=[C:10]([O-:3])[C:11]1([O:6][H:18])[O:9][C:15]([C:16]([P:17](=[O:2])([O-:4])[O-:5])([H:26])[H:27])([H:25])[C:14]([O:8][H:20])([H:24])[C:13]([O:7][H:19])([H:23])[C:12]1([H:21])[H:22],27,unassigned_atom_type,1;3;4;16,"Atoms 1, 3, 4, 16 could not be assigned a bond charge correction atom type."
spice-pubchem,8334.npz,CC12CCC(P(O)O)=CC1=CCc1cc(Cl)ccc12,[H][O][P]([O][H])[C]1=[C]([H])[C]2=[C]([H])[C]([H])([H])[c]3[c]([H])[c]([Cl])[c]([H])[c]([H])[c]3[C]2([C]([H])([H])[H])[C]([H])([H])[C]1([H])[H],[Cl:1][c:11]1[c:8]([H:24])[c:10]([H:26])[c:13]2[c:12]([c:9]1[H:25])[C:15]([H:27])([H:28])[C:5]([H:23])=[C:7]1[C:4]([H:22])=[C:6]([P:14]([O:2][H:20])[O:3][H:21])[C:17]([H:32])([H:33])[C:18]([H:34])([H:35])[C:19]12[C:16]([H:29])([H:30])[H:31],35,unassigned_atom_type,13,Atoms 13 could not be assigned a bond charge correction atom type.
spice-pubchem,8339.npz,O=C(O)c1cc(OC(C(=O)O)P(=O)(O)O)c(O)c(C(O)(C(=O)O)C(=O)O)c1,[H][O][C](=[O])[c]1[c]([H])[c]([O][C]([H])([C](=[O])[O][H])[P](=[O])([O][H])[O][H])[c]([O][H])[c]([C]([O][H])([C](=[O])[O][H])[C](=[O])[O][H])[c]1[H],[O:1]=[C:15]([O:6][H:28])[c:23]1[c:19]([H:36])[c:21]([O:12][C:26]([C:18](=[O:4])[O:9][H:31])([P:27](=[O:5])([O:13][H:34])[O:14][H:35])[H:38])[c:22]([O:10][H:32])[c:24]([C:25]([O:11][H:33])([C:16](=[O:2])[O:7][H:29])[C:17](=[O:3])[O:8][H:30])[c:20]1[H:37],38,unassigned_atom_type,4;26,"Atoms 4, 26 could not be assigned a bond charge correction atom type."
spice-pubchem,8369.npz,O=C(O)CC(=O)CP(=O)(O)C=CC1=C(c2ccc(F)cc2)c2ccccc2C12CC2,[H][O][C](=[O])[C]([H])([H])[C](=[O])[C]([H])([H])[P](=[O])([O][H])[C]([H])=[C]([H])[C]1=[C]([c]2[c]([H])[c]([H])[c]([F])[c]([H])[c]2[H])[c]2[c]([H])[c]([H])[c]([H])[c]([H])[c]2[C]12[C]([H])([H])[C]2([H])[H],[O:1]=[C:7]([O:5][H:31])[C:25]([C:8](=[O:2])[C:29]([P:30](=[O:3])([O:6][H:32])[C:12](=[C:9]([C:11]1=[C:10]([c:22]2[c:17]([H:39])[c:15]([H:37])[c:21]([F:4])[c:16]([H:38])[c:18]2[H:40])[c:23]2[c:19]([H:41])[c:13]([H:35])[c:14]([H:36])[c:20]([H:42])[c:24]2[C:28]12[C:26]([H:45])([H:46])[C:27]2([H:47])[H:48])[H:33])[H:34])([H:49])[H:50])([H:43])[H:44],50,unassigned_atom_type,2;29,"Atoms 2, 29 could not be assigned a bond charge correction atom type."
spice-pubchem,842.npz,CSCP(O)(O)=S,[H][O][P](=[S])([O][H])[C]([H])([H])[S][C]([H])([H])[H],[S:1]=[P:7]([O:2][H:8])([O:3][H:9])[C:6]([S:4][C:5]([H:10])([H:11])[H:12])([H:13])[H:14],14,unassigned_atom_type,0;6,"Atoms 0, 6 could not be assigned a bond charge correction atom type."
spice-pubchem,845.npz,O=C(NS(=O)(=O)Cc1ccccc1)c1ccc2cc(C(F)(F)P(=O)(O)O)ccc2c1,[H][O][P](=[O])([O][H])[C]([F])([F])[c]1[c]([H])[c]([H])[c]2[c]([H])[c]([C](=[O])[N]([H])[S](=[O])(=[O])[C]([H])([H])[c]3[c]([H])[c]([H])[c]([H])[c]([H])[c]3[H])[c]([H])[c]([H])[c]2[c]1[H],[O:1]=[C:9]([c:17]1[c:16]([H:39])[c:21]([H:41])[c:25]2[c:23]([H:43])[c:18]([C:27]([F:5])([F:6])[P:29](=[O:2])([O:7][H:31])[O:8][H:32])[c:15]([H:38])[c:20]([H:40])[c:24]2[c:22]1[H:42])[N:26]([S:30](=[O:3])(=[O:4])[C:28]([c:19]1[c:13]([H:36])[c:11]([H:34])[c:10]([H:33])[c:12]([H:35])[c:14]1[H:37])([H:45])[H:46])[H:44],46,unassigned_atom_type,1;28,"Atoms 1, 28 could not be assigned a bond charge correction atom type."
spice-pubchem,8499.npz,CCN(CC)P1(=NC(C)(C)C)N(C)CCCN1C,[H][C]([H])([H])[N]1[C]([H])([H])[C]([H])([H])[C]([H])([H])[N]([C]([H])([H])[H])[P]1(=[N][C]([C]([H])([H])[H])([C]([H])([H])[H])[C]([H])([H])[H])[N]([C]([H])([H])[C]([H])([H])[H])[C]([H])([H])[C]([H])([H])[H],[N:1]([C:17]([C:9]([H:31])([H:32])[H:33])([C:10]([H:34])([H:35])[H:36])[C:11]([H:37])([H:38])[H:39])=[P:18]1([N:2]([C:12]([C:7]([H:25])([H:26])[H:27])([H:40])[H:41])[C:13]([C:8]([H:28])([H:29])[H:30])([H:42])[H:43])[N:3]([C:5]([H:19])([H:20])[H:21])[C:14]([H:44])([H:45])[C:16]([H:48])([H:49])[C:15]([H:46])([H:47])[N:4]1[C:6]([H:22])([H:23])[H:24],49,unassigned_atom_type,17,Atoms 17 could not be assigned a bond charge correction atom type.
spice-pubchem,8508.npz,NCCCOP(=O)(O)OC1=C(O)[C@@H]([C@@H](O)CO)OC1=O,[H][O][C]1=[C]([O][P](=[O])([O][H])[O][C]([H])([H])[C]([H])([H])[C]([H])([H])[N]([H])[H])[C](=[O])[O][C@]1([H])[C@@]([H])([O][H])[C]([H])([H])[O][H],[O:1]=[C:10]1[O:6][C@@:19]([C@@:18]([O:5][H:23])([C:17]([O:4][H:22])([H:33])[H:34])[H:35])([H:36])[C:12]([O:3][H:21])=[C:11]1[O:8][P:20](=[O:2])([O:7][H:24])[O:9][C:14]([C:16]([C:15]([N:13]([H:25])[H:26])([H:29])[H:30])([H:31])[H:32])([H:27])[H:28],36,unassigned_atom_type,1;19,"Atoms 1, 19 could not be assigned a bond charge correction atom type."
spice-pubchem,8521.npz,CC(OP(=O)(O)C(O)C(C)OCC(N)(CO)CO)C(O)P(=O)(O)O,[H][O][C]([H])([H])[C]([N]([H])[H])([C]([H])([H])[O][H])[C]([H])([H])[O][C]([H])([C]([H])([H])[H])[C]([H])([O][H])[P](=[O])([O][H])[O][C]([H])([C]([H])([H])[H])[C]([H])([O][H])[P](=[O])([O][H])[O][H],[O:1]=[P:23]([O:8][H:29])([O:9][H:30])[C:21]([O:6][H:27])([C:18]([O:11][P:24](=[O:2])([O:10][H:31])[C:22]([O:7][H:28])([C:19]([O:5][C:17]([C:20]([N:12]([H:32])[H:33])([C:15]([O:3][H:25])([H:40])[H:41])[C:16]([O:4][H:26])([H:42])[H:43])([H:44])[H:45])([C:14]([H:37])([H:38])[H:39])[H:47])[H:49])([C:13]([H:34])([H:35])[H:36])[H:46])[H:48],49,unassigned_atom_type,0;1;22;23,"Atoms 0, 1, 22, 23 could not be assigned a bond charge correction atom type."
spice-pubchem,8540.npz,COc1ccccc1OP(C)(=O)Nc1c(C)n(C)n(-c2ccccc2)c1=O,[H][c]1[c]([H])[c]([H])[c]([N]2[C](=[O])[C]([N]([H])[P](=[O])([O][c]3[c]([H])[c]([H])[c]([H])[c]([H])[c]3[O][C]([H])([H])[H])[C]([H])([H])[H])=[C]([C]([H])([H])[H])[N]2[C]([H])([H])[H])[c]([H])[c]1[H],[O:1]=[C:5]1[C:6]([N:22]([P:27](=[O:2])([O:4][c:18]2[c:14]([H:34])[c:10]([H:30])[c:9]([H:29])[c:13]([H:33])[c:17]2[O:3][C:23]([H:38])([H:39])[H:40])[C:26]([H:47])([H:48])[H:49])[H:37])=[C:7]([C:24]([H:41])([H:42])[H:43])[N:21]([C:25]([H:44])([H:45])[H:46])[N:20]1[c:19]1[c:15]([H:35])[c:11]([H:31])[c:8]([H:28])[c:12]([H:32])[c:16]1[H:36],49,unassigned_atom_type,1;26,"Atoms 1, 26 could not be assigned a bond charge correction atom type."
spice-pubchem,86.npz,COc1cccc2c1n(C)c(C)c1[c+]2N(c2ccccc2C)CC1,[H][c]1[c]([H])[c]([O][C]([H])([H])[H])[c]2[c]([c]1[H])[C+]1[C](=[C]([C]([H])([H])[H])[N]2[C]([H])([H])[H])[C]([H])([H])[C]([H])([H])[N]1[c]1[c]([H])[c]([H])[c]([H])[c]([H])[c]1[C]([H])([H])[H],[O:1]([c:11]1[c:7]([H:28])[c:4]([H:25])[c:8]([H:29])[c:12]2[c:13]1[N:17]([C:22]([H:41])([H:42])[H:43])[C:2]([C:20]([H:35])([H:36])[H:37])=[C:3]1[C+:16]2[N:18]([c:14]2[c:9]([H:30])[c:5]([H:26])[c:6]([H:27])[c:10]([H:31])[c:15]2[C:21]([H:38])([H:39])[H:40])[C:24]([H:46])([H:47])[C:23]1([H:44])[H:45])[C:19]([H:32])([H:33])[H:34],47,unassigned_atom_type,15,Atoms 15 could not be assigned a bond charge correction atom type.
spice-pubchem,8634.npz,CN(CCSc1ccccc1)CCC(O)(P(=O)(O)O)P(=O)(O)O,[H][O][C]([C]([H])([H])[C]([H])([H])[N]([C]([H])([H])[H])[C]([H])([H])[C]([H])([H])[S][c]1[c]([H])[c]([H])[c]([H])[c]([H])[c]1[H])([P](=[O])([O][H])[O][H])[P](=[O])([O][H])[O][H],[O:1]=[P:22]([O:4][H:25])([O:5][H:26])[C:21]([O:3][H:24])([C:20]([C:19]([N:15]([C:16]([H:34])([H:35])[H:36])[C:18]([C:17]([S:8][c:14]1[c:12]([H:32])[c:10]([H:30])[c:9]([H:29])[c:11]([H:31])[c:13]1[H:33])([H:37])[H:38])([H:39])[H:40])([H:41])[H:42])([H:43])[H:44])[P:23](=[O:2])([O:6][H:27])[O:7][H:28],44,unassigned_atom_type,0;1;21;22,"Atoms 0, 1, 21, 22 could not be assigned a bond charge correction atom type."
spice-pubchem,8635.npz,O=P(O)(O)C(Sc1nccs1)P(=O)(O)O,[H][O][P](=[O])([O][H])[C]([H])([S][C]1=[N][C]([H])=[C]([H])[S]1)[P](=[O])([O][H])[O][H],[O:1]=[P:14]([O:4][H:16])([O:5][H:17])[C:13]([S:9][C:10]1=[N:3][C:11]([H:20])=[C:12]([H:21])[S:8]1)([P:15](=[O:2])([O:6][H:18])[O:7][H:19])[H:22],22,unassigned_atom_type,0;1;13;14,"Atoms 0, 1, 13, 14 could not be assigned a bond charge correction atom type."
spice-pubchem,8640.npz,CS(=O)(=O)N(O)CCCP(=O)(O)O,[H][O][N]([C]([H])([H])[C]([H])([H])[C]([H])([H])[P](=[O])([O][H])[O][H])[S](=[O])(=[O])[C]([H])([H])[H],[O:1]=[P:12]([O:5][H:15])([O:6][H:16])[C:10]([C:9]([C:8]([N:7]([O:4][H:14])[S:13](=[O:2])(=[O:3])[C:11]([H:23])([H:24])[H:25])([H:17])[H:18])([H:19])[H:20])([H:21])[H:22],25,unassigned_atom_type,0;11,"Atoms 0, 11 could not be assigned a bond charge correction atom type."
spice-pubchem,8645.npz,C[N+](C)=c1ccn(CC(O)(P(=O)(O)O)P(=O)(O)O)cc1,[H][O][C]([C]([H])([H])[N]1[C]([H])=[C]([H])[C](=[N+]([C]([H])([H])[H])[C]([H])([H])[H])[C]([H])=[C]1[H])([P](=[O])([O][H])[O][H])[P](=[O])([O][H])[O][H],[O:1]=[P:19]([O:4][H:22])([O:5][H:23])[C:18]([O:3][H:21])([C:17]([N:13]1[C:10]([H:28])=[C:8]([H:26])[C:12](=[N+:14]([C:15]([H:30])([H:31])[H:32])[C:16]([H:33])([H:34])[H:35])[C:9]([H:27])=[C:11]1[H:29])([H:36])[H:37])[P:20](=[O:2])([O:6][H:24])[O:7][H:25],37,unassigned_atom_type,0;1;18;19,"Atoms 0, 1, 18, 19 could not be assigned a bond charge correction atom type."
spice-pubchem,8657.npz,COc1ccc2c3c(oc2c1)C(=O)N[c+]1ccccn1C3,[H][C]1=[C]([H])[C+]2[N]([H])[C](=[O])[C]3=[C]([c]4[c]([H])[c]([H])[c]([O][C]([H])([H])[H])[c]([H])[c]4[O]3)[C]([H])([H])[N]2[C]([H])=[C]1[H],[O:1]=[C:4]1[C:7]2=[C:10]([c:16]3[c:13]([H:28])[c:11]([H:26])[c:14]([O:3][C:20]([H:30])([H:31])[H:32])[c:12]([H:27])[c:15]3[O:2]2)[C:21]([H:33])([H:34])[N:19]2[C:9]([H:25])=[C:6]([H:23])[C:5]([H:22])=[C:8]([H:24])[C+:17]2[N:18]1[H:29],34,unassigned_atom_type,16,Atoms 16 could not be assigned a bond charge correction atom type.
spice-pubchem,8668.npz,CCCN(c1ccon1)P(=O)(c1ccccc1)c1ccccc1,[H][C]1=[C]([H])[C]([N]([C]([H])([H])[C]([H])([H])[C]([H])([H])[H])[P](=[O])([c]2[c]([H])[c]([H])[c]([H])[c]([H])[c]2[H])[c]2[c]([H])[c]([H])[c]([H])[c]([H])[c]2[H])=[N][O]1,[O:1]=[P:23]([c:17]1[c:13]([H:32])[c:9]([H:28])[c:7]([H:26])[c:10]([H:29])[c:14]1[H:33])([c:18]1[c:15]([H:34])[c:11]([H:30])[c:8]([H:27])[c:12]([H:31])[c:16]1[H:35])[N:19]([C:4]1=[N:2][O:3][C:5]([H:24])=[C:6]1[H:25])[C:21]([C:22]([C:20]([H:36])([H:37])[H:38])([H:41])[H:42])([H:39])[H:40],42,unassigned_atom_type,0;22,"Atoms 0, 22 could not be assigned a bond charge correction atom type."
spice-pubchem,8669.npz,O=P(c1ccccc1)(c1ccccc1)N(c1cccnc1)c1cccnc1,[H][c]1[n][c]([H])[c]([N]([c]2[c]([H])[n][c]([H])[c]([H])[c]2[H])[P](=[O])([c]2[c]([H])[c]([H])[c]([H])[c]([H])[c]2[H])[c]2[c]([H])[c]([H])[c]([H])[c]([H])[c]2[H])[c]([H])[c]1[H],[O:1]=[P:27]([c:24]1[c:18]([H:42])[c:12]([H:36])[c:10]([H:34])[c:13]([H:37])[c:19]1[H:43])([c:25]1[c:20]([H:44])[c:14]([H:38])[c:11]([H:35])[c:15]([H:39])[c:21]1[H:45])[N:26]([c:22]1[c:6]([H:30])[n:2][c:4]([H:28])[c:8]([H:32])[c:16]1[H:40])[c:23]1[c:7]([H:31])[n:3][c:5]([H:29])[c:9]([H:33])[c:17]1[H:41],45,unassigned_atom_type,0;26,"Atoms 0, 26 could not be assigned a bond charge correction atom type."
spice-pubchem,8697.npz,CCCCS(=O)CC(P(=O)(O)O)P(=O)(O)O,[H][O][P](=[O])([O][H])[C]([H])([C]([H])([H])[S](=[O])[C]([H])([H])[C]([H])([H])[C]([H])([H])[C]([H])([H])[H])[P](=[O])([O][H])[O][H],[O:1]=[S:8]([C:10]([C:13]([C:12]([C:9]([H:21])([H:22])[H:23])([H:28])[H:29])([H:30])[H:31])([H:24])[H:25])[C:11]([C:14]([P:15](=[O:2])([O:4][H:17])[O:5][H:18])([P:16](=[O:3])([O:6][H:19])[O:7][H:20])[H:32])([H:26])[H:27],32,unassigned_atom_type,1;2;14;15,"Atoms 1, 2, 14, 15 could not be assigned a bond charge correction atom type."
spice-pubchem,871.npz,O=P(O)(O)C(O)(Nc1cc(Cl)cc(Cl)c1)P(=O)(O)O,[H][O][C]([N]([H])[c]1[c]([H])[c]([Cl])[c]([H])[c]([Cl])[c]1[H])([P](=[O])([O][H])[O][H])[P](=[O])([O][H])[O][H],[O:1]=[P:18]([O:6][H:21])([O:7][H:22])[C:17]([O:5][H:20])([N:16]([c:15]1[c:11]([H:26])[c:13]([Cl:3])[c:10]([H:25])[c:14]([Cl:4])[c:12]1[H:27])[H:28])[P:19](=[O:2])([O:8][H:23])[O:9][H:24],28,unassigned_atom_type,0;1;17;18,"Atoms 0, 1, 17, 18 could not be assigned a bond charge correction atom type."
spice-pubchem,8711.npz,CCn1cc[n+](CC(P(=O)([O-])O)P(=O)(O)O)c1,[H][O][P](=[O])([O-])[C]([H])([C]([H])([H])[N+]1=[C]([H])[N]([C]([H])([H])[C]([H])([H])[H])[C]([H])=[C]1[H])[P](=[O])([O][H])[O][H],[O:1]=[P:16]([O-:3])([O:4][H:18])[C:15]([C:14]([N+:11]1=[C:9]([H:23])[N:10]([C:13]([C:12]([H:24])([H:25])[H:26])([H:27])[H:28])[C:7]([H:21])=[C:8]1[H:22])([H:29])[H:30])([P:17](=[O:2])([O:5][H:19])[O:6][H:20])[H:31],31,unassigned_atom_type,0;1;2;15;16,"Atoms 0, 1, 2, 15, 16 could not be assigned a bond charge correction atom type."
spice-pubchem,8901.npz,O=C(c1cccc(Cn2cncn2)c1)N(O)CCC(c1ccc(Cl)c(Cl)c1)P(=O)(O)O,[H][O][N]([C](=[O])[c]1[c]([H])[c]([H])[c]([H])[c]([C]([H])([H])[N]2[N]=[C]([H])[N]=[C]2[H])[c]1[H])[C]([H])([H])[C]([H])([H])[C]([H])([c]1[c]([H])[c]([H])[c]([Cl])[c]([Cl])[c]1[H])[P](=[O])([O][H])[O][H],[O:1]=[C:10]([c:22]1[c:15]([H:39])[c:13]([H:37])[c:16]([H:40])[c:23]([C:27]([N:25]2[N:5]=[C:11]([H:35])[N:6]=[C:12]2[H:36])([H:44])[H:45])[c:17]1[H:41])[N:26]([O:7][H:32])[C:28]([C:29]([C:30]([c:24]1[c:18]([H:42])[c:14]([H:38])[c:20]([Cl:3])[c:21]([Cl:4])[c:19]1[H:43])([P:31](=[O:2])([O:8][H:33])[O:9][H:34])[H:50])([H:48])[H:49])([H:46])[H:47],50,unassigned_atom_type,1;30,"Atoms 1, 30 could not be assigned a bond charge correction atom type."
spice-pubchem,8954.npz,Clp1oc2ccccc2c2ccccc2o1,[H][c]1[c]([H])[c]([H])[c]2[c]([c]1[H])[O][P]([Cl])[O][c]1[c]([H])[c]([H])[c]([H])[c]([H])[c]1-2,[Cl:1][P:16]1[O:2][c:12]2[c:8]([H:21])[c:4]([H:17])[c:6]([H:19])[c:10]([H:23])[c:14]2-[c:15]2[c:11]([H:24])[c:7]([H:20])[c:5]([H:18])[c:9]([H:22])[c:13]2[O:3]1,24,unassigned_atom_type,0;15,"Atoms 0, 15 could not be assigned a bond charge correction atom type."
spice-pubchem,8967.npz,CC(Cc1cc(C(=O)Oc2ccc(C(=N)N)cc2)co1)C(=O)NCP(=O)(O)O,[H][N]=[C]([c]1[c]([H])[c]([H])[c]([O][C](=[O])[C]2=[C]([H])[O][C]([C]([H])([H])[C]([H])([C](=[O])[N]([H])[C]([H])([H])[P](=[O])([O][H])[O][H])[C]([H])([H])[H])=[C]2[H])[c]([H])[c]1[H])[N]([H])[H],[O:1]=[C:9]([O:6][c:20]1[c:16]([H:34])[c:18]([H:36])[c:21]([C:11](=[N:4][H:29])[N:22]([H:38])[H:39])[c:19]([H:37])[c:17]1[H:35])[C:14]1=[C:12]([H:32])[O:5][C:15]([C:25]([C:26]([C:10](=[O:2])[N:23]([C:27]([P:28](=[O:3])([O:7][H:30])[O:8][H:31])([H:47])[H:48])[H:40])([C:24]([H:41])([H:42])[H:43])[H:46])([H:44])[H:45])=[C:13]1[H:33],48,unassigned_atom_type,2;27,"Atoms 2, 27 could not be assigned a bond charge correction atom type."
spice-pubchem,8985.npz,CC1=C(P(=S)(c2ccccc2)c2ccccc2)C2=CCC=CC2N1C,[H][C]1=[C]([H])[C]2([H])[C](=[C]([H])[C]1([H])[H])[C]([P](=[S])([c]1[c]([H])[c]([H])[c]([H])[c]([H])[c]1[H])[c]1[c]([H])[c]([H])[c]([H])[c]([H])[c]1[H])=[C]([C]([H])([H])[H])[N]2[C]([H])([H])[H],[S:1]=[P:25]([C:7]1=[C:2]([C:21]([H:39])([H:40])[H:41])[N:20]([C:23]([H:44])([H:45])[H:46])[C:24]2([H:47])[C:5]([H:28])=[C:3]([H:26])[C:22]([H:42])([H:43])[C:4]([H:27])=[C:6]12)([c:18]1[c:14]([H:35])[c:10]([H:31])[c:8]([H:29])[c:11]([H:32])[c:15]1[H:36])[c:19]1[c:16]([H:37])[c:12]([H:33])[c:9]([H:30])[c:13]([H:34])[c:17]1[H:38],47,unassigned_atom_type,0;24,"Atoms 0, 24 could not be assigned a bond charge correction atom type."
spice-pubchem,8986.npz,C[n+]1cc(P(=S)(c2ccccc2)c2ccccc2)n2ccccc21,[H][C]1=[C]([H])[C]2=[N+]([C]([H])([H])[H])[C]([H])=[C]([P](=[S])([c]3[c]([H])[c]([H])[c]([H])[c]([H])[c]3[H])[c]3[c]([H])[c]([H])[c]([H])[c]([H])[c]3[H])[N]2[C]([H])=[C]1[H],[S:1]=[P:24]([C:7]1=[C:6]([H:29])[N+:22]([C:23]([H:40])([H:41])[H:42])=[C:8]2[C:3]([H:26])=[C:2]([H:25])[C:4]([H:27])=[C:5]([H:28])[N:21]12)([c:19]1[c:15]([H:36])[c:11]([H:32])[c:9]([H:30])[c:12]([H:33])[c:16]1[H:37])[c:20]1[c:17]([H:38])[c:13]([H:34])[c:10]([H:31])[c:14]([H:35])[c:18]1[H:39],42,unassigned_atom_type,0;23,"Atoms 0, 23 could not be assigned a bond charge correction atom type."
spice-pubchem,8987.npz,c1ccc(P(c2ccccc2)c2cnc3ccccn23)cc1,[H][C]1=[C]([P]([c]2[c]([H])[c]([H])[c]([H])[c]([H])[c]2[H])[c]2[c]([H])[c]([H])[c]([H])[c]([H])[c]2[H])[N]2[C](=[N]1)[C]([H])=[C]([H])[C]([H])=[C]2[H],[N:1]1=[C:2]2[C:4]([H:24])=[C:5]([H:25])[C:6]([H:26])=[C:7]([H:27])[N:21]2[C:8]([P:22]([c:19]2[c:15]([H:34])[c:11]([H:30])[c:9]([H:28])[c:12]([H:31])[c:16]2[H:35])[c:20]2[c:17]([H:36])[c:13]([H:32])[c:10]([H:29])[c:14]([H:33])[c:18]2[H:37])=[C:3]1[H:23],37,unassigned_atom_type,21,Atoms 21 could not be assigned a bond charge correction atom type.
spice-pubchem,8993.npz,O=[N+]([O-])c1ccc2sc(C3Cn4ccs[c+]4[N-]3)cc2c1,[H][C]1=[C]([H])[N]2[C+]([N-][C]([H])([C]3=[C]([H])[c]4[c]([H])[c]([N+](=[O])[O-])[c]([H])[c]([H])[c]4[S]3)[C]2([H])[H])[S]1,[O:1]=[N+:18]([O-:2])[c:15]1[c:11]([H:25])[c:10]([H:24])[c:13]2[c:14]([c:12]1[H:26])[C:7]([H:22])=[C:9]([C:19]1([H:27])[N-:3][C+:16]3[S:5][C:6]([H:21])=[C:8]([H:23])[N:17]3[C:20]1([H:28])[H:29])[S:4]2,29,unassigned_atom_type,15,Atoms 15 could not be assigned a bond charge correction atom type.
spice-pubchem,9047.npz,S=P(Cl)(Cl)OC(Cl)C(Cl)(Cl)Cl,[H][C]([Cl])([O][P](=[S])([Cl])[Cl])[C]([Cl])([Cl])[Cl],[S:1]=[P:11]([Cl:6])([Cl:7])[O:8][C:10]([Cl:5])([C:9]([Cl:2])([Cl:3])[Cl:4])[H:12],12,unassigned_atom_type,0;5;6;10,"Atoms 0, 5, 6, 10 could not be assigned a bond charge correction atom type."
spice-pubchem,9112.npz,CN(Cc1ccccc1)C(c1cccc2nc(O)c(O)nc12)P(=O)(O)O,[H][O][c]1[n][c]2[c]([H])[c]([H])[c]([H])[c]([C]([H])([N]([C]([H])([H])[H])[C]([H])([H])[c]3[c]([H])[c]([H])[c]([H])[c]([H])[c]3[H])[P](=[O])([O][H])[O][H])[c]2[n][c]1[O][H],[O:1]=[P:26]([O:6][H:29])([O:7][H:30])[C:25]([c:19]1[c:16]([H:37])[c:15]([H:36])[c:18]([H:38])[c:20]2[n:2][c:8]([O:4][H:27])[c:9]([O:5][H:28])[n:3][c:21]12)([N:22]([C:23]([H:39])([H:40])[H:41])[C:24]([c:17]1[c:13]([H:34])[c:11]([H:32])[c:10]([H:31])[c:12]([H:33])[c:14]1[H:35])([H:42])[H:43])[H:44],44,unassigned_atom_type,0;25,"Atoms 0, 25 could not be assigned a bond charge correction atom type."
spice-pubchem,9182.npz,Cc1ccc(-c2cc3c(CCP(=O)(O)O)ncnc3s2)cc1,[H][O][P](=[O])([O][H])[C]([H])([H])[C]([H])([H])[c]1[n][c]([H])[n][c]2[c]1[C]([H])=[C]([c]1[c]([H])[c]([H])[c]([C]([H])([H])[H])[c]([H])[c]1[H])[S]2,[O:1]=[P:22]([O:4][H:23])([O:5][H:24])[C:21]([C:20]([c:11]1[n:3][c:9]([H:26])[n:2][c:10]2[c:16]1[C:7]([H:25])=[C:8]([c:17]1[c:12]([H:27])[c:14]([H:29])[c:18]([C:19]([H:31])([H:32])[H:33])[c:15]([H:30])[c:13]1[H:28])[S:6]2)([H:34])[H:35])([H:36])[H:37],37,unassigned_atom_type,0;21,"Atoms 0, 21 could not be assigned a bond charge correction atom type."
spice-pubchem,9278.npz,CCOP(=O)(CC)c1ccc(Nc2cc(-c3cccc([N+](=O)[O-])c3)ncn2)cc1,[H][c]1[n][c](-[c]2[c]([H])[c]([H])[c]([H])[c]([N+](=[O])[O-])[c]2[H])[c]([H])[c]([N]([H])[c]2[c]([H])[c]([H])[c]([P](=[O])([O][C]([H])([H])[C]([H])([H])[H])[C]([H])([H])[C]([H])([H])[H])[c]([H])[c]2[H])[n]1,[O:1]=[N+:24]([O-:3])[c:21]1[c:15]([H:36])[c:11]([H:32])[c:12]([H:33])[c:19](-[c:8]2[n:4][c:7]([H:30])[n:5][c:9]([N:23]([c:20]3[c:13]([H:34])[c:17]([H:38])[c:22]([P:29](=[O:2])([O:6][C:27]([C:25]([H:41])([H:42])[H:43])([H:47])[H:48])[C:28]([C:26]([H:44])([H:45])[H:46])([H:49])[H:50])[c:18]([H:39])[c:14]3[H:35])[H:40])[c:10]2[H:31])[c:16]1[H:37],50,unassigned_atom_type,1;28,"Atoms 1, 28 could not be assigned a bond charge correction atom type."
spice-pubchem,9320.npz,CN1CCN2CCN(C)P1N(C)CC2,[H][C]([H])([H])[N]1[P]2[N]([C]([H])([H])[H])[C]([H])([H])[C]([H])([H])[N]([C]([H])([H])[C]1([H])[H])[C]([H])([H])[C]([H])([H])[N]2[C]([H])([H])[H],[N:1]1([C:6]([H:15])([H:16])[H:17])[P:5]2[N:2]([C:7]([H:18])([H:19])[H:20])[C:10]([H:26])([H:27])[C:13]([H:32])([H:33])[N:4]([C:12]([H:30])([H:31])[C:9]1([H:24])[H:25])[C:14]([H:34])([H:35])[C:11]([H:28])([H:29])[N:3]2[C:8]([H:21])([H:22])[H:23],35,unassigned_atom_type,4,Atoms 4 could not be assigned a bond charge correction atom type.
spice-pubchem,9323.npz,C[C@H]1CC[C@H](C)P1CCP1[C@@H](C)CC[C@@H]1C,[H][C]([H])([P]1[C@@]([H])([C]([H])([H])[H])[C]([H])([H])[C]([H])([H])[C@]1([H])[C]([H])([H])[H])[C]([H])([H])[P]1[C@@]([H])([C]([H])([H])[H])[C]([H])([H])[C]([H])([H])[C@]1([H])[C]([H])([H])[H],[P:1]1([C:3]([C:4]([P:2]2[C@:15]([C:7]([H:27])([H:28])[H:29])([H:43])[C:11]([H:37])([H:38])[C:12]([H:39])([H:40])[C@@:16]2([C:8]([H:30])([H:31])[H:32])[H:44])([H:19])[H:20])([H:17])[H:18])[C@:13]([C:5]([H:21])([H:22])[H:23])([H:41])[C:9]([H:33])([H:34])[C:10]([H:35])([H:36])[C@@:14]1([C:6]([H:24])([H:25])[H:26])[H:42],44,unassigned_atom_type,0;1,"Atoms 0, 1 could not be assigned a bond charge correction atom type."
spice-pubchem,9326.npz,CC(C)(C)P(c1ccccc1-c1ccccc1)C(C)(C)C,[H][c]1[c]([H])[c]([H])[c](-[c]2[c]([H])[c]([H])[c]([H])[c]([H])[c]2[P]([C]([C]([H])([H])[H])([C]([H])([H])[H])[C]([H])([H])[H])[C]([C]([H])([H])[H])([C]([H])([H])[H])[C]([H])([H])[H])[c]([H])[c]1[H],[c:1]1([H:22])[c:2]([H:23])[c:6]([H:27])[c:10](-[c:11]2[c:8]([H:29])[c:4]([H:25])[c:5]([H:26])[c:9]([H:30])[c:12]2[P:13]([C:20]([C:14]([H:31])([H:32])[H:33])([C:15]([H:34])([H:35])[H:36])[C:16]([H:37])([H:38])[H:39])[C:21]([C:17]([H:40])([H:41])[H:42])([C:18]([H:43])([H:44])[H:45])[C:19]([H:46])([H:47])[H:48])[c:7]([H:28])[c:3]1[H:24],48,unassigned_atom_type,12,Atoms 12 could not be assigned a bond charge correction atom type.
spice-pubchem,9352.npz,CCNC(=O)Nc1ccc2ncc(-c3ccc(OP(=O)(O)O)c(OC)c3)nc2n1,[H][O][P](=[O])([O][H])[O][c]1[c]([H])[c]([H])[c](-[c]2[n][c]3[n][c]([N]([H])[C](=[O])[N]([H])[C]([H])([H])[C]([H])([H])[H])[c]([H])[c]([H])[c]3[n][c]2[H])[c]([H])[c]1[O][C]([H])([H])[H],[O:1]=[C:10]([N:24]([c:13]1[n:4][c:22]2[n:3][c:12](-[c:20]3[c:15]([H:34])[c:14]([H:33])[c:18]([O:9][P:29](=[O:2])([O:7][H:30])[O:8][H:31])[c:19]([O:6][C:26]([H:40])([H:41])[H:42])[c:16]3[H:35])[c:11]([H:32])[n:5][c:23]2[c:21]([H:37])[c:17]1[H:36])[H:38])[N:25]([C:28]([C:27]([H:43])([H:44])[H:45])([H:46])[H:47])[H:39],47,unassigned_atom_type,1;28,"Atoms 1, 28 could not be assigned a bond charge correction atom type."
spice-pubchem,9360.npz,CC(C)CP(=S)(S)CC(C)C,[H][S][P](=[S])([C]([H])([H])[C]([H])([C]([H])([H])[H])[C]([H])([H])[H])[C]([H])([H])[C]([H])([C]([H])([H])[H])[C]([H])([H])[H],[S:1]=[P:11]([S:2][H:12])([C:9]([C:7]([C:3]([H:13])([H:14])[H:15])([C:4]([H:16])([H:17])[H:18])[H:25])([H:27])[H:28])[C:10]([C:8]([C:5]([H:19])([H:20])[H:21])([C:6]([H:22])([H:23])[H:24])[H:26])([H:29])[H:30],30,unassigned_atom_type,0;10,"Atoms 0, 10 could not be assigned a bond charge correction atom type."
spice-pubchem,9361.npz,OP(O)OP(O)O,[H][O][P]([O][H])[O][P]([O][H])[O][H],[O:1]([P:6]([O:2][H:9])[O:5][P:7]([O:3][H:10])[O:4][H:11])[H:8],11,unassigned_atom_type,4;5;6,"Atoms 4, 5, 6 could not be assigned a bond charge correction atom type."
spice-pubchem,9461.npz,Cn1ccnc1P(=S)(c1nccn1C)N1CCOCC1,[H][C]1=[C]([H])[N]([C]([H])([H])[H])[C]([P](=[S])([C]2=[N][C]([H])=[C]([H])[N]2[C]([H])([H])[H])[N]2[C]([H])([H])[C]([H])([H])[O][C]([H])([H])[C]2([H])[H])=[N]1,[S:1]=[P:20]([C:5]1=[N:2][C:7]([H:21])=[C:9]([H:23])[N:11]1[C:14]([H:25])([H:26])[H:27])([C:6]1=[N:3][C:8]([H:22])=[C:10]([H:24])[N:12]1[C:15]([H:28])([H:29])[H:30])[N:13]1[C:18]([H:35])([H:36])[C:16]([H:31])([H:32])[O:4][C:17]([H:33])([H:34])[C:19]1([H:37])[H:38],38,unassigned_atom_type,0;19,"Atoms 0, 19 could not be assigned a bond charge correction atom type."
spice-pubchem,9463.npz,CN(C)c1ccc2c(c1)N=C(c1ccco1)OP2(=S)N1CCOCC1,[H][C]1=[C]([H])[C]([H])=[C]([C]2=[N][c]3[c]([H])[c]([N]([C]([H])([H])[H])[C]([H])([H])[H])[c]([H])[c]([H])[c]3[P](=[S])([N]3[C]([H])([H])[C]([H])([H])[O][C]([H])([H])[C]3([H])[H])[O]2)[O]1,[S:1]=[P:25]1([N:18]2[C:23]([H:42])([H:43])[C:21]([H:38])([H:39])[O:4][C:22]([H:40])([H:41])[C:24]2([H:44])[H:45])[O:5][C:6]([C:10]2=[C:9]([H:28])[C:8]([H:27])=[C:7]([H:26])[O:3]2)=[N:2][c:14]2[c:12]([H:30])[c:15]([N:17]([C:19]([H:32])([H:33])[H:34])[C:20]([H:35])([H:36])[H:37])[c:11]([H:29])[c:13]([H:31])[c:16]21,45,unassigned_atom_type,0;24,"Atoms 0, 24 could not be assigned a bond charge correction atom type."
spice-pubchem,9464.npz,O=P(Nc1nccs1)(c1ccccc1)c1nc2ccccc2s1,[H][C]1=[C]([H])[S][C]([N]([H])[P](=[O])([C]2=[N][c]3[c]([H])[c]([H])[c]([H])[c]([H])[c]3[S]2)[c]2[c]([H])[c]([H])[c]([H])[c]([H])[c]2[H])=[N]1,[O:1]=[P:23]([C:7]1=[N:3][c:19]2[c:15]([H:31])[c:11]([H:27])[c:12]([H:28])[c:16]([H:32])[c:20]2[S:5]1)([c:21]1[c:17]([H:33])[c:13]([H:29])[c:10]([H:26])[c:14]([H:30])[c:18]1[H:34])[N:22]([C:6]1=[N:2][C:8]([H:24])=[C:9]([H:25])[S:4]1)[H:35],35,unassigned_atom_type,0;22,"Atoms 0, 22 could not be assigned a bond charge correction atom type."
spice-pubchem,9525.npz,O=P1(NC2CCCC2)COc2ccccc2OC1,[H][c]1[c]([H])[c]([H])[c]2[c]([c]1[H])[O][C]([H])([H])[P](=[O])([N]([H])[C]1([H])[C]([H])([H])[C]([H])([H])[C]([H])([H])[C]1([H])[H])[C]([H])([H])[O]2,[O:1]=[P:18]1([N:10]([C:15]2([H:32])[C:13]([H:28])([H:29])[C:11]([H:24])([H:25])[C:12]([H:26])([H:27])[C:14]2([H:30])[H:31])[H:23])[C:16]([H:33])([H:34])[O:2][c:8]2[c:6]([H:21])[c:4]([H:19])[c:5]([H:20])[c:7]([H:22])[c:9]2[O:3][C:17]1([H:35])[H:36],36,unassigned_atom_type,0;17,"Atoms 0, 17 could not be assigned a bond charge correction atom type."
spice-pubchem,954.npz,N=C(CC1CCCCC1)P(=O)(O)CC(Cc1ccc(F)c(Cl)c1)C(=O)O,[H][N]=[C]([C]([H])([H])[C]1([H])[C]([H])([H])[C]([H])([H])[C]([H])([H])[C]([H])([H])[C]1([H])[H])[P](=[O])([O][H])[C]([H])([H])[C]([H])([C](=[O])[O][H])[C]([H])([H])[c]1[c]([H])[c]([H])[c]([F])[c]([Cl])[c]1[H],[O:1]=[C:8]([O:6][H:28])[C:23]([C:17]([c:15]1[c:11]([H:31])[c:10]([H:30])[c:13]([F:3])[c:14]([Cl:4])[c:12]1[H:32])([H:35])[H:36])([C:25]([P:26](=[O:2])([O:7][H:29])[C:9](=[N:5][H:27])[C:16]([C:24]1([H:48])[C:21]([H:43])([H:44])[C:19]([H:39])([H:40])[C:18]([H:37])([H:38])[C:20]([H:41])([H:42])[C:22]1([H:45])[H:46])([H:33])[H:34])([H:49])[H:50])[H:47],50,unassigned_atom_type,1;25,"Atoms 1, 25 could not be assigned a bond charge correction atom type."
spice-pubchem,957.npz,CC1(C)O[C@H](COP(=O)(O)O)[C@H](C(N)=O)O1,[H][O][P](=[O])([O][H])[O][C]([H])([H])[C@@]1([H])[O][C]([C]([H])([H])[H])([C]([H])([H])[H])[O][C@@]1([H])[C](=[O])[N]([H])[H],[O:1]=[C:8]([N:9]([H:19])[H:20])[C@:14]1([H:29])[O:3][C:12]([C:10]([H:21])([H:22])[H:23])([C:11]([H:24])([H:25])[H:26])[O:4][C@@:15]1([C:13]([O:7][P:16](=[O:2])([O:5][H:17])[O:6][H:18])([H:27])[H:28])[H:30],30,unassigned_atom_type,1;15,"Atoms 1, 15 could not be assigned a bond charge correction atom type."
spice-pubchem,9584.npz,COCCN(Cc1ccccc1)P(=O)(O)c1ccccc1OCC(=O)O,[H][O][C](=[O])[C]([H])([H])[O][c]1[c]([H])[c]([H])[c]([H])[c]([H])[c]1[P](=[O])([O][H])[N]([C]([H])([H])[c]1[c]([H])[c]([H])[c]([H])[c]([H])[c]1[H])[C]([H])([H])[C]([H])([H])[O][C]([H])([H])[H],[O:1]=[C:7]([O:3][H:27])[C:22]([O:4][c:17]1[c:13]([H:34])[c:9]([H:30])[c:12]([H:33])[c:16]([H:37])[c:19]1[P:26](=[O:2])([O:6][H:28])[N:20]([C:23]([c:18]1[c:14]([H:35])[c:10]([H:31])[c:8]([H:29])[c:11]([H:32])[c:15]1[H:36])([H:43])[H:44])[C:25]([C:24]([O:5][C:21]([H:38])([H:39])[H:40])([H:45])[H:46])([H:47])[H:48])([H:41])[H:42],48,unassigned_atom_type,1;25,"Atoms 1, 25 could not be assigned a bond charge correction atom type."
spice-pubchem,9585.npz,O=C(Oc1ccccc1)c1c(Cl)cccc1P(=O)(O)O,[H][O][P](=[O])([O][H])[c]1[c]([H])[c]([H])[c]([H])[c]([Cl])[c]1[C](=[O])[O][c]1[c]([H])[c]([H])[c]([H])[c]([H])[c]1[H],[O:1]=[C:7]([O:4][c:17]1[c:13]([H:28])[c:9]([H:24])[c:8]([H:23])[c:10]([H:25])[c:14]1[H:29])[c:18]1[c:16]([Cl:3])[c:12]([H:27])[c:11]([H:26])[c:15]([H:30])[c:19]1[P:20](=[O:2])([O:5][H:21])[O:6][H:22],30,unassigned_atom_type,1;19,"Atoms 1, 19 could not be assigned a bond charge correction atom type."
spice-pubchem,9586.npz,CC(C)(C)C(=O)NC(=C(Cl)Cl)P(=O)(O)O,[H][O][P](=[O])([O][H])[C](=[C]([Cl])[Cl])[N]([H])[C](=[O])[C]([C]([H])([H])[H])([C]([H])([H])[H])[C]([H])([H])[H],[O:1]=[C:7]([N:10]([C:9](=[C:8]([Cl:3])[Cl:4])[P:15](=[O:2])([O:5][H:16])[O:6][H:17])[H:18])[C:14]([C:11]([H:19])([H:20])[H:21])([C:12]([H:22])([H:23])[H:24])[C:13]([H:25])([H:26])[H:27],27,unassigned_atom_type,1;14,"Atoms 1, 14 could not be assigned a bond charge correction atom type."
spice-pubchem,972.npz,O=P([O-])(O)C(O)(CC1=CCC=NC1)P(=O)([O-])O,[H][O][C]([C]([H])([H])[C]1=[C]([H])[C]([H])([H])[C]([H])=[N][C]1([H])[H])([P](=[O])([O-])[O][H])[P](=[O])([O-])[O][H],[O:1]=[P:16]([O-:3])([O:7][H:19])[C:15]([O:6][H:18])([C:14]([C:11]1=[C:10]([H:22])[C:13]([H:25])([H:26])[C:9]([H:21])=[N:5][C:12]1([H:23])[H:24])([H:27])[H:28])[P:17](=[O:2])([O-:4])[O:8][H:20],28,unassigned_atom_type,0;1;2;3;15;16,"Atoms 0, 1, 2, 3, 15, 16 could not be assigned a bond charge correction atom type."
spice-pubchem,9748.npz,O=C(Nc1ccc(-n2ccnc2P(=O)(O)c2ccccc2)cc1)c1ccccc1Br,[H][O][P](=[O])([C]1=[N][C]([H])=[C]([H])[N]1[c]1[c]([H])[c]([H])[c]([N]([H])[C](=[O])[c]2[c]([H])[c]([H])[c]([H])[c]([H])[c]2[Br])[c]([H])[c]1[H])[c]1[c]([H])[c]([H])[c]([H])[c]([H])[c]1[H],[O:1]=[C:6]([c:24]1[c:16]([H:40])[c:12]([H:36])[c:11]([H:35])[c:15]([H:39])[c:23]1[Br:3])[N:28]([c:25]1[c:17]([H:41])[c:19]([H:43])[c:26]([N:29]2[C:7]([P:30](=[O:2])([O:5][H:31])[c:27]3[c:21]([H:45])[c:13]([H:37])[c:10]([H:34])[c:14]([H:38])[c:22]3[H:46])=[N:4][C:8]([H:32])=[C:9]2[H:33])[c:20]([H:44])[c:18]1[H:42])[H:47],47,unassigned_atom_type,1;29,"Atoms 1, 29 could not be assigned a bond charge correction atom type."
spice-pubchem,9988.npz,CN(C)CP(=O)(Nc1ccccc1)N(C)C,[H][c]1[c]([H])[c]([H])[c]([N]([H])[P](=[O])([N]([C]([H])([H])[H])[C]([H])([H])[H])[C]([H])([H])[N]([C]([H])([H])[H])[C]([H])([H])[H])[c]([H])[c]1[H],[O:1]=[P:16]([N:9]([c:7]1[c:5]([H:20])[c:3]([H:18])[c:2]([H:17])[c:4]([H:19])[c:6]1[H:21])[H:22])([N:10]([C:13]([H:29])([H:30])[H:31])[C:14]([H:32])([H:33])[H:34])[C:15]([N:8]([C:11]([H:23])([H:24])[H:25])[C:12]([H:26])([H:27])[H:28])([H:35])[H:36],36,unassigned_atom_type,0;15,"Atoms 0, 15 could not be assigned a bond charge correction atom type."
